=~=~=~=~=~=~=~=~=~=~=~= PuTTY log 2021.05.16 18:46:21 =~=~=~=~=~=~=~=~=~=~=~=,,
451,338,628
97,452,697
-167,585,798
-407,686,1022
-507,812,1219
-543,898,1307
-526,947,1391
-440,1062,1396
-306,1090,1395
-236,1136,1477
-60,1177,1552
34,1143,1778
54,1096,1921
104,1120,2058
60,1068,2184
-81,1035,2253
-114,953,2316
234,869,2265
458,757,2233
802,732,2226
1215,671,2248
1482,551,2311
1953,528,2511
2171,415,2569
2608,388,2712
2691,293,2708
2889,199,2747
2858,196,2741
2788,108,2612
2617,135,2365
2364,156,2082
2033,194,1908
1619,174,1775
1283,167,1678
772,113,1584
427,130,1479
49,152,1204
-209,112,979
-539,151,689
-709,151,369
-856,113,185
-1003,23,40
-1113,23,-67
-1130,34,-204
-1013,82,-251
-739,156,-330
-522,286,-229
-223,355,-36
-36,420,201
207,518,658
443,648,945
660,820,1451
804,997,1813
987,1094,2512
1147,1245,3204
1486,1433,3663
1585,1501,4429
1565,1579,4907
1549,1544,5587
1440,1546,5954
1323,1384,6009
1177,1300,5727
1078,1146,5201
817,949,4690
516,833,3904
240,566,3339
-189,329,2381
-453,40,1726
-855,-143,729
-1123,-424,-248
-1336,-699,-799
-1365,-856,-1511
-1392,-1022,-2047
-1260,-1137,-2209
-1075,-1218,-2360
-897,-1232,-2130
-646,-1228,-1651
-408,-1203,-1199
-142,-1158,-600
170,-1073,-122
367,-863,57
573,-666,269
697,-349,444
826,-195,686
849,54,1047
809,209,1324
699,400,1683
568,571,1872
468,655,2167
261,779,2321
94,819,2344
-85,899,2318
-357,925,2143
-574,952,2035
-888,952,1846
-1014,842,1556
-1208,698,1284
-1233,582,878
-1227,426,553
-1174,422,60
-1062,333,-93
-1077,210,-135
-1435,479,753
-3392,-418,1520
-2334,-1237,1714
-1294,-1842,-339
389,-1644,-2397
1887,-1313,-5048
2991,-924,-6120
3435,-806,-5834
3708,-821,-4435
3922,-910,-2560
3900,-960,-1350
3679,-952,10
3529,-824,737
3188,-568,861
2624,-396,688
2155,-90,442
1035,195,-122
537,350,-64
-447,310,467
-1244,-165,1539
-1842,-442,1719
-2178,-377,876
-1771,-166,-51
-1526,-133,-384
-1164,-381,-185
-853,-877,542
-563,-1386,867
333,-1442,57
995,-1056,-1166
2237,-614,-2736
2806,-176,-3032
3015,-219,-2494
2660,-304,-1113
2254,-458,384
1589,-387,1068
888,-272,1646
415,45,1624
-278,306,1341
-702,660,1103
-1362,838,1089
-1905,900,1313
-2214,837,1502
-2523,793,1822
-2547,697,2180
-2518,540,2586
-2339,280,3236
-2115,-273,2854
-1478,-291,1887
-322,-115,232
421,-211,-529
1170,-332,-1024
1607,-781,-827
1882,-1204,-510
2062,-1454,-378
2345,-1511,-862
2427,-1258,-1283
2498,-1024,-1656
2365,-1024,-1247
2205,-1227,-597
1708,-1386,-76
1338,-1507,551
1061,-1528,698
907,-1353,667
738,-1259,745
791,-1187,681
787,-1117,415
800,-1048,-152
934,-763,-607
907,-620,-1040
817,-543,-1082
542,-534,-702
279,-683,-202
-60,-717,-219
-332,-520,-691
-412,-183,-1175
-439,182,-1599
-554,339,-1481
-635,393,-1057
-876,407,-160
-971,322,836
-1042,257,1238
-1050,284,1507
-1154,427,1378
-1062,540,904
-927,710,552
-729,752,479
-713,764,726
-593,686,1006
-330,522,1387
-204,243,1631
86,176,1661
435,123,1480
946,78,1195
1097,-50,992
1183,-209,676
1233,-396,127
1195,-558,-352
923,-528,-1073
839,-538,-1476
532,-549,-1808
195,-561,-1845
54,-537,-1681
-180,-510,-1310
-321,-614,-935
-488,-629,-791
-306,-625,-669
-202,-498,-569
74,-449,-531
332,-432,-441
546,-327,-378
927,-305,-67
1046,-314,209
1230,-455,514
1327,-556,452
1681,-538,171
2064,-460,-281
2305,-328,-507
2575,-259,-585
2666,-238,-369
2665,-273,-81
2650,-270,255
2697,-195,457
2616,-104,799
2549,-104,942
2106,-245,823
2297,-169,2
2204,97,-641
1980,310,-1616
1859,641,-1995
1466,882,-2019
1148,1063,-1435
639,1124,-842
305,1132,-66
170,1267,296
189,1449,509
195,1689,536
215,1854,575
146,2023,765
16,1982,961
-79,1939,1274
-263,1813,1348
-377,1665,1415
-463,1432,1409
-498,1249,1212
-704,1031,900
-720,677,600
-924,410,-105
-859,72,-657
-615,-89,-1698
-427,-312,-2306
-504,-207,-2300
-1613,-246,-1550
-2993,-1631,-847
-1892,-2718,-1374
137,-2710,-4034
1998,-2241,-7194
3309,-1741,-9205
5001,-1668,-9524
6530,-1828,-8614
8025,-2166,-7012
9007,-2294,-5663
10226,-2153,-4919
11086,-1920,-3946
11325,-1485,-3016
11125,-1051,-2009
10404,-687,-1293
9110,-640,-79
7779,-868,1007
6474,-1264,1570
4690,-1180,966
3782,-627,-1153
2941,-39,-2358
1681,151,-3194
802,-5,-2928
-507,-248,-2755
-1707,-191,-2773
-2336,23,-3212
-2928,311,-3454
-3385,457,-3661
-3643,598,-3510
-3857,556,-3053
-3928,528,-2491
-3891,553,-2127
-3650,618,-1642
-3194,695,-1149
-2925,718,-790
-2426,717,-191
-1825,654,382
-1390,571,753
-692,540,1146
-157,479,1501
605,415,1682
1137,369,1809
1857,225,1837
2383,139,1890
2775,-57,1816
3142,-143,1565
3309,-262,1135
3384,-375,805
3365,-467,404
3308,-588,113
3017,-649,-419
2858,-690,-938
2505,-785,-1255
2190,-754,-1579
2081,-823,-1738
1847,-949,-1675
1863,-973,-1549
1718,-1050,-1256
1689,-1142,-928
1728,-1312,-489
1807,-1512,-167
1858,-1678,-21
2139,-1755,61
2334,-1802,156
2559,-1939,287
2642,-2074,416
2866,-2222,442
3171,-2251,475
3329,-2305,464
3393,-2400,480
3420,-2429,506
3363,-2492,528
3168,-2513,522
2722,-2533,608
2252,-2568,329
1416,-2338,-56
775,-2152,-562
483,-1848,-789
166,-1796,-581
61,-1959,28
87,-1969,360
195,-1961,810
435,-1919,1130
725,-1864,1667
807,-1806,2128
1138,-1755,2497
1166,-1717,2785
1165,-1775,2861
1800,-1821,2745
2463,-1756,2334
2753,-1616,1674
3305,-1464,1197
3782,-1353,590
4144,-1194,188
4341,-1083,-91
4454,-989,-471
4381,-782,-1015
4065,-559,-1314
3637,-399,-1578
3258,-337,-1500
2883,-451,-1287
2307,-430,-1151
2266,-96,-1357
1258,-123,-1769
1811,-206,-1759
2718,-477,-1749
191,-788,-1575
-1082,-735,-1346
-2873,21,-2161
-6159,928,-2548
-8503,1352,-2320
-9903,1529,-1130
-11828,1238,-221
-13272,999,657
-14048,947,571
-14000,1084,4
-13663,1245,-1313
-12792,1424,-2551
-12276,1442,-3253
-11167,1387,-4217
-10137,1432,-5151
-8785,1641,-5602
-7866,1669,-5449
-6940,1700,-5114
-5935,1779,-4244
-5319,1910,-3047
-4948,2024,-1609
-4544,2133,-490
-4516,2174,1069
-4581,2297,2370
-4741,2313,2823
-5226,2682,2730
-5505,3211,4417
-5890,2689,6045
-7117,2032,8097
-7755,939,8730
-8260,114,7937
-8529,-230,5491
-8681,-479,1985
-8627,-726,-505
-8458,-975,-3618
-7478,-1399,-6832
-8842,-1183,-8373
-10494,-941,-9362
-11909,-908,-9432
-12856,-654,-8793
-14093,-472,-8078
-15039,-358,-6851
-15753,-141,-5653
-16592,78,-4745
-16642,633,-4645
-16051,1570,-4904
-15779,2389,-4774
-15956,3247,-3814
-16182,3590,-2518
-16435,3659,-1782
-16458,3645,-1087
-16285,3488,-963
-15857,3417,-1140
-14971,3286,-1425
-14138,3143,-1943
-13072,2740,-2301
-12381,2189,-2501
-11429,1648,-2514
-10275,1420,-2545
-9342,1008,-2007
-8753,362,-1099
-8188,-241,-469
-7366,-504,217
-7041,-878,634
-6367,-920,725
-5528,-910,625
-5048,-873,525
-4149,-832,547
-3717,-932,495
-3326,-1137,610
-2914,-1849,958
-3352,-2475,1297
-3745,-2995,1026
-4373,-3235,451
-4889,-3345,-527
-5369,-3461,-1582
-5428,-3474,-2400
-5488,-3627,-2716
-5256,-3795,-2963
-5132,-3969,-3198
-4860,-4001,-3203
-4718,-4003,-3142
-4701,-3765,-3110
-5062,-3378,-3366
-5865,-2512,-3406
-6910,-2208,-2946
-8096,-2312,-1785
-9205,-2494,-521
-10017,-2795,471
-11671,-2625,777
-13508,-2259,940
-15299,-1963,982
-16317,-1503,785
-17051,-1260,619
-16944,-829,307
-15759,-408,-435
-14879,-77,-941
-13376,-714,-319
-11992,-1367,724
-10867,-2054,1222
-8970,-2671,1364
-6959,-2350,1121
-5525,-1997,104
-4513,-1257,-996
-3701,-182,-1734
-3435,781,-2404
-3375,1122,-2271
-3649,1634,-1587
-4363,1809,-837
-5390,1600,617
-6074,1182,2079
-7027,921,2702
-7750,926,3097
-8195,1037,3065
-8773,1135,2974
-9322,1140,2657
-9801,1009,2354
-10526,999,2018
-11123,1032,1307
-11582,1245,450
-12102,1629,-153
-12437,1832,-967
-12649,2143,-1623
-12582,2465,-1900
-12433,2787,-1954
-12029,3024,-1798
-11918,3353,-1488
-11557,3590,-1056
-10376,3494,-943
-9006,3867,-1165
-8832,4139,-1113
-8213,4141,2
-7755,3506,1142
-7616,2855,3041
-7569,1884,4148
-7273,1365,5037
-6862,1496,5086
-6603,2119,4672
-6602,2778,4059
-6687,3166,3590
-7213,3297,3401
-8039,3602,2973
-8629,4200,2205
-9201,5315,1451
-10392,6515,1070
-11925,7367,834
-13544,7880,1456
-15175,8322,2193
-17041,8444,3414
-18794,8554,4178
-20020,9071,4284
-21376,9646,4246
-21918,10208,3867
-22465,10590,3483
-22784,10318,3491
-22666,9644,3557
-22364,9198,3387
-21130,8636,2781
-19992,8102,1862
-17629,7593,1133
-14848,7111,7
-12757,6309,-1009
-9353,5267,-1548
-5851,4225,-2182
-2374,3580,-2667
-285,2662,-3011
2749,1857,-3083
5306,1444,-3029
6599,954,-2763
8160,611,-2417
9182,378,-1727
9393,213,-1091
8817,-9,-647
7853,-125,-157
6928,-95,-128
5267,106,-739
4148,521,-1686
2111,698,-2253
-75,666,-2944
-1343,490,-3515
-2949,501,-4613
-3843,582,-5914
-4791,524,-6556
-5642,235,-7014
-5899,-304,-7070
-6174,-882,-7029
-6146,-1241,-6881
-5906,-1381,-6786
-5597,-1384,-6417
-5361,-1250,-6070
-4697,-919,-5329
-4145,-610,-4356
-4190,-279,-3027
-4302,-85,-2100
-4572,202,-993
-4526,570,-376
-4490,1196,-172
-4012,1655,-121
-3942,2377,-363
-3554,2664,-436
-2723,2239,-567
-2189,1676,-979
-1808,610,-1307
-847,-635,-1891
-116,-1608,-2500
148,-2858,-3240
517,-3542,-3932
568,-3733,-5087
545,-3589,-6053
296,-3208,-6400
-224,-2976,-6488
-786,-2642,-5892
-1640,-2329,-5315
-2697,-2092,-4409
-3680,-1886,-3629
-4234,-1594,-3071
-5151,-1258,-2814
-5730,-1039,-2645
-6106,-1009,-2556
-6327,-1138,-2549
-6372,-1401,-2597
-6312,-1739,-2657
-6231,-2007,-2817
-6130,-2367,-2904
-6047,-2596,-3159
-6009,-2972,-3371
-6292,-3516,-3598
-6493,-3843,-3929
-6596,-4260,-4548
-6612,-4456,-5109
-6453,-4474,-5997
-6295,-4434,-6644
-5989,-4414,-7037
-5870,-4381,-7136
-5657,-4363,-7124
-5573,-4198,-6980
-5460,-3828,-6771
-5282,-3285,-6525
-4963,-2598,-6242
-4434,-1798,-5680
-3802,-1251,-4785
-3352,-486,-3582
-2472,110,-2609
-1579,492,-1130
-565,949,317
43,1184,1212
798,1257,2075
1114,1361,2254
1375,1446,1948
1443,1458,997
1491,1467,186
1444,1454,-1065
1326,1239,-1898
1128,853,-2850
939,462,-3605
799,45,-4082
415,-82,-5093
227,-122,-5604
-93,38,-6203
-196,223,-6597
-491,637,-6689
-626,738,-6417
-758,1013,-5742
-548,603,-5277
-375,299,-5110
-261,111,-5539
-306,352,-6002
-140,535,-6227
-145,450,-6110
-270,331,-5639
-518,123,-5294
-916,-130,-5040
-1290,-305,-4813
-1656,-295,-4858
-1839,-88,-4955
-1872,180,-5043
-1825,284,-5161
-1803,552,-5277
-1725,779,-5485
-1706,945,-5573
-1654,1363,-5525
-1540,1573,-5087
-1530,1624,-4395
-1594,1757,-3534
-1725,2001,-2854
-1873,2256,-1710
-2013,2392,-498
-2236,2477,516
-2588,2553,1056
-2878,2614,1558
-3032,2693,1830
-3159,2685,1929
-3293,2518,1974
-3297,2234,1974
-3456,1778,1973
-3707,1401,2134
-3961,840,2579
-4631,489,3239
-5346,-117,3508
-6234,-573,2548
-7463,-597,1844
-8072,-620,1117
-8295,-1035,293
-9219,-1353,-441
-9188,-1340,-1675
-8996,-1490,-2373
-8814,-1827,-2233
-8710,-2288,-2419
-8531,-2313,-3234
-7984,-2104,-3987
-7626,-1980,-4134
-7365,-2144,-3659
-7369,-2292,-2695
-7570,-2189,-1912
-7705,-1798,-1270
-7815,-1077,-936
-8248,-308,-882
-8799,78,-893
-9397,304,-853
-10486,350,-683
-10935,604,-851
-11083,779,-972
-11141,798,-1257
-10999,860,-1869
-10677,833,-2179
-9569,729,-2206
-8315,573,-2177
-7509,241,-1748
-6254,9,-1394
-5117,21,-966
-4441,135,-780
-3599,267,-431
-2917,596,-145
-2554,866,-55
-2089,1100,13
-1889,1312,68
-1912,1007,462
-1976,644,1411
-2073,175,2031
-2438,-20,2297
-2679,-124,2060
-2965,-74,1906
-3348,-44,1425
-3567,202,437
-4003,592,-448
-4514,757,-1367
-4858,721,-1490
-5954,77,-607
-6893,-488,1569
-7835,-1578,3437
-9331,-2345,5973
-11106,-2471,7545
-12284,-2440,8426
-13486,-2029,8585
-13986,-2136,9153
-15042,-2294,9587
-14898,-2523,9607
-14866,-2433,8245
-13299,-2997,7851
-12219,-3141,6468
-11053,-3991,5966
-10630,-5046,6162
-10850,-5390,5656
-9353,-4328,2730
-8626,-4457,2183
-9664,-5389,3737
-11599,-6161,5112
-11158,-8002,7695
-13129,-8413,9505
-14806,-8566,9482
-16311,-7719,8555
-18741,-7077,8072
-20368,-6811,8943
-22093,-6786,10701
-23122,-7028,12714
-24288,-6750,13401
-24648,-5739,12211
-26456,-4664,4737
-25980,135,-3062
-23263,3079,-6115
-20736,4535,-7944
-18000,4529,-7284
-14813,3893,-4837
-12957,2806,-1256
-10033,1688,1183
-8188,1238,4223
-7156,818,6378
-6260,642,7159
-5747,810,7509
-5284,1114,7083
-5247,1511,6666
-4962,1779,5880
-4779,2013,5157
-5013,2066,4697
-4959,2018,4069
-5206,1693,3468
-6208,1092,3171
-7674,644,2647
-8633,46,1793
-10223,-362,1077
-11648,-529,23
-12385,-618,-865
-13422,-806,-1384
-14332,-970,-1748
-15001,-1133,-1650
-15341,-1407,-1292
-15621,-1656,-980
-15573,-1861,-372
-15443,-2000,135
-15268,-2160,426
-15148,-2265,495
-14857,-2104,369
-14349,-1907,-28
-13927,-1613,-493
-13253,-1225,-754
-12392,-908,-1215
-11314,-646,-1504
-10021,-256,-1751
-9103,129,-1824
-7691,496,-1708
-6381,705,-1379
-5564,969,-948
-4608,1148,-587
-4010,1289,-209
-3774,1470,59
-3582,1680,173
-3560,1855,293
-3618,1999,382
-3847,2069,577
-3998,2119,731
-4302,2207,757
-4572,2303,783
-4832,2407,746
-5102,2586,656
-5227,2724,691
-5269,2747,852
-5319,2727,1030
-5371,2682,1324
-5404,2514,1567
-5505,2389,1672
-5514,2302,1596
-5538,2299,1328
-5659,2256,1125
-5743,2290,773
-5827,2252,613
-5900,2191,403
-5997,2145,426
-6066,2029,419
-6210,1988,464
-6234,1970,492
-6320,2093,546
-6485,2178,582
-6538,2259,869
-6668,2335,1146
-6889,2280,1627
-7051,2252,1916
-7364,2275,2030
-7565,2340,2013
-7567,2496,1956
-7434,2665,1967
-7005,2737,1994
-6701,2775,2178
-6251,2718,2337
-5939,2669,2482
-5761,2591,2408
-5642,2477,2305
-5579,2368,2168
-5582,2296,2100
-5655,2119,2005
-5834,2021,1872
-5945,1849,1744
-6098,1689,1684
-6163,1542,1605
-6185,1375,1500
-6200,1181,1366
-6123,1058,1156
-6097,860,881
-6018,722,625
-5909,646,205
-5870,547,-120
-5654,558,-552
-5616,392,-950
-5532,261,-1125
-5337,213,-1336
-5077,118,-1338
-4682,28,-1306
-4329,2,-1216
-4227,-101,-1090
-4032,-114,-938
-4105,-184,-729
-4219,-260,-524
-4457,-360,-391
-4877,-404,-246
-5119,-403,-200
-5494,-373,-174
-5795,-283,-167
-5929,-300,-31
-6190,-295,82
-6428,-339,317
-6682,-522,479
-7279,-728,487
-8047,-822,298
-8596,-872,-11
-9395,-834,-488
-10019,-727,-1030
-10325,-628,-1298
-10679,-580,-1395
-10884,-596,-1277
-10889,-602,-1078
-10800,-544,-861
-10647,-494,-664
-10384,-438,-413
-10068,-384,-67
-9922,-407,146
-9690,-462,443
-9458,-557,772
-9356,-755,893
-9262,-852,1007
-9145,-1023,847
-9022,-1172,600
-8858,-1232,170
-8555,-1323,-402
-8344,-1405,-863
-7999,-1479,-1622
-7722,-1490,-2292
-7471,-1566,-2890
-7331,-1637,-3422
-7090,-1665,-3675
-6982,-1710,-3870
-6906,-1692,-4041
-6857,-1546,-4123
-6671,-1346,-4148
-6480,-1055,-4049
-6293,-834,-3884
-6143,-526,-3529
-5916,-171,-3208
-5810,88,-2658
-5757,300,-1978
-5787,442,-1519
-5986,630,-930
-6282,800,-472
-6473,1030,-273
-6724,1205,-103
-6824,1455,-64
-6833,1627,-53
-6785,1696,-206
-6700,1830,-539
-6489,2068,-857
-6144,2177,-1487
-5767,2320,-2031
-5494,2415,-2331
-5147,2425,-2721
-4722,2430,-3107
-4335,2477,-3576
-3841,2533,-3844
-3436,2420,-3999
-3365,2213,-3881
-3309,1965,-3799
-3269,1745,-3796
-3215,1584,-3781
-3005,1447,-3751
-2445,1402,-4096
-1303,1859,-4541
-775,2067,-5352
-85,1946,-5615
-962,1800,-5552
-2002,1636,-5393
-3662,1544,-5396
-5125,1219,-5277
-6242,659,-5171
-8170,326,-5440
-9884,525,-6373
-11829,686,-6890
-12547,570,-6918
-13157,-30,-6672
-13807,55,-6653
-14619,9,-6634
-15007,-121,-6316
-13612,-578,-5262
-12236,-1483,-4635
-11812,-1220,-4265
-10147,-747,-4556
-9501,26,-4787
-8752,259,-4469
-8379,190,-3779
-8067,284,-2900
-7598,-31,-2154
-7667,-173,-1199
-8025,-215,-815
-8477,-183,-595
-9029,-342,-252
-9680,-625,346
-10369,-1211,769
-10763,-1590,963
-10752,-1885,902
-10815,-2042,196
-10775,-1383,-576
-10234,-1028,-1455
-9695,-730,-1875
-9015,-429,-1755
-7526,-580,-1150
-6122,-861,-44
-4671,-924,465
-3946,-708,349
-2905,-458,-85
-2404,-207,-598
-1985,-110,-855
-2001,-120,-1274
-2471,-157,-1841
-2940,-216,-2222
-3712,-131,-3008
-4717,5,-3811
-5309,322,-4306
-6252,466,-4398
-7075,466,-4221
-7575,511,-3777
-8046,522,-3380
-8328,516,-2674
-8478,581,-2139
-8623,650,-1862
-8695,670,-1497
-8696,606,-1168
-8593,532,-985
-8434,423,-857
-8311,168,-772
-8240,-72,-885
-8359,-216,-1030
-8624,-391,-1236
-9140,-766,-1293
-10097,-1083,-1270
-11034,-1488,-1306
-11712,-1800,-1395
-12858,-2025,-1483
-13948,-2197,-1554
-14997,-2278,-1717
-15904,-2401,-1763
-16306,-2475,-1639
-16684,-2520,-1493
-16785,-2492,-1113
-16706,-2569,-506
-16518,-2663,184
-16003,-2608,561
-15185,-2532,959
-14040,-2379,1082
-13143,-2109,1032
-11586,-1796,857
-10020,-1554,557
-8541,-1430,284
-7591,-1124,-33
-6467,-962,-225
-5545,-856,-430
-5114,-791,-453
-4773,-797,-532
-4898,-952,-270
-5283,-1182,382
-6376,-1381,857
-7169,-1464,1260
-7708,-1536,1266
-8707,-1513,1131
-9713,-1625,693
-10529,-1783,261
-10938,-1919,-126
-11170,-2098,-326
-11136,-2203,-473
-10943,-2317,-425
-10823,-2477,-268
-10629,-2512,-143
-10441,-2652,36
-10283,-2667,229
-10173,-2620,312
-9983,-2517,352
-9735,-2385,368
-9558,-2121,322
-9608,-1846,214
-9562,-1602,35
-9418,-1346,-55
-9188,-1272,-93
-9087,-1244,10
-8995,-1078,94
-9088,-864,166
-9114,-745,264
-9273,-501,412
-9462,-335,514
-9628,-261,666
-9848,-223,762
-10403,-145,783
-11065,-195,802
-11597,-310,793
-12334,-203,858
-12963,-58,961
-13440,-57,991
-14211,92,1168
-14502,332,1205
-14648,639,1032
-14546,561,660
-14564,259,544
-14153,-36,496
-13630,-289,198
-13396,-415,-382
-13209,-462,-690
-12878,-447,-731
-12716,-388,-419
-12931,-135,-127
-13282,-76,165
-13429,-2,431
-13309,-374,762
-13007,-819,899
-12520,-1140,979
-12328,-1543,655
-12327,-1403,201
-12515,-1192,-742
-12870,-1142,-1246
-13332,-1263,-1154
-13624,-1452,-963
-13878,-1552,-675
-14139,-1458,-709
-14178,-1332,-996
-14128,-1086,-1457
-13894,-836,-1717
-13569,-732,-2066
-13169,-697,-2194
-12920,-632,-2151
-12631,-629,-2127
-12567,-793,-2117
-12704,-960,-1848
-12730,-1173,-1542
-12615,-1434,-1240
-12308,-1536,-1054
-12060,-1521,-943
-11793,-1441,-1010
-11594,-1186,-1185
-11160,-967,-1246
-10599,-770,-1197
-10126,-751,-944
-9973,-739,-647
-9944,-798,-498
-10123,-808,-271
-10381,-822,-171
-10564,-839,-173
-10768,-820,-246
-10853,-797,-330
-10831,-817,-478
-10815,-863,-642
-10691,-830,-786
-10504,-824,-979
-10474,-841,-1088
-10435,-934,-1242
-10557,-1006,-1385
-10741,-1043,-1509
-10876,-1130,-1641
-10926,-1145,-1711
-10956,-1066,-1729
-10901,-953,-1675
-10723,-853,-1582
-10514,-735,-1415
-10484,-450,-1583
-10455,-89,-1726
-10478,111,-1814
-10430,102,-1678
-10436,66,-1503
-10502,-124,-1360
-10485,-76,-1289
-10423,33,-1113
-10326,157,-861
-10139,441,-348
-10198,583,311
-10083,853,880
-9832,1023,1984
-9806,1036,3074
-9781,946,3605
-9837,883,4100
-9917,780,4139
-10086,810,3877
-10055,859,3204
-9993,955,2567
-9881,877,2444
-10025,804,2351
-10399,920,1931
-10355,1141,1891
-10348,1162,1968
-10369,1040,2020
-10217,923,2129
-9981,795,2076
-9833,729,1817
-9764,631,1539
-9620,644,1030
-9461,625,457
-9308,615,136
-9013,653,-288
-8827,441,-608
-8332,561,-739
-7776,589,-711
-7411,508,-557
-6971,465,-224
-6521,446,-131
-6710,-67,-494
-6891,-187,-1263
-6297,-661,-2229
-6188,-1315,-3274
-6299,-1559,-5074
-6386,-1457,-6608
-6268,-1104,-7025
-6395,-694,-6402
-6708,-323,-5465
-6882,-124,-3439
-6784,156,-1052
-6946,161,477
-7236,92,2347
-7425,-174,3459
-7636,-493,3671
-7643,-696,3115
-7621,-989,1686
-7605,-1083,495
-7703,-1046,-1384
-7976,-1019,-2833
-8241,-1058,-3448
-8636,-1300,-3375
-9103,-1557,-2673
-9556,-1952,-1849
-9942,-2209,-1152
-10443,-2464,-955
-10966,-2549,-985
-11446,-2570,-1329
-11857,-2588,-1806
-12124,-2638,-2116
-12432,-2716,-2543
-12620,-2727,-2888
-12694,-2789,-3016
-12705,-2806,-3050
-12569,-2724,-2985
-12345,-2682,-2812
-12032,-2557,-2624
-11578,-2277,-2486
-11272,-1946,-2291
-10609,-1604,-2130
-9920,-1355,-1841
-9254,-1199,-1369
-8777,-1032,-1023
-8066,-844,-800
-6981,-909,-283
-6135,-1001,-43
-5942,-1233,-3
-5581,-1427,-176
-5365,-1459,-582
-5157,-1481,-957
-5244,-1602,-1140
-5445,-1796,-1282
-5708,-1927,-1405
-5916,-2090,-1595
-6360,-2229,-1802
-6756,-2279,-2105
-7167,-2318,-2433
-7600,-2473,-2702
-8015,-2629,-2911
-8577,-2802,-3308
-9241,-2909,-3687
-9994,-3042,-4160
-10465,-3008,-4779
-11041,-2895,-5057
-11425,-2778,-5311
-11583,-2700,-5223
-11603,-2730,-4662
-11581,-2806,-3825
-11448,-3076,-3163
-11387,-3321,-2040
-11445,-3460,-1125
-11481,-3527,-624
-11744,-3364,-546
-12100,-3214,-675
-12319,-3042,-968
-12390,-2838,-1301
-12307,-2691,-1620
-12130,-2673,-1739
-11818,-2677,-1893
-11451,-2554,-2262
-11295,-1985,-3294
-11264,-1990,-3557
-10727,-2194,-3327
-10423,-2695,-3370
-10600,-3028,-4308
-10440,-3350,-5931
-10318,-3401,-7417
-10109,-3418,-9356
-10048,-3429,-10685
-10209,-3569,-11242
-10162,-3753,-10708
-10047,-3966,-9545
-10192,-3984,-8699
-10445,-3664,-7327
-10585,-3311,-5958
-10668,-2803,-4399
-10715,-2380,-2679
-10777,-2093,-1658
-10609,-1855,-354
-10168,-1729,488
-9810,-1597,724
-9164,-1521,590
-8453,-1410,99
-8026,-1281,-697
-7568,-1163,-1253
-7201,-1127,-1935
-7013,-1186,-2326
-7090,-1264,-2503
-7288,-1354,-2466
-7642,-1336,-2376
-7959,-1227,-2196
-8276,-1063,-2062
-8451,-768,-1838
-8606,-403,-1753
-8725,-157,-1559
-8736,123,-1264
-8643,333,-1052
-8553,397,-772
-8543,326,-476
-8524,140,-379
-8563,-21,-391
-8678,-251,-655
-8805,-407,-983
-8815,-446,-1663
-8721,-407,-2513
-8491,-495,-2805
-8306,-529,-3106
-8051,-522,-3291
-7821,-477,-3300
-7605,-493,-3117
-7493,-522,-2603
-7397,-552,-2047
-7395,-644,-1578
-7160,-652,-1417
-6926,-646,-1338
-6733,-633,-1430
-6525,-626,-1508
-6156,-606,-1565
-5794,-606,-1673
-5360,-536,-1675
-5208,-541,-1622
-4852,-600,-1457
-4543,-613,-1144
-4302,-713,-728
-4322,-679,-481
-4668,-666,-164
-5008,-536,175
-5292,-347,453
-5829,-282,838
-6217,-179,1217
-6836,-31,1400
-7483,-17,1671
-7925,28,1802
-8486,-11,1868
-8963,5,1875
-9260,-23,1794
-9654,-79,1653
-9851,-180,1414
-10169,-313,1222
-10376,-410,909
-10512,-754,698
-10584,-837,285
-10575,-686,-661
-10061,-1124,-430
-9694,-1574,-475
-9200,-1957,-974
-8685,-2069,-1801
-7815,-2176,-2673
-7333,-2162,-3386
-6936,-2305,-3842
-7032,-2310,-4242
-6849,-2243,-4101
-6781,-2167,-3594
-6676,-1942,-3186
-6717,-1740,-2594
-6660,-1513,-1898
-6549,-1233,-1180
-6467,-1012,-561
-6319,-865,-128
-6082,-856,371
-5974,-825,471
-5893,-780,362
-5897,-735,-81
-5967,-649,-459
-6146,-469,-1069
-6266,-420,-1532
-6378,-349,-1817
-6509,-330,-1894
-6660,-317,-1855
-6767,-336,-1708
-6819,-354,-1530
-6934,-465,-1408
-6994,-521,-1284
-7145,-619,-1346
-7321,-675,-1488
-7636,-815,-1646
-7846,-877,-1888
-8100,-1041,-2184
-8190,-1171,-2430
-8285,-1251,-2573
-8305,-1285,-2889
-8168,-1262,-3091
-8077,-1256,-3270
-7885,-1319,-3241
-7643,-1355,-3145
-7345,-1373,-3001
-7201,-1317,-2874
-6971,-1186,-2836
-6759,-1050,-2800
-6632,-949,-2612
-6404,-875,-2296
-6202,-766,-2065
-6043,-699,-1605
-6038,-685,-1141
-5983,-694,-669
-6134,-779,-299
-6359,-829,-5
-6582,-850,14
-7101,-797,-88
-7683,-757,-384
-8117,-704,-559
-8749,-682,-898
-9178,-682,-1249
-9493,-795,-1465
-9807,-927,-1617
-10024,-993,-1890
-10014,-1025,-2357
-10050,-1014,-2758
-10144,-938,-2938
-10256,-944,-3143
-10356,-1057,-3056
-10499,-1210,-2824
-10646,-1339,-2528
-10625,-1407,-2348
-10311,-1402,-2092
-9912,-1318,-1644
-9653,-1314,-1070
-9198,-1269,-630
-8711,-1263,-76
-8109,-1332,554
-7827,-1550,1290
-7705,-1628,1494
-7674,-1554,1471
-7552,-1504,1411
-7491,-1571,1554
-7519,-1692,1660
-7539,-1692,1468
-7430,-1559,921
-7312,-1323,495
-7132,-1291,-154
-6725,-1135,-358
-6614,-1170,-380
-6942,-1045,-580
-6786,-863,-566
-6877,-675,-159
-7093,-351,189
-7465,-170,706
-7615,17,1295
-7719,180,1559
-7498,274,1800
-7283,331,1761
-6978,485,1533
-6726,511,1172
-6528,512,980
-6305,384,876
-6258,156,870
-6182,-124,859
-6295,-291,682
-6376,-450,518
-6594,-537,217
-6808,-743,108
-6985,-852,91
-7116,-983,163
-7198,-1158,265
-7178,-1287,303
-7063,-1344,234
-6925,-1358,182
-6589,-1313,90
-6229,-1324,109
-5875,-1249,239
-5453,-1217,382
-5188,-1137,572
-5110,-1042,945
-4953,-965,1236
-4794,-822,1745
-4664,-704,2236
-4484,-553,2524
-4053,-398,2858
-3778,-199,3061
-3555,-12,3022
-3264,191,2922
-2933,364,2861
-2689,587,2777
-2460,696,2655
-2530,831,2498
-2627,942,2186
-2671,1131,1861
-2889,1321,1589
-3095,1381,1298
-3416,1262,1424
-3611,1163,1431
-3958,1141,795
-4309,925,35
-4369,1082,-744
-4922,679,-2857
-5109,243,-5094
-5985,-195,-6523
-7066,-480,-8002
-7903,-877,-8554
-8366,-1304,-8369
-8986,-1560,-7653
-9621,-1656,-6394
-9899,-1584,-4859
-9888,-1420,-3122
-9455,-1185,-1926
-8820,-1032,-337
-8142,-941,881
-7644,-790,1458
-6774,-656,1889
-5931,-664,1880
-5426,-697,1661
-4731,-801,1020
-4149,-763,130
-3822,-917,-418
-3368,-1074,-1161
-3075,-1124,-1772
-2997,-1251,-2201
-3124,-1223,-2430
-3640,-1152,-2581
-4069,-1036,-2357
-4624,-943,-2065
-5078,-716,-1819
-5587,-446,-1507
-5933,-278,-1283
-5988,-17,-1085
-5952,130,-969
-5703,253,-986
-5441,399,-1105
-4983,545,-1251
-4486,688,-1590
-4175,818,-1718
-3796,840,-1809
-3474,805,-1860
-3419,797,-1857
-3437,833,-1917
-3340,847,-1988
-3354,942,-1974
-3364,940,-1928
-3370,988,-1794
-3359,975,-1577
-3252,1000,-1391
-2951,1010,-1113
-2655,934,-969
-2563,906,-943
-2835,918,-906
-3372,916,-772
-3777,833,-651
-4464,681,-267
-4938,478,155
-5626,322,310
-6285,239,498
-6611,128,576
-7023,21,561
-7239,-45,478
-7264,-55,334
-7143,26,216
-6783,37,153
-6350,6,189
-6085,23,266
-5811,-2,483
-5646,16,728
-5387,21,1080
-5256,68,1262
-4975,92,1653
-4830,203,1909
-4620,248,2026
-4449,326,2132
-4370,297,2161
-4285,234,2133
-4279,117,1996
-4316,-14,1826
-4447,-92,1430
-4541,-207,879
-4625,-221,479
-4657,-299,-85
-4595,-375,-660
-4493,-383,-915
-4250,-466,-1304
-3975,-519,-1525
-3551,-665,-1566
-3186,-765,-1530
-2986,-928,-1432
-2914,-1052,-1381
-2908,-1180,-1430
-2873,-1191,-1481
-2808,-1181,-1549
-2739,-1223,-1574
-2691,-1191,-1497
-2585,-1083,-1381
-2511,-912,-1230
-2407,-693,-1000
-2288,-502,-872
-2104,-304,-436
-2001,-216,-86
-2028,-73,83
-2243,-38,393
-2528,25,596
-2987,42,684
-3347,-15,683
-3851,-5,592
-4175,-30,348
-4587,-32,133
-4833,-82,-325
-4924,-159,-628
-4927,-238,-1114
-4706,-295,-1488
-4590,-320,-1670
-4335,-479,-1683
-4144,-577,-1689
-4027,-588,-1611
-3957,-734,-1436
-3938,-773,-1288
-3881,-814,-1130
-3856,-835,-1024
-3776,-828,-979
-3525,-832,-957
-3329,-853,-930
-3141,-822,-916
-2820,-807,-901
-2591,-749,-846
-2435,-722,-787
-2399,-701,-765
-2574,-693,-624
-2664,-718,-601
-2857,-740,-663
-3065,-674,-859
-3144,-623,-1229
-3006,-654,-1472
-2885,-691,-1700
-2903,-848,-1888
-2947,-1006,-1980
-3165,-1095,-2120
-3409,-1130,-2339
-3743,-1170,-2486
-3982,-1189,-2513
-4290,-1116,-2483
-4642,-1083,-2357
-4886,-1000,-2345
-4938,-889,-2334
-4972,-882,-2265
-5223,-1050,-1810
-5824,-1255,-1178
-6415,-1516,-608
-7544,-1675,-378
-8735,-1704,-268
-9896,-1727,-183
-10549,-1793,-5
-11474,-1976,130
-12191,-2173,79
-12432,-2307,-340
-12461,-2305,-1033
-12165,-2308,-1465
-11588,-2333,-2031
-10962,-2324,-2345
-10446,-2360,-2507
-9763,-2369,-2480
-9037,-2348,-2326
-8436,-2371,-2002
-7814,-2265,-1541
-7452,-2202,-1085
-6898,-2102,-839
-6344,-2016,-420
-5699,-1846,-140
-5292,-1587,98
-4678,-1415,286
-4110,-1391,594
-3867,-1194,755
-3666,-1040,933
-3586,-889,1001
-3612,-705,942
-3728,-530,845
-3819,-408,614
-3970,-254,451
-4147,-161,225
-4221,-26,-102
-4245,198,-309
-4235,174,-562
-4273,-23,-612
-4361,-212,-693
-4490,-270,-964
-4637,-395,-1439
-4747,-417,-1791
-4809,-383,-2272
-4815,-337,-2634
-4696,-260,-2793
-4460,-210,-2736
-4066,-214,-2487
-3596,-207,-2157
-3343,-273,-1600
-3249,-332,-1225
-3304,-373,-749
-3498,-379,-348
-3904,-303,-212
-4524,-179,-233
-4945,-24,-472
-5630,36,-590
-6317,-43,-642
-6785,-75,-770
-7231,-114,-1012
-7494,-112,-1381
-7508,-117,-1741
-7365,-164,-1931
-7224,-197,-2101
-6988,-329,-2097
-6834,-486,-2007
-6533,-619,-2010
-6170,-652,-2007
-5731,-623,-2002
-5381,-590,-1938
-4858,-536,-1810
-4453,-498,-1561
-4006,-460,-1254
-3774,-446,-936
-3554,-449,-712
-3437,-449,-389
-3441,-559,-156
-3554,-638,-62
-3626,-672,-83
-3670,-744,-218
-3657,-751,-458
-3466,-738,-843
-3258,-661,-1213
-2874,-566,-1419
-2400,-481,-1612
-1940,-419,-1487
-1707,-322,-1360
-1457,-207,-1237
-1206,-54,-1000
-1117,133,-798
-1035,336,-623
-1029,473,-405
-1019,760,-434
-1099,909,-360
-1116,915,-54
-1080,860,156
-961,739,414
-912,656,422
-1135,663,208
-1365,630,-2
-1886,550,-17
-2288,379,-39
-2948,132,-57
-3649,0,-335
-4129,-100,-608
-4688,-146,-1197
-5071,-177,-1796
-5162,-263,-2213
-5152,-410,-2436
-4868,-503,-2634
-4503,-597,-2790
-4141,-672,-2760
-3572,-680,-2621
-3101,-737,-2371
-2838,-787,-1980
-2444,-777,-1739
-2095,-739,-1377
-1789,-652,-986
-1553,-550,-673
-1179,-368,-458
-780,-240,-241
-460,42,-130
-26,158,-90
266,252,171
746,292,416
969,333,722
1264,447,824
1391,635,785
1475,835,762
1515,1058,726
1264,1206,725
945,1238,768
648,1210,865
241,1203,843
-315,1468,258
-235,1359,-539
-68,1271,-809
-133,1016,-742
-173,885,-668
-268,760,-665
-344,697,-688
-392,656,-647
-555,577,-581
-642,504,-516
-678,455,-494
-755,411,-487
-749,350,-473
-693,302,-462
-695,201,-466
-667,62,-505
-567,-9,-494
-577,-133,-473
-680,-236,-456
-877,-364,-502
-1180,-435,-550
-1703,-474,-689
-2018,-544,-929
-2457,-603,-1099
-2876,-561,-1378
-3032,-623,-1476
-3155,-665,-1469
-2988,-750,-1422
-2847,-785,-1361
-2724,-799,-1338
-2599,-703,-1282
-2641,-667,-1185
-2722,-545,-986
-2802,-412,-809
-3008,-297,-475
-3139,-244,-199
-3263,-174,-72
-3331,-94,-17
-3320,-57,-34
-3239,19,-105
-3069,45,-242
-2942,128,-304
-2815,175,-255
-2564,231,-185
-2554,228,-69
-2472,180,172
-2387,133,364
-2289,66,438
-2236,64,472
-2117,60,457
-1908,9,422
-1596,-86,456
-1202,-177,551
-967,-368,629
-864,-422,760
-997,-663,781
-1405,-802,646
-1946,-848,435
-2343,-879,203
-2861,-929,-67
-3271,-946,-315
-3752,-1019,-503
-4150,-1064,-813
-4437,-1075,-1013
-4568,-1065,-1182
-4632,-1026,-1260
-4647,-1006,-1265
-4462,-940,-1206
-4319,-830,-1103
-4017,-668,-1052
-3725,-478,-979
-3245,-282,-993
-2975,56,-1035
-2517,326,-1059
-2030,588,-983
-1599,782,-735
-1078,881,-278
-721,1078,108
-280,1283,324
2,1405,571
18,1543,720
16,1634,964
-136,1709,997
-453,1724,949
-679,1744,775
-949,1755,506
-995,1719,185
-1165,1702,-9
-1263,1582,-320
-1300,1536,-454
-1493,1428,-647
-1630,1248,-685
-1793,1037,-656
-1999,898,-538
-2203,661,-443
-2313,502,-441
-2436,360,-493
-2410,246,-510
-2435,123,-633
-2302,30,-654
-2160,-64,-744
-2028,-105,-715
-1831,-181,-677
-1736,-273,-597
-1698,-359,-469
-1750,-345,-413
-1790,-297,-424
-1791,-178,-368
-1746,-95,-286
-1661,30,-266
-1460,127,-81
-1277,251,42
-960,391,113
-782,450,253
-522,532,369
-247,547,541
-131,534,708
-169,495,852
-311,402,851
-659,343,734
-968,303,495
-1459,291,141
-1765,220,-244
-2243,149,-531
-2587,15,-873
-2803,-74,-1066
-2992,-169,-1384
-3020,-165,-1632
-2918,-164,-1741
-2704,-103,-1749
-2380,-48,-1619
-2182,-31,-1361
-1973,-1,-1223
-1820,41,-1002
-1767,75,-846
-1633,78,-830
-1441,141,-789
-1308,182,-846
-1145,168,-898
-1025,107,-927
-1015,9,-976
-1064,55,-1138
-1121,58,-1378
-1299,85,-1564
-1512,125,-1816
-1606,205,-1945
-1751,262,-2133
-1718,326,-2234
-1614,431,-2223
-1341,548,-2220
-983,632,-2098
-692,841,-1973
-294,917,-1739
9,1065,-1353
217,1154,-1104
436,1203,-641
504,1278,-383
596,1342,-90
654,1409,103
629,1510,175
653,1551,187
627,1543,175
605,1522,257
589,1458,241
541,1366,323
550,1234,272
549,1194,162
416,1058,75
192,962,-148
75,935,-278
-125,883,-377
-197,740,-441
-344,689,-491
-377,603,-544
-361,517,-555
-198,438,-506
-76,327,-441
100,270,-317
208,169,-242
290,100,-197
355,48,-93
365,12,-80
358,-6,31
349,-17,34
247,-30,125
277,-8,133
253,-19,121
323,-17,156
399,-3,157
419,22,170
345,42,124
212,30,77
-64,106,-119
-311,221,-238
-621,298,-505
-784,485,-638
-1038,566,-765
-1124,658,-666
-1197,772,-465
-1080,800,-167
-897,809,184
-527,912,276
-325,978,495
49,1070,599
223,1115,736
454,1109,817
621,1127,981
675,1047,1063
675,992,1037
628,929,1018
659,904,866
682,749,753
753,661,622
788,507,621
864,359,608
907,87,652
955,-48,686
970,-224,663
902,-341,630
949,-487,613
971,-533,623
1081,-592,681
1056,-661,689
1051,-720,713
920,-683,696
847,-714,610
721,-636,602
633,-618,540
509,-478,450
461,-379,442
420,-222,369
377,-72,267
324,204,196
360,326,177
377,497,253
478,569,503
485,595,718
520,599,959
478,641,1015
466,672,1006
444,758,942
343,802,760
317,783,607
322,791,449
364,817,342
503,786,256
715,684,234
869,660,236
1080,620,198
1165,585,239
1430,527,298
1530,452,421
1688,396,513
1750,328,530
1828,293,510
1870,224,502
1861,217,525
1835,201,407
1762,174,393
1623,186,284
1598,224,173
1526,187,159
1529,113,196
1502,78,310
1505,80,338
1539,85,351
1527,158,371
1463,197,348
1432,202,383
1264,172,322
1167,277,168
1003,369,60
869,420,-54
790,344,-70
799,303,-57
778,280,-64
755,236,-197
699,240,-289
690,247,-413
676,291,-446
705,296,-511
740,317,-495
765,301,-407
828,275,-441
923,219,-391
972,211,-346
1061,180,-273
1103,165,-266
1078,71,-287
1003,57,-311
887,62,-462
780,16,-555
695,14,-612
718,28,-599
716,-5,-508
720,-10,-498
660,19,-472
586,111,-517
475,117,-588
388,186,-531
195,161,-448
41,206,-505
-239,243,-540
-341,239,-642
-446,288,-758
-373,315,-929
-285,390,-945
-88,405,-957
97,429,-1035
234,454,-909
304,565,-804
360,640,-718
364,668,-498
355,689,-353
302,731,-190
281,737,-39
319,684,141
362,658,201
446,615,239
560,556,325
689,387,334
763,328,272
770,158,232
668,85,218
477,-75,118
108,-145,-31
-128,-272,-132
-445,-393,-262
-743,-392,-440
-921,-491,-559
-1146,-509,-691
-1251,-576,-749
-1330,-659,-838
-1302,-651,-904
-1244,-605,-1073
-1088,-532,-1049
-830,-501,-1038
-576,-451,-910
-319,-346,-773
37,-238,-638
206,-147,-386
545,-19,-220
665,71,33
693,165,193
589,294,238
457,350,250
320,452,183
291,557,128
282,591,59
247,680,5
210,629,2
97,660,-127
9,692,-179
-154,632,-247
-273,616,-271
-420,554,-232
-476,528,-201
-576,403,-233
-667,324,-259
-687,291,-265
-564,230,-216
-469,99,-102
-180,7,141
-34,-97,231
36,-152,314
93,-228,289
127,-247,228
99,-311,217
75,-343,179
39,-351,241
-44,-424,348
-77,-504,409
-318,-606,455
-506,-663,396
-714,-673,304
-889,-680,82
-1180,-673,4
-1429,-693,-161
-1559,-668,-235
-1748,-648,-427
-1830,-540,-576
-1843,-442,-630
-1868,-356,-668
-1736,-264,-606
-1676,-143,-530
-1583,-94,-408
-1487,-15,-281
-1436,74,-323
-1270,132,-293
-1225,153,-302
-1064,123,-299
-874,111,-288
-739,118,-351
-441,61,-335
-228,47,-268
-59,-43,-157
-26,-109,4
-12,-149,61
-46,-223,92
-85,-193,96
-128,-212,97
-191,-257,122
-228,-250,102
-233,-244,93
-189,-212,-29
-260,-153,-55
-184,-136,-74
-125,-87,-41
43,-29,-49
236,0,84
507,57,188
613,110,291
714,177,355
760,267,354
791,336,350
820,487,355
856,491,486
859,527,471
837,567,506
675,639,423
557,723,274
443,786,168
398,779,162
337,757,163
295,645,121
246,594,12
232,566,-109
246,572,-349
212,548,-517
190,523,-575
196,516,-654
198,492,-664
247,476,-737
329,405,-628
407,428,-580
440,375,-525
463,288,-483
441,316,-394
457,286,-379
429,186,-312
402,131,-281
333,25,-301
239,-38,-297
163,-110,-320
127,-203,-385
87,-279,-419
87,-324,-389
75,-370,-483
102,-384,-538
141,-419,-562
124,-358,-604
184,-306,-538
170,-275,-325
231,-222,-230
218,-209,-73
114,-130,52
14,-77,106
-62,-34,155
-103,-13,101
-275,-13,131
-383,99,102
-415,118,9
-394,127,-121
-407,172,-181
-344,176,-199
-237,172,-214
-241,129,-90
-261,435,-216
-325,388,-351
-481,310,-172
-569,174,2
-536,127,177
-491,96,102
-321,103,-42
-180,96,-192
71,89,-285
234,78,-318
549,45,-297
664,-8,-277
723,-49,-205
632,-82,-228
426,-105,-266
300,-38,-349
85,-39,-415
-63,-76,-481
-228,-105,-540
-361,-112,-657
-549,-135,-798
-593,-162,-923
-656,-197,-962
-736,-205,-1015
-757,-248,-1085
-750,-237,-1072
-692,-214,-1029
-581,-219,-924
-513,-276,-855
-359,-202,-813
-280,-120,-716
-227,-67,-697
-93,-96,-598
-41,-72,-453
57,-72,-311
172,-90,-185
315,-77,-83
407,-19,-69
577,-13,29
641,16,54
673,-6,151
565,-78,156
423,-70,98
195,-141,45
-18,-159,-121
-263,-205,-198
-527,-278,-367
-587,-302,-527
-667,-270,-703
-636,-234,-806
-514,-164,-797
-259,-133,-796
-53,-38,-531
191,-28,-269
350,-33,52
539,2,237
555,-18,402
668,68,405
753,76,378
781,52,374
774,70,342
731,35,255
663,4,156
615,-50,2
587,-46,-131
585,-17,-294
659,-30,-311
637,-67,-256
718,-138,-225
815,-164,-108
1157,-175,-76
1366,-202,-68
1527,-229,-105
1710,-297,-140
1750,-325,-79
1741,-489,-84
1553,-465,-93
1431,-468,-197
1097,-478,-443
853,-447,-599
647,-424,-640
307,-389,-733
89,-396,-759
-164,-387,-875
-329,-323,-936
-484,-233,-1062
-504,-215,-1170
-389,-169,-1184
-252,-121,-1234
11,-86,-1208
194,2,-1152
548,38,-1024
759,83,-891
1002,118,-661
1117,115,-405
1252,86,-238
1308,111,-144
1328,179,-82
1498,136,-83
1554,131,-174
1725,125,-256
1886,147,-313
2098,147,-401
2302,130,-358
2574,79,-252
2774,43,-121
2818,-1,14
2756,-58,102
2652,-77,41
2451,-48,-90
2246,18,-244
2013,94,-453
1806,229,-616
1595,276,-723
1511,347,-780
1410,407,-808
1361,521,-760
1226,674,-709
1116,705,-660
1059,852,-564
1023,940,-498
1018,1040,-413
994,1169,-419
1055,1234,-467
1249,1389,-465
1541,1417,-445
1812,1454,-384
2200,1482,-240
2660,1471,6
2808,1416,122
3030,1359,331
3042,1330,411
3099,1306,450
3044,1281,473
3045,1200,423
2943,1144,326
2869,1119,151
2816,1063,28
2786,1004,-38
2735,924,-69
2637,827,-56
2601,728,-45
2550,686,-17
2528,655,-80
2492,669,-38
2458,606,-8
2415,599,-102
2412,558,-180
2480,537,-334
2549,551,-460
2622,473,-531
2711,443,-652
2745,428,-707
2853,466,-718
2958,384,-575
2994,232,-507
3017,175,-371
3024,52,-289
3004,-22,-379
3059,-28,-554
3101,-48,-892
3161,-24,-1242
3289,-107,-1403
3557,-176,-1414
3598,-327,-1196
3476,-479,-1102
3152,-503,-1059
2976,-426,-1099
2742,-328,-1080
2546,-273,-1036
2438,-242,-865
2110,-272,-762
1678,-311,-701
1428,-352,-721
1049,-408,-788
838,-495,-809
658,-618,-859
483,-705,-937
393,-834,-967
336,-848,-1040
362,-879,-1026
415,-896,-981
476,-886,-769
521,-886,-597
528,-855,-277
528,-810,-31
594,-770,151
624,-751,355
707,-655,424
871,-562,466
1075,-458,461
1352,-373,481
1508,-247,544
1635,-187,717
1643,-108,942
1595,-18,1122
1359,-6,1210
1195,55,1288
904,112,1318
704,118,1290
431,76,1193
313,90,1119
156,7,949
27,-39,810
39,-64,593
31,-152,487
59,-164,435
167,-274,421
278,-282,490
542,-345,489
752,-374,629
895,-392,692
976,-413,814
1042,-405,817
1032,-434,817
972,-385,690
947,-351,587
970,-287,438
999,-209,312
1068,-166,209
1223,-136,191
1447,-148,214
1487,-210,279
1593,-228,329
1558,-211,266
1513,-98,221
1458,-57,74
1283,-29,-64
1233,38,-202
1049,98,-343
1074,82,-371
1111,56,-262
1012,-42,-64
821,-207,163
482,-236,251
163,-227,247
-376,-197,128
-767,-200,12
-1308,-205,120
-1622,-296,350
-1966,-482,414
-2194,-575,341
-2260,-644,101
-2227,-758,-84
-2003,-870,-339
-1865,-986,-507
-1545,-1059,-580
-1174,-1089,-584
-899,-1128,-462
-466,-1164,-311
-143,-1204,62
78,-1218,455
344,-1196,644
439,-1225,892
532,-1263,1013
670,-1239,990
803,-1217,973
1061,-1191,781
1243,-1112,607
1625,-1055,532
2026,-1031,404
2225,-974,407
2456,-898,392
2641,-815,497
2765,-754,450
2863,-650,461
2991,-507,483
3208,-398,518
3420,-355,608
3694,-265,708
3889,-225,779
3992,-212,881
3967,-142,964
3712,-35,905
3159,123,825
2653,250,674
1873,360,613
1184,421,444
778,462,421
413,431,218
42,436,10
-86,381,-279
-124,310,-493
-55,295,-806
227,241,-958
599,200,-1034
876,101,-996
1406,52,-863
1745,-13,-646
2259,-55,-391
2487,-54,-102
2931,-34,40
3202,-23,293
3582,32,426
3810,61,554
4231,123,638
4477,173,718
4921,221,736
5409,187,835
5703,298,883
6070,282,991
6349,374,1011
6655,401,1136
6807,506,1199
7157,521,1307
7259,657,1339
7293,765,1404
7149,826,1470
7009,897,1520
6776,910,1622
6687,909,1667
6638,987,1685
6766,1113,1586
6981,1288,1506
7046,1335,1482
6953,1485,1460
6645,1584,1451
6201,1649,1392
5884,1776,1320
5452,1892,1245
5146,1945,1061
5043,2037,846
4880,2175,436
4852,2242,371
5069,2048,613
5289,1868,1170
5468,1664,1429
5774,1586,1596
6007,1636,1519
6489,1890,1240
6873,2088,758
7107,2238,833
7556,2200,1093
7848,2221,1387
8100,2292,1565
8342,2367,1726
8488,2493,1733
8779,2895,1513
9049,3249,963
9281,3753,652
9537,4097,789
9684,4143,1468
9959,4121,2132
10158,4113,2845
10332,4130,3346
10449,4182,3522
10429,4215,3609
10280,4276,3533
9949,4362,3375
9495,4427,3072
9223,4371,3008
8838,4187,3054
8438,4054,3154
8247,3803,3167
7875,3596,3056
7477,3515,2797
7214,3372,2581
6788,3270,2168
6496,3157,1784
5954,3052,1573
5525,2979,1286
5272,2763,1094
4917,2510,912
4747,2356,800
4713,2121,684
4664,1984,452
4670,1689,313
4680,1472,178
4739,1359,-88
4767,1203,-214
4785,1117,-231
4782,935,-235
4775,918,-199
4758,925,-100
4672,935,-55
4544,993,174
4526,1008,378
4559,995,708
4476,980,1056
4482,980,1245
4495,935,1565
4403,863,1674
4135,752,1852
3918,611,1820
3513,520,1739
3266,428,1541
2865,327,1368
2528,277,1068
2298,203,883
2038,117,599
1906,54,395
1771,54,97
1736,1,-48
1797,-18,-289
1930,-12,-418
2245,-1,-534
2568,5,-485
2918,33,-386
3159,79,-224
3327,94,-53
3392,251,85
3316,376,197
3178,503,321
2950,592,369
2780,679,390
2559,769,402
2418,805,405
2290,795,362
2264,824,256
2356,835,170
2540,823,-62
2783,842,-249
3230,805,-524
3566,811,-635
4036,753,-773
4303,655,-953
4705,639,-1080
5026,641,-1384
5238,651,-1556
5482,656,-1675
5734,724,-1760
5930,820,-1734
6151,857,-1714
6199,887,-1582
6414,992,-1497
6541,1072,-1408
6588,1166,-1287
6602,1193,-1199
6465,1176,-948
6325,1193,-770
6151,1240,-693
5975,1212,-680
5833,1378,-863
5761,1527,-951
5596,1586,-1040
5553,1678,-1070
5448,1745,-1006
5416,1842,-1064
5431,1994,-1049
5538,2131,-967
5795,2193,-732
5957,2246,-448
6065,2257,49
6002,2241,531
5809,2276,840
5442,2321,1158
5156,2407,1319
4739,2437,1544
4401,2476,1730
4000,2448,1782
3621,2427,1802
3412,2346,1636
3240,2373,1371
3223,2385,943
3278,2448,703
3502,2527,449
3668,2546,240
4017,2642,120
4445,2658,205
4668,2690,338
5040,2726,664
5208,2710,1053
5477,2785,1239
5699,2866,1404
5831,2991,1457
5932,3099,1501
5958,3090,1603
5944,3083,1600
5916,3074,1546
5947,3062,1441
5888,2908,1397
5648,2737,1593
5423,2392,1814
4768,2164,1852
4113,2028,1773
3567,1821,1573
2829,1820,1138
2150,1809,613
1684,1761,271
1206,1720,-198
980,1674,-473
863,1634,-615
919,1605,-777
1123,1687,-879
1587,1750,-958
2006,1904,-986
2577,2041,-878
3193,2107,-573
3510,2174,-250
3874,2244,274
4089,2295,815
4352,2329,1039
4549,2405,1400
4663,2479,1752
4834,2560,2021
4938,2557,2248
4994,2492,2428
4954,2382,2661
4908,2377,2865
4828,2309,2875
4564,2254,2967
4314,2176,2964
3945,2001,2908
3559,1911,2713
3356,1758,2370
3099,1518,2109
2935,1444,1572
2891,1243,1239
3010,1106,646
3076,1042,125
3333,1035,-229
3564,1050,-495
3730,987,-438
3929,896,-292
3958,952,-175
4002,994,-117
4094,1066,-31
4139,1172,-17
4361,1323,-92
4496,1589,-260
4698,1963,-469
5120,2152,-619
5365,2373,-429
5643,2482,-228
5715,2585,68
5916,2715,313
6130,2831,765
6262,2942,1339
6318,3061,1695
6472,3183,2112
6558,3343,2363
6849,3434,2705
7155,3400,3235
7697,3336,3482
8242,3314,3652
8497,3159,3675
8319,3078,3588
7947,2968,3353
7487,2575,3187
6535,2285,3115
5573,2110,2692
4977,1948,2346
4231,1863,1910
3602,1733,1418
3249,1691,1122
2927,1678,587
2880,1668,92
3076,1696,-159
3433,1779,-389
3946,1976,-399
4754,2117,-4
5206,2351,779
5743,2364,1581
5965,2372,3015
6101,2226,3960
6333,2122,5006
6640,2215,5889
7631,2190,6202
8194,2429,6140
7912,2690,5980
8939,2462,6652
11006,2144,7336
11007,2612,7677
13248,3289,7969
15004,3626,8203
14928,3852,8506
13905,3451,9374
13453,3113,10366
12356,2503,10364
11408,2722,10006
11320,1814,9373
9568,1635,7770
9213,2102,5996
8461,2353,3483
7955,2646,2211
7167,2119,1918
6410,1764,1546
6048,1527,1556
5831,1302,1661
5170,1139,1654
5022,1276,1532
4881,1415,1490
5004,1567,1547
5150,1655,1579
5601,1763,1834
6020,1797,2145
6382,1821,2363
7032,1843,2605
7382,1775,3016
7619,1679,3333
7820,1581,3742
7731,1532,3968
7460,1579,4140
6939,1564,4294
6445,1467,4495
5606,1307,4707
4786,1242,4917
4153,895,4957
3092,776,4778
2762,581,4306
1803,376,3985
1603,272,3251
1360,275,2593
1078,347,1547
1203,333,1040
1290,136,777
1300,-224,948
1446,-460,1042
1624,-555,1054
1682,-659,1108
2212,-729,1162
2579,-840,841
2872,-427,392
3604,-90,-26
3996,-22,258
4593,-167,1046
4811,-220,1575
5106,-229,2052
4862,-185,2145
4920,338,1958
4952,608,1746
4659,833,1522
4328,1237,1236
3999,1429,916
3867,1836,719
3865,1937,524
3735,2132,402
3738,2214,407
3774,2260,491
3685,2328,538
3635,2238,864
3526,2244,1391
3498,2285,1667
3430,2281,2112
3428,2363,2401
3308,2436,2623
3103,2569,2884
3290,2332,3131
3276,2231,3375
3360,1975,3488
3820,1755,3494
4222,1601,3537
4473,1387,3582
4882,1249,3489
4834,1186,3325
4690,1328,3123
4300,1384,3006
3819,1288,3116
3563,1373,3157
3327,1221,3339
3127,1144,3356
3007,1192,3236
2999,1422,3029
2936,1556,3033
3393,1691,3201
3376,1641,3351
3397,1619,3465
3483,1698,3508
3647,1681,3600
3542,1904,3558
3656,1976,3555
3889,1982,3370
3823,2020,3241
4034,1960,3063
3902,1980,2746
4462,1868,2501
4458,1847,2228
4758,1849,2030
4915,1821,1937
5185,1755,1920
5380,1712,1852
5563,1664,1873
5574,1711,1771
5233,1713,1603
5127,1679,1640
4858,1565,1626
4381,1474,1603
4146,1398,1484
4007,1288,1398
3938,1244,1409
4078,1244,1364
4190,1283,1400
4407,1359,1613
4608,1434,1899
4708,1548,2157
4697,1653,2499
4694,1733,2939
4703,1728,3230
4628,1773,3552
4530,1811,3532
4771,1887,3585
4871,1901,3597
4888,1828,3519
4858,1769,3296
5055,1818,2917
5088,1868,2640
5362,1982,2313
5745,1968,2195
6207,2017,2119
6805,2088,1917
7514,2217,1918
8415,2152,2013
9348,2214,2283
9598,2065,2339
10134,1978,2452
10447,2053,2301
10639,2163,1996
10951,2456,1450
11432,2729,1098
11749,2847,1094
12347,2842,1260
12734,2864,1577
12914,3024,1908
12590,2973,2250
12131,3015,2619
11539,3103,2763
10636,3225,2845
9642,3343,2971
9000,3332,2853
8334,3418,2711
7724,3474,2622
7422,3393,2686
7200,3394,2901
6909,3431,3113
6736,3547,3315
6288,3680,3836
5984,3633,4400
5257,3588,4718
4580,3493,5049
4082,3114,5336
3707,2587,5414
3472,2207,5185
3310,1622,5099
3534,1351,4478
4006,1196,3573
4223,1039,2971
4891,920,2016
5166,883,1291
5994,626,1072
6743,481,871
7361,336,656
8336,457,240
8959,703,-80
9768,851,-106
10557,775,28
11390,570,280
11842,445,769
12483,407,1037
13142,396,1253
13407,689,1125
13582,923,888
13400,1261,653
13075,1475,680
12163,1583,746
11547,1647,1070
10351,1537,1290
8915,1481,1674
7860,1273,1826
6263,1034,1796
4601,817,1577
3530,612,1245
2017,416,688
1061,186,-36
-57,56,-489
-702,-69,-1018
-1380,-222,-1251
-1876,-315,-1348
-1975,-466,-1234
-2115,-547,-1069
-2179,-680,-592
-2079,-855,-99
-1878,-1031,189
-1433,-1168,491
-750,-1274,553
-135,-1292,542
1025,-1220,376
1904,-1076,187
3190,-888,46
4358,-781,-83
5079,-639,-147
5931,-519,-228
6643,-366,-219
7030,-206,-284
7540,-172,-319
7839,-47,-438
8216,34,-531
8507,127,-699
8734,240,-783
8914,359,-835
8976,473,-825
9021,644,-803
8916,805,-652
8578,918,-526
8002,1002,-225
7519,1025,-27
6664,1023,236
6044,970,371
5191,904,430
4680,867,468
4068,805,443
3630,814,419
3456,791,454
3320,802,549
3327,833,742
3384,852,1218
3422,826,1628
3503,760,2375
3612,754,2920
3764,774,3242
3980,824,3485
4176,859,3555
4507,908,3405
4710,978,3052
4976,1096,2694
5224,1149,2246
5323,1292,2073
5569,1383,1788
5831,1658,1745
6174,1932,1753
6474,2082,1997
6718,2415,2319
7026,2671,2576
7188,2858,2959
7293,2955,3281
7476,2961,3701
7728,2942,3902
7942,3003,3854
8362,3045,3611
8587,3105,3344
8939,3128,3131
9262,3105,2972
9454,2954,2922
9732,2839,2881
10104,2664,2852
10244,2517,2912
10634,2364,2904
11045,2291,2869
11273,2169,2830
11412,2083,2729
11363,1984,2512
11291,1821,2484
11018,1605,2419
10578,1506,2382
10248,1324,2413
9772,1212,2465
9214,1237,2541
8804,1301,2740
8429,1421,2817
7991,1505,3090
7726,1695,3295
7272,1747,3695
7063,1833,4125
6659,1871,4272
6354,1936,4533
6315,2005,4717
6191,2013,4878
6255,1984,5047
6264,2014,5253
6290,2007,5309
6265,2037,5475
6223,1967,5596
6083,1920,5649
6015,1824,5633
5956,1554,5606
5982,1425,5362
6011,1164,4964
6178,978,4624
6395,881,4088
6644,732,3704
6958,679,3005
7124,547,2292
7230,360,1853
7271,220,1383
7240,-46,1096
7189,-277,656
7118,-515,223
7143,-614,-127
7227,-649,-534
7303,-684,-673
7519,-730,-742
7675,-743,-642
7863,-659,-572
8024,-571,-468
8073,-457,-169
8126,-301,46
8142,-230,286
8082,-60,480
7946,-5,756
7839,159,857
7711,303,1023
7625,478,1198
7455,616,1506
7341,811,1989
7180,1043,2377
6984,1172,3055
6790,1317,3531
6478,1382,4147
6103,1323,4537
5790,1226,4702
5350,1117,4646
5111,992,4450
4888,908,4192
4900,880,3790
5025,890,3542
5260,924,3372
5376,896,3312
5576,882,3348
5724,902,3461
5901,852,3538
6148,843,3773
6288,763,3858
6577,743,3858
6692,577,3616
6989,513,3372
7279,443,2940
7593,310,2597
8024,172,2101
8271,116,1538
8569,82,1212
8713,63,659
8816,120,380
8748,100,183
8616,-62,210
8483,-171,349
8225,-231,369
8052,-223,418
7922,-178,401
7642,-138,435
7481,-84,431
7091,-73,457
6792,-98,405
6260,-148,366
5641,-157,236
5191,-189,181
4653,-242,117
4310,-383,161
3898,-394,183
3686,-483,351
3377,-439,593
3158,-432,919
3060,-395,1229
2991,-286,1733
2927,-355,2268
2905,-384,2543
2882,-365,2770
2983,-370,2933
3266,-384,2954
3601,-426,2844
3878,-519,2688
4317,-590,2451
4881,-687,1998
5246,-823,1617
5895,-860,1087
6542,-1085,485
7019,-1273,95
7654,-1381,-508
8046,-1463,-1124
8549,-1514,-1533
8938,-1511,-1980
9166,-1485,-2302
9225,-1409,-2447
9219,-1339,-2497
9086,-1227,-2432
8840,-1046,-2208
8576,-832,-1869
8250,-654,-1547
7750,-626,-1057
7343,-514,-683
6617,-492,-507
5812,-466,-396
5267,-477,-413
4437,-486,-476
3910,-570,-472
3146,-652,-473
2499,-739,-372
2147,-945,-245
1629,-1119,-135
1325,-1247,-82
1129,-1456,-1
953,-1594,30
1088,-1645,129
1265,-1767,279
1628,-1811,544
1935,-1887,921
2441,-2057,1312
3043,-2084,1771
3453,-2175,2192
4061,-2265,2403
4591,-2330,2555
4911,-2308,2530
5338,-2329,2460
5737,-2361,2239
5906,-2283,1821
6069,-2266,1568
6198,-2241,1088
6245,-2208,615
6279,-2165,278
6303,-2122,-249
6322,-1977,-736
6352,-1905,-945
6337,-1805,-1220
6266,-1687,-1409
6110,-1578,-1455
5908,-1503,-1392
5662,-1407,-1336
5497,-1298,-1069
5330,-1194,-898
5183,-1116,-586
5196,-1014,-195
5228,-904,11
5271,-891,398
5281,-831,558
5172,-834,811
5022,-903,969
4705,-1037,959
4284,-1136,1035
4173,-1266,1028
3907,-1433,1070
3761,-1569,1128
3760,-1758,1236
3768,-1936,1319
3853,-1985,1429
3919,-2120,1513
4052,-2225,1747
4158,-2366,1954
4208,-2573,2141
4222,-2729,2128
4208,-2786,2000
4239,-2819,1698
4187,-2803,1290
4185,-2732,836
4087,-2703,398
4115,-2618,176
4165,-2558,-106
4237,-2434,-272
4420,-2286,-409
4618,-2265,-414
4855,-2090,-365
5226,-1902,-327
5528,-1755,-296
5820,-1596,-198
6115,-1497,-164
6322,-1432,-190
6449,-1287,-198
6605,-1184,-225
6780,-1080,-251
6847,-932,-135
6867,-841,-54
6705,-834,212
6425,-851,378
6176,-865,670
5972,-880,820
5689,-775,962
5527,-733,1049
5347,-691,1108
5167,-638,1285
5034,-625,1603
4793,-669,1816
4566,-723,2146
4497,-756,2362
4328,-839,2600
4372,-870,2754
4329,-912,2785
4340,-945,2834
4393,-978,2772
4478,-1009,2693
4545,-1036,2607
4526,-1135,2621
4499,-1225,2711
4528,-1396,3049
4515,-1602,3449
4497,-1947,3684
4578,-2156,3982
4637,-2423,3989
4824,-2663,3820
5183,-2801,3334
5436,-2966,2723
5814,-3184,2224
6178,-3342,1528
6353,-3461,811
6536,-3582,409
6606,-3628,-157
6675,-3775,-605
6850,-3519,-950
6822,-3365,-1201
6982,-3212,-976
7343,-3065,-761
7777,-2826,-383
8118,-2443,120
8749,-2068,529
9183,-1877,1115
9472,-1563,1640
9632,-1193,1885
9702,-960,2186
9592,-561,2310
9392,-196,2379
8990,7,2458
8682,177,2627
8246,257,2761
7874,485,2808
7250,565,2892
6843,558,3177
6160,404,3500
5438,212,4050
4882,-67,4346
4118,-279,4560
3653,-507,4498
3145,-763,4338
2865,-919,3847
2797,-1113,3105
2863,-1534,2625
3249,-1817,2136
3813,-2188,1623
4739,-2127,1121
5520,-2044,502
6011,-1964,268
6490,-1961,394
6675,-1791,532
6685,-1630,694
6340,-1682,1163
6020,-1712,1616
5854,-1746,1734
5676,-1538,1565
5593,-1428,1177
5658,-1327,1049
5883,-1245,866
6287,-1205,742
6498,-998,630
6900,-780,392
7120,-332,135
7241,-394,227
7419,-483,632
7582,-577,908
7680,-564,1030
7751,-411,999
7926,-227,915
8012,-126,865
8048,-1,844
7965,103,920
7874,270,971
7524,324,1183
7221,353,1368
6706,350,1650
6308,357,1861
5658,321,1866
4991,349,1880
4606,381,1827
4050,380,1611
3713,365,1471
3274,393,1276
3033,430,1072
2704,507,987
2387,523,953
2139,567,1054
1858,622,1286
1722,588,1523
1464,570,2044
1361,393,2681
1175,232,3070
1198,81,3391
1339,-75,3455
1657,-177,3382
2038,-357,3021
2721,-502,2736
3551,-541,2261
4059,-685,1875
4848,-777,1426
5336,-907,998
5972,-1110,769
6375,-1185,497
6535,-1229,205
6655,-1238,19
6749,-1203,-72
6789,-1133,-20
6832,-1157,267
6773,-1209,648
6623,-1208,817
6243,-1271,1040
5737,-1401,1152
4955,-1507,1132
4057,-1519,911
3447,-1531,537
2590,-1567,267
1965,-1393,-326
1738,-867,-1045
1127,-1277,-848
1299,-1663,150
1647,-1899,795
2166,-1791,1065
2850,-1607,1536
3318,-1415,2150
3902,-1403,2662
4469,-1368,3254
4898,-1372,3564
5607,-1314,3633
6460,-1284,3474
7020,-1100,3074
7773,-908,2721
8320,-830,2285
8679,-626,1976
8889,-536,1783
8912,-426,1881
8758,-382,2074
8422,-429,2489
8084,-595,2868
7598,-747,3041
7219,-870,3135
7039,-1043,2955
6982,-1152,2770
7092,-1197,2383
7285,-1240,1995
7622,-1333,1819
8070,-1327,1542
8295,-1332,1358
8570,-1247,1273
8793,-1144,1141
8751,-1235,1269
8632,-1393,1544
8583,-1552,1930
8640,-1340,1904
8717,-1370,2055
9189,-1305,2493
9612,-1137,2941
10074,-1200,3422
10410,-1149,4155
10783,-1145,4802
10786,-1128,5115
10589,-1088,5221
10326,-1083,5068
10030,-945,4493
9767,-930,3971
9668,-874,3206
9757,-807,2415
10015,-637,1878
10281,-449,1302
10481,-223,1061
10546,-60,1151
10336,118,1326
10053,325,1711
9657,476,2058
9101,504,2588
8643,535,2865
8111,497,3068
7843,422,3078
7519,311,2910
7305,259,2584
7211,-5,2375
7068,-313,2294
7014,-981,2394
7014,-1470,2602
7027,-2078,2532
6993,-2563,2322
7021,-2878,1954
6941,-3349,1473
6970,-3700,1128
7117,-3915,533
7377,-4002,-17
7678,-3655,-593
8043,-3366,-1452
8073,-3328,-1207
8294,-3819,-294
8862,-3999,274
9114,-3792,503
9210,-3407,487
9131,-3255,879
9169,-3263,1705
9271,-3262,2197
9437,-3039,2603
9944,-2805,2958
10338,-2710,3306
11089,-2447,3718
11676,-2146,3559
11811,-1824,3610
12043,-1663,3796
12344,-1448,3933
12195,-1476,4028
11955,-1442,4030
11478,-1402,3931
10809,-1395,3578
10138,-1463,3230
9727,-1481,2764
9248,-1523,2375
8934,-1415,1765
8751,-1237,1139
8536,-1045,873
8261,-919,628
7983,-788,646
7411,-805,936
6944,-917,1290
6231,-1014,1430
5561,-1058,1437
5234,-1095,1357
4908,-1107,1193
4820,-1159,786
4890,-1206,443
5176,-1238,173
5671,-1238,-114
6085,-1066,-229
6825,-985,-115
7552,-912,284
7957,-927,773
8600,-1040,1740
8920,-1166,2643
9293,-1230,3079
9701,-1213,3569
9971,-1232,3833
10382,-1196,3937
10766,-1185,3884
11107,-1106,3735
11284,-966,3516
11498,-824,3504
11481,-821,3690
11402,-863,4019
11071,-917,4219
10683,-963,4359
10416,-1062,4421
9926,-1162,4334
9634,-1170,3995
9322,-1122,3299
9019,-1063,2794
8619,-929,1905
8367,-945,1172
7804,-1058,839
7323,-1199,445
6922,-1361,177
6314,-1383,-126
5744,-1429,-350
5269,-1478,-398
4663,-1608,-301
4057,-1696,-177
3783,-1784,-108
3593,-1783,-157
3640,-1724,-277
3825,-1726,-308
4302,-1715,-330
4833,-1729,-278
5144,-1802,-148
5528,-1819,-79
5729,-1764,-46
5700,-1722,-60
5598,-1677,85
5472,-1683,163
5318,-1640,162
5193,-1614,172
5093,-1457,90
5028,-1276,37
5108,-1125,-90
5210,-921,-72
5383,-749,111
5542,-616,386
5680,-537,692
5762,-514,1147
5677,-526,1409
5449,-587,1698
5237,-667,1769
4849,-818,1715
4419,-845,1508
4215,-1005,1194
3810,-1164,993
3334,-1206,648
3101,-1324,371
2740,-1442,244
2426,-1531,158
2255,-1597,111
2124,-1727,6
2193,-1796,-53
2362,-1796,-81
2728,-1893,56
3111,-2018,206
3781,-2097,435
4716,-2101,653
5426,-2030,758
6446,-1997,805
7066,-1853,825
7859,-1620,648
8415,-1610,632
8681,-1692,843
8917,-1718,989
9130,-1655,1063
9128,-1606,1159
9213,-1631,1290
9149,-1710,1559
9053,-1616,1717
8747,-1497,1824
8258,-1433,1897
8000,-1262,1908
7450,-1060,1926
6867,-1059,1894
6503,-867,1858
6012,-723,1763
5618,-525,1483
5511,-138,1307
5504,71,1046
5478,309,1078
5323,483,1135
5118,605,1345
4897,610,1594
4382,478,2157
3907,203,2726
3479,42,2938
3354,26,2886
3396,125,2752
3747,129,2387
3978,53,2129
4320,-36,1765
4595,-205,1534
5022,-259,1113
5319,-363,639
5766,-381,381
6183,-381,41
6373,-325,-151
6646,-266,-313
6754,-188,-298
6821,-131,-246
6745,4,-152
6671,83,-33
6423,118,251
6308,149,468
6122,231,748
5989,233,1058
5710,192,1218
5472,198,1497
5452,260,1553
5677,382,1453
5672,508,1243
5637,606,909
5553,768,672
5394,863,472
5291,917,315
5190,1045,277
5127,1106,319
5153,1155,385
5236,1211,712
5323,1290,1087
5487,1286,1723
5639,1306,2392
5755,1338,2817
5993,1433,3190
6133,1569,3446
6353,1788,3441
6607,1830,3368
6740,1911,3240
6907,1955,3056
6949,1956,2659
6993,1913,2435
6992,1876,2172
6940,1830,1973
6774,1743,1872
6484,1667,1778
6217,1501,1674
5805,1336,1544
5390,1306,1152
5044,1281,717
4585,1133,398
4071,1046,-86
3679,863,-385
3159,738,-839
2853,624,-1348
2522,454,-1640
2191,435,-1987
2071,295,-2232
2065,267,-2453
1963,202,-2490
2054,223,-2487
2030,318,-2394
2023,482,-2234
2086,609,-2112
2138,625,-1766
2255,741,-1317
2522,838,-972
2979,908,-420
3356,949,-71
4026,1044,547
4488,1125,999
5396,1151,1752
5885,1210,2342
6578,1265,2690
7143,1233,3038
7440,1236,3334
7796,1093,3464
8064,990,3646
8135,831,3724
8319,755,3688
8474,669,3611
8574,597,3477
8608,565,3353
8582,591,3180
8557,636,2958
8486,784,2829
8356,914,2804
8168,1049,2832
7763,1129,2981
7200,1124,3232
6743,1132,3561
6054,1039,3642
5328,997,3738
4877,881,3782
4218,770,3790
3852,679,3713
3590,497,3652
3370,414,3581
3210,217,3493
2986,52,3420
2813,-287,3282
2565,-415,2986
2412,-664,2569
2379,-957,2293
2433,-1076,1701
2494,-1403,1183
2820,-1570,783
3285,-1664,106
3727,-1663,-619
4436,-1511,-1178
5239,-1328,-1795
5912,-1065,-2227
6359,-770,-2253
6865,-463,-2127
7228,-218,-1792
7328,139,-1282
7401,373,-896
7244,515,-256
7097,619,177
6840,662,791
6631,723,1110
6305,758,1458
6090,783,1584
5909,853,1585
5912,877,1494
5989,1002,1388
6159,1006,1286
6238,1047,1267
6390,1065,1321
6510,1087,1397
6534,1115,1436
6506,1171,1550
6424,1205,1665
6347,1286,1828
6276,1408,2124
6146,1425,2600
6011,1456,3017
5684,1409,3737
5482,1236,4398
5216,1089,4803
4993,923,5248
4899,764,5341
4928,603,5201
4995,435,4768
5103,244,4340
5253,87,3568
5453,-161,2953
5712,-234,2076
5849,-427,1190
6148,-657,773
6507,-845,274
6709,-1064,90
7013,-1189,-80
7104,-1397,-104
7208,-1604,-119
7160,-1696,49
7108,-1795,270
6956,-1856,326
6693,-1872,419
6463,-1833,492
6055,-1735,593
5763,-1656,701
5273,-1611,757
4928,-1489,847
4684,-1387,1125
4345,-1319,1305
3964,-1326,1574
3741,-1233,1852
3417,-1153,2125
3047,-1132,2519
2747,-1163,2896
2402,-1223,3080
2055,-1275,3248
1845,-1327,3152
1753,-1422,2995
1779,-1559,2701
1968,-1669,2277
2397,-1737,1930
2892,-1831,1465
3337,-1865,1104
3950,-1980,963
4563,-1983,735
4884,-1834,656
5299,-1717,636
5659,-1639,756
5765,-1606,1061
5823,-1557,1340
5798,-1552,1764
5737,-1499,2151
5691,-1434,2396
5617,-1312,2605
5586,-1207,2789
5628,-929,2805
5779,-737,2872
5848,-503,2902
5921,-365,3076
5871,-256,3340
5743,-173,3572
5569,-156,3931
5455,-234,4283
5203,-209,4452
5035,-231,4630
4890,-228,4751
4649,-308,4800
4387,-378,4737
4298,-438,4708
4202,-528,4524
4099,-588,4335
4031,-726,4203
3983,-793,3964
4008,-883,3800
4043,-926,3607
4206,-1013,3415
4363,-1000,3250
4516,-1014,3115
4711,-1047,2938
4734,-1120,2781
4745,-1097,2626
4725,-1134,2458
4623,-1201,2206
4471,-1297,2018
4324,-1346,1713
4234,-1452,1361
4142,-1452,1053
4037,-1529,606
3944,-1592,177
3784,-1597,-156
3624,-1623,-562
3504,-1644,-927
3436,-1571,-1100
3481,-1509,-1253
3502,-1374,-1227
3465,-1265,-1056
3488,-1243,-639
3615,-1199,-31
3685,-1071,357
3660,-951,1127
3592,-872,1962
3516,-974,2569
3302,-1054,3559
3112,-1292,4466
3076,-1507,4884
3157,-1677,5293
3266,-1881,5360
3356,-1977,5272
3678,-2083,4999
4158,-2143,4528
4504,-2215,4214
4995,-2212,3739
5587,-2178,3392
5859,-2172,3304
6257,-2144,3232
6529,-2203,3436
6638,-2290,3569
6776,-2265,3890
6853,-2271,4156
6879,-2260,4317
6940,-2237,4443
7065,-2144,4461
7152,-2104,4458
7408,-2004,4346
7593,-1830,4187
7748,-1679,4086
7837,-1582,3922
7793,-1465,3820
7717,-1293,3725
7491,-1194,3627
7145,-1149,3458
6849,-1031,3403
6380,-986,3301
5974,-889,3097
5670,-743,2927
5272,-602,2818
5032,-427,2672
4630,-327,2623
4149,-242,2610
3813,-199,2570
3386,-139,2470
2927,-166,2271
2688,-163,1994
2469,-170,1797
2349,-193,1342
2334,-158,1102
2479,-174,781
2612,-267,562
2917,-364,522
3376,-468,429
3594,-579,440
3907,-668,581
4089,-806,704
4438,-937,795
4623,-978,725
4896,-1099,710
5172,-1115,613
5374,-1182,403
5652,-1276,277
5880,-1290,45
6078,-1309,-84
6291,-1279,-226
6482,-1251,-310
6572,-1236,-370
6700,-1168,-245
6783,-1045,-34
6811,-866,194
6832,-755,573
6803,-467,1126
6784,-267,1465
6717,-60,2052
6709,127,2467
6641,265,3001
6600,421,3562
6509,504,3851
6456,539,4286
6297,504,4452
6049,452,4723
5859,350,4781
5595,275,4725
5393,173,4615
5149,6,4450
5047,-128,4130
4976,-244,3863
4958,-369,3351
4972,-433,2919
5040,-612,2744
5187,-702,2611
5274,-839,2709
5356,-1071,2845
5478,-1271,3076
5577,-1602,3123
5703,-1843,3038
5896,-2003,2754
6084,-2106,2421
6342,-2244,1897
6605,-2301,1335
6718,-2419,1009
6865,-2444,547
6838,-2457,172
6787,-2345,-69
6620,-2269,-311
6385,-2115,-450
6290,-1907,-330
6065,-1712,-128
5842,-1466,219
5633,-1202,527
5308,-1009,1018
5069,-677,1451
4668,-398,1651
4251,-230,1967
3996,-17,2174
3680,138,2193
3459,278,2109
3377,442,1942
3425,592,1593
3462,765,1231
3592,927,1038
3690,1054,832
3747,1096,835
3607,1217,1050
3517,1198,1347
3251,1082,1932
2913,964,2636
2755,661,3036
2458,418,3500
2261,41,3830
2056,-268,3949
2058,-697,3890
2170,-1066,3768
2392,-1369,3561
2639,-1686,3312
3282,-1889,3076
3834,-2065,2889
4308,-2480,2926
5067,-2954,2920
5715,-3298,2827
6087,-3617,2304
6733,-3544,1439
7282,-3407,-96
7598,-3236,-1471
8277,-2942,-2333
8812,-2587,-3473
9221,-2078,-4356
9535,-1243,-4815
9777,-588,-4548
9807,-403,-3326
9772,-358,-1592
9445,98,-782
8835,440,-75
8276,793,369
7637,965,839
7267,1272,720
6714,1513,374
6546,1880,-306
6388,2242,-859
6364,2401,-1539
6407,2521,-2097
6614,2538,-2380
6889,2582,-2809
7112,2692,-3077
7470,2839,-3057
7652,2849,-2731
7718,2795,-1992
7581,2634,-1349
7318,2460,-397
7039,2231,411
6479,1900,729
5952,1685,878
5629,1425,715
5275,1243,161
5134,1013,-372
5071,1067,-1523
5125,1160,-2821
5189,1098,-3494
5436,819,-4031
5723,570,-4453
5941,486,-4718
6205,478,-5167
6297,396,-5296
6281,222,-5216
6127,146,-5071
5915,105,-5064
5575,148,-5051
5104,152,-4981
4686,-123,-4451
4206,-169,-4302
3627,-63,-4511
3227,26,-4855
3014,192,-5249
2800,376,-5995
2793,492,-6427
2986,631,-7016
3104,840,-7584
3363,977,-7823
3688,1008,-7852
3869,1023,-7781
4019,1023,-7715
4015,990,-7408
3968,978,-7359
3725,992,-7432
3430,1036,-7444
3256,1042,-7490
2882,1046,-7462
2602,1019,-7436
2328,939,-7269
1803,863,-7138
1120,785,-6853
573,617,-6691
-237,499,-6450
-630,409,-6376
-1020,429,-6488
-1072,512,-6842
-973,673,-7140
-469,743,-7263
194,742,-7204
737,682,-7133
1425,585,-7198
2023,514,-7242
2310,471,-7340
2709,532,-7584
2971,689,-7776
3288,956,-7823
3737,1018,-7178
3463,802,-5876
3236,686,-5097
2714,874,-4266
2333,1288,-3523
1677,1582,-2982
783,1556,-1965
245,1184,-1324
-479,789,-964
-911,568,-1163
-1306,411,-1533
-1262,568,-2634
-1162,733,-3663
-805,819,-3997
-220,827,-4163
235,1020,-4339
1023,1196,-4324
1851,1321,-4167
2372,1328,-3884
2837,1243,-3555
3201,1040,-3025
3256,707,-2693
3292,433,-2592
3282,205,-2573
3242,-112,-2657
3166,-322,-2873
2903,-454,-3324
2829,-603,-3716
2729,-872,-3878
2588,-1103,-3994
2566,-1377,-4202
2597,-1427,-4409
2612,-1422,-4716
2698,-1463,-4643
2815,-1497,-4358
2968,-1159,-4308
3217,-917,-4114
3502,-569,-3452
3763,-318,-2914
4047,-29,-2401
4246,597,-1960
4495,1139,-1631
4682,1279,-716
4756,1427,107
4931,1834,370
4882,2124,590
4736,2458,556
4406,2515,658
4184,2084,1346
3830,1900,1107
3330,2121,109
3065,2614,-531
2756,2700,-808
2435,2418,-287
2214,2174,241
1843,2096,969
1559,2059,1543
1113,1888,2671
662,1614,4013
550,1037,4841
738,757,5422
1046,258,5423
1909,-76,4957
2689,-533,3848
4072,-899,2797
5616,-1125,1138
6539,-1336,-737
7838,-1506,-1850
8812,-1518,-3247
9343,-1540,-4131
9727,-1491,-4368
9661,-1388,-4317
9102,-1388,-3666
8569,-1376,-2582
7390,-1426,-1818
5937,-1573,-918
4483,-1583,-583
3559,-1443,-685
2327,-1320,-1158
1527,-1250,-1706
1162,-1182,-2314
1039,-946,-2731
1223,-839,-3319
1430,-607,-3655
1910,-347,-3747
2448,-117,-3669
2785,236,-3388
3318,562,-2999
3768,783,-2447
4082,1040,-1782
4425,1260,-1356
4642,1347,-784
4650,1421,-246
4651,1423,9
4428,1400,277
4185,1338,356
3901,1327,341
3719,1211,347
3349,1023,461
3181,736,599
2869,412,660
2795,227,618
2650,-81,538
2591,-203,505
2624,-403,439
2830,-542,383
3100,-626,434
3614,-640,406
3981,-633,424
4759,-661,483
5467,-636,704
5859,-702,864
6231,-742,1117
6361,-753,1344
6388,-774,1490
6181,-732,1823
5996,-698,2117
5496,-700,2381
4989,-739,2634
4592,-800,2711
3896,-812,2608
3448,-761,2350
2754,-780,2138
2012,-770,1698
1595,-657,1154
1134,-429,810
767,-230,565
614,26,594
497,156,801
518,367,1136
518,447,1658
604,558,2057
746,630,2441
916,687,2651
1275,715,2791
1556,727,2728
1987,651,2636
2238,614,2427
2628,530,2299
2884,417,2121
3010,108,2034
3060,-55,1882
3150,-115,1494
3000,-231,1257
2962,-423,1201
3053,-603,1016
2981,-514,678
2998,-441,268
2974,-316,116
2827,-369,219
2730,-498,381
2420,-582,642
2215,-695,813
1833,-800,820
1424,-829,859
1080,-990,783
770,-917,365
522,-789,-57
172,-792,-529
17,-903,-888
-297,-917,-1118
-503,-833,-1583
-695,-545,-1885
-976,-491,-1935
-1090,-497,-1670
-1243,-384,-1417
-1538,-162,-1256
-1775,65,-922
-2026,180,-320
-2443,221,196
-2976,210,869
-3267,207,1250
-3624,195,1557
-3796,76,1788
-3728,13,1726
-3482,138,1260
-3195,152,901
-2568,132,396
-2040,174,-171
-1301,310,-582
-645,543,-1087
-290,750,-1112
-105,746,-877
-89,715,-391
-285,753,-190
-761,771,-18
-1038,756,150
-1627,748,217
-1964,721,135
-2419,774,-83
-2579,832,-558
-2650,923,-869
-2649,929,-1343
-2589,1029,-1803
-2385,1155,-2130
-2189,1397,-2644
-1978,1567,-3005
-1924,1752,-3070
-1815,1844,-3010
-1919,1978,-2654
-2008,2003,-2151
-2144,2028,-1597
-2275,2039,-1237
-2359,2079,-871
-2416,2109,-725
-2378,2189,-749
-2239,2336,-779
-2078,2390,-761
-1923,2325,-645
-1763,2307,-413
-1625,2155,-148
-1571,1880,92
-1534,1664,505
-1451,1394,771
-1242,1241,910
-912,1150,924
-647,1084,777
-224,1048,684
-38,979,781
219,827,911
379,731,1064
446,608,1289
424,526,1634
210,403,1775
-87,336,2011
-275,170,2174
-559,54,2324
-728,-178,2392
-879,-357,2399
-916,-528,2202
-779,-619,1964
-476,-692,1469
-208,-756,934
281,-777,523
535,-846,2
841,-917,-234
817,-1030,-459
698,-1178,-621
334,-1249,-809
55,-1265,-1055
-429,-1227,-1187
-837,-1224,-1290
-1093,-1225,-1401
-1332,-1235,-1533
-1561,-1301,-1674
-1656,-1317,-1812
-1616,-1384,-1964
-1542,-1422,-2104
-1417,-1508,-2244
-1235,-1553,-2355
-1204,-1590,-2457
-1140,-1623,-2436
-1223,-1636,-2406
-1398,-1636,-2248
-1533,-1589,-2149
-1710,-1504,-1931
-1846,-1412,-1657
-1935,-1413,-1444
-2113,-1356,-1127
-2225,-1403,-853
-2269,-1435,-554
-2393,-1507,-391
-2456,-1572,-231
-2524,-1645,-211
-2511,-1650,-513
-2483,-1563,-825
-2227,-1444,-1296
-1760,-1247,-1670
-1360,-969,-1770
-683,-725,-1691
2,-582,-1281
369,-406,-654
760,-253,-211
856,-144,457
982,-60,840
948,11,1210
773,25,1388
616,35,1518
402,45,1463
256,-22,1300
78,52,1075
103,59,857
111,44,760
198,21,641
319,-8,479
395,-117,299
457,-125,20
464,-175,-276
423,-134,-652
325,-131,-943
206,-140,-1073
18,-149,-1150
-123,-64,-1162
-357,-55,-1081
-493,26,-845
-749,67,-615
-922,73,-294
-1230,57,-3
-1536,78,355
-1867,-42,572
-2198,-90,902
-2384,-219,1032
-2637,-278,1232
-2781,-313,1381
-2845,-453,1506
-2874,-578,1799
-2872,-882,2080
-2705,-1178,2122
-2384,-1326,1840
-1917,-1461,1321
-1505,-1535,633
-870,-1647,130
-356,-1673,-434
-45,-1725,-877
274,-1746,-1083
376,-1756,-1241
322,-1749,-1272
-71,-1769,-1218
-634,-1642,-1226
-949,-1343,-1367
-1276,-881,-1336
-1348,-651,-1246
-1351,-289,-897
-1289,-64,-545
-1203,45,-2
-1133,78,357
-1059,183,480
-961,227,314
-849,288,116
-799,368,-432
-768,486,-895
-682,608,-1509
-566,701,-1838
-467,833,-1911
-361,876,-1601
-292,803,-1116
-418,656,-180
-679,506,928
-1099,259,1514
-1532,80,2099
-1753,-140,2285
-1830,-351,2220
-1669,-488,1956
-1465,-676,1727
-972,-885,1171
-379,-932,534
44,-999,139
547,-979,-348
812,-1066,-446
1011,-1099,-491
1144,-1184,-260
1154,-1273,-128
982,-1354,104
886,-1424,288
698,-1448,258
490,-1452,198
400,-1438,59
333,-1377,-247
366,-1357,-654
440,-1262,-938
466,-1161,-1251
464,-1121,-1481
476,-1051,-1470
438,-1043,-1368
359,-986,-1157
319,-896,-1007
303,-772,-834
324,-548,-810
315,-453,-740
363,-244,-616
425,-47,-412
447,42,-201
428,155,-5
426,210,263
521,260,394
544,362,433
568,485,343
558,646,35
592,765,-178
511,895,-417
123,950,-740
-271,951,-768
-896,800,-578
-1373,585,-285
-2028,443,-96
-2537,267,132
-2790,63,103
-2904,8,-27
-2918,-83,-278
-2741,-135,-910
-2502,-93,-1492
-2284,-200,-1703
-1888,-405,-1794
-1604,-626,-1611
-1429,-967,-1384
-1282,-1310,-1268
-1059,-1534,-1346
-829,-1598,-1470
-728,-1663,-1703
-477,-1570,-1786
-181,-1471,-1830
54,-1364,-1701
206,-1204,-1300
267,-1111,-1035
108,-1091,-526
32,-1043,-19
-195,-938,238
-252,-801,499
-304,-609,639
-188,-464,819
14,-218,890
343,-78,952
523,0,1001
868,108,929
980,232,893
1134,312,842
1120,327,907
1077,324,1050
968,260,1151
828,259,1449
699,333,1926
815,278,3157
912,-316,3445
137,-462,2730
-519,-279,1167
-1233,-311,190
-2049,-221,-789
-2676,-218,-486
-3428,-366,377
-3880,-495,2258
-4088,-971,3146
-4651,-1059,2925
-5563,-852,2337
-5523,-868,1901
-5101,-1039,1475
-5621,-1081,827
-4917,-1006,324
-4408,-1042,259
-3596,-1065,-203
-3383,-832,-23
-2700,-761,484
-1328,-848,1508
-183,-635,2179
450,-199,2364
1492,20,2546
1847,279,3006
2559,477,3318
2821,593,3557
2782,720,3535
2512,750,3616
2500,776,3631
2049,828,3040
1721,1245,2356
1070,1364,2290
411,1231,2537
372,1110,2523
14,1003,2429
-374,950,2245
-278,985,2155
-261,893,2226
-352,654,2245
-474,522,2425
-153,333,2471
93,316,2460
600,468,2265
1258,603,2160
1552,689,2032
2124,760,1953
2538,771,2050
2683,737,2144
2791,656,2411
2747,535,2748
2576,360,2960
2375,181,3197
2010,-44,3214
1556,-192,3077
1253,-375,2618
939,-519,2192
716,-544,1420
423,-567,902
234,-652,44
19,-686,-446
-410,-691,-1211
-550,-678,-1755
-1084,-702,-1972
-1682,-718,-2081
-2162,-757,-1862
-2661,-800,-1455
-3044,-841,-472
-2966,-938,363
-3125,-1133,658
-3477,-1094,315
-3381,-1139,-633
-3366,-966,-1790
-3061,-1035,-2521
-2395,-979,-3398
-1615,-818,-4080
-1516,-957,-4711
-1244,-1181,-5120
-995,-905,-5374
-334,-833,-5047
-25,-609,-4498
454,-560,-3463
712,-306,-2288
844,-162,-1443
941,-18,-343
942,168,337
828,249,1153
633,291,1453
395,362,1534
123,379,1333
-357,331,1013
-725,214,457
-1349,-7,106
-1843,-161,-415
-2525,-377,-630
-3124,-488,-872
-3480,-647,-919
-3920,-752,-867
-4236,-776,-715
-4357,-769,-559
-4403,-723,-454
-4458,-720,-209
-4346,-680,10
-4204,-742,158
-4046,-749,179
-3880,-701,236
-3617,-747,275
-3484,-846,357
-3504,-1003,291
-3636,-1170,116
-4041,-1318,-91
-4390,-1602,-186
-4937,-1784,-230
-5431,-1958,-154
-5657,-2101,14
-5907,-2239,230
-5995,-2298,527
-6012,-2345,710
-6056,-2370,793
-6085,-2379,823
-6077,-2345,724
-6093,-2172,580
-5938,-1908,183
-5756,-1342,-414
-5407,-642,-866
-4980,405,-1909
-4466,1267,-3132
-4273,2955,-4669
-3821,4632,-6669
-4550,6076,-10144
-5599,7705,-11419
-6981,8311,-10863
-7852,6467,-10521
-6216,5613,-13353
-3885,5886,-18829
-2379,6611,-22757
-83,5630,-25332
1999,7166,-32768
3640,10404,-32768
4413,12161,-32768
5219,13416,-32768
5320,14741,-32768
3862,14603,-32768
2394,14793,-32768
661,17612,-32768
-1554,19323,-32768
-3302,19438,-32590
-3302,16516,-26712
-4080,14901,-23277
-3650,13554,-22835
-2161,12849,-23469
336,12500,-23142
2090,10750,-22527
2994,9381,-20465
4259,7743,-18741
4955,6606,-15681
5506,4604,-13152
5442,3976,-12759
5341,5051,-9043
1548,1251,-6698
4021,2865,-9542
4248,3884,-10271
3622,2986,-9202
4993,2007,-9783
5776,1951,-10701
6326,1596,-12264
7756,1683,-14277
8497,1485,-15607
9033,1122,-16398
9425,805,-17069
9136,192,-17368
9264,299,-17934
9538,665,-18870
9849,944,-18761
10070,471,-18225
10530,412,-17811
10897,541,-17288
10916,450,-16497
10700,382,-15900
10208,529,-15161
9665,492,-14078
9348,634,-13110
9203,826,-12493
9580,873,-11685
10120,798,-11037
11272,736,-10832
12507,789,-10574
13822,767,-10346
14191,386,-9628
15027,99,-8868
15618,-115,-7722
15732,-358,-6578
15469,-593,-5652
14780,-924,-4291
13762,-1226,-3098
13039,-1440,-1871
12019,-1611,-834
11335,-1724,714
10784,-1810,2003
10539,-1910,2715
10039,-2073,3467
9573,-2331,4305
9260,-2445,4567
8879,-2127,4534
8658,-2033,4635
8516,-1917,4885
8149,-1842,5050
7568,-1698,5172
7010,-1566,5158
6012,-1215,5158
4970,-955,5435
4383,-829,5750
3763,-503,5868
3165,-582,6428
2764,-444,6742
2257,-346,7179
1802,-424,7975
1633,-1183,8915
3466,-3452,11075
1826,-4162,12322
1170,-3615,13381
336,-2212,13484
-331,-2082,13940
-758,-2259,13489
-962,-2316,13381
-298,-1907,12048
736,-1575,9838
1442,-1051,7361
2352,-1254,6024
3072,-1587,4354
3469,-2105,3142
3952,-2769,2809
4219,-3407,2913
4241,-4020,2988
3948,-4033,3026
3552,-3998,3303
3053,-3778,3651
2231,-3753,4121
1470,-3944,4706
1027,-4666,5340
423,-5109,5521
-48,-5014,4958
-327,-4589,4292
-641,-4568,4180
-592,-4515,4083
-444,-4363,4098
-196,-4070,4167
-138,-3852,4246
-225,-3209,4225
-266,-2700,4253
-652,-2539,4413
-1012,-2170,4356
-1563,-1931,4281
-2138,-1772,3913
-2567,-1172,3244
-2630,-173,2638
-2744,1425,1416
-3430,2108,1117
-3944,2189,1755
-4628,2520,2273
-5239,3430,1992
-5512,4583,1952
-5855,5645,1891
-5376,5575,2261
-5367,4113,3499
-5240,3198,4696
-4646,2315,6390
-3967,1147,7211
-2998,-57,7604
-2099,-931,8106
-1296,-1554,7831
-138,-1594,7532
1008,-1807,7185
1535,-2253,6911
1928,-2300,6585
1995,-2334,6290
1881,-2248,6197
1511,-1853,6170
1011,-1675,6439
749,-1586,6739
521,-1623,6897
553,-1700,6846
741,-1729,6383
988,-1794,5890
1124,-1697,4803
1194,-1616,4189
1332,-1739,3692
1332,-1781,3325
1179,-1744,3204
844,-1610,3036
549,-1460,2764
331,-1308,2598
243,-1213,2391
324,-1152,2179
480,-961,2024
788,-833,1895
862,-739,1985
864,-683,2202
755,-595,2496
492,-418,2737
176,-273,3131
99,-27,3337
-44,130,3597
-39,299,3699
130,340,3785
310,193,3860
587,-24,3942
743,-459,3956
839,-764,3858
887,-732,3565
890,-684,3535
819,-587,3724
706,-607,3915
534,-639,3969
322,-615,3774
67,-645,3630
-79,-720,3436
-157,-903,3315
-149,-1000,3078
-242,-1049,2792
-207,-993,2581
-147,-956,2455
-153,-1030,2527
-135,-1130,2522
-214,-1119,2728
-288,-1116,3051
-328,-1119,3328
-235,-1159,3886
-112,-1230,4238
131,-1335,4439
225,-1495,5042
180,-1520,5215
197,-1286,5018
142,-1362,4692
122,-1479,4384
130,-1548,4044
146,-1628,3777
100,-1591,3693
7,-1602,3749
66,-1732,3938
225,-1900,4073
450,-2054,3919
490,-2069,3747
509,-1992,3393
502,-1858,3286
298,-1926,3435
63,-2061,3974
-198,-2231,4400
-598,-2198,4656
-994,-2098,4954
-1241,-2061,5322
-1780,-2066,5487
-2166,-2329,6216
-2330,-2648,6723
-2239,-2370,6514
-2029,-2319,6302
-2076,-2314,5859
-2259,-2181,5241
-2465,-2007,5056
-2786,-2036,5219
-3172,-2086,5577
-3387,-2065,5854
-3671,-1910,5884
-3799,-1690,5688
-3859,-1673,5508
-3847,-1702,5158
-3842,-1738,4926
-3807,-1795,4466
-3830,-1827,4089
-3711,-1885,4086
-3484,-2007,4117
-3288,-2134,4228
-3267,-2133,4210
-3412,-1763,3845
-3404,-1630,3626
-3210,-1693,3420
-2938,-1876,3398
-2872,-2093,3242
-2852,-2114,2986
-2779,-2033,2503
-2603,-1978,2245
-2489,-1997,2273
-2205,-2066,2395
-2078,-1997,2549
-1990,-1901,2683
-2037,-1836,2718
-2091,-1822,2756
-2096,-1816,2651
-2018,-1834,2354
-1888,-1831,2141
-1545,-1798,1932
-1227,-1777,1824
-1028,-1657,1853
-955,-1621,1908
-931,-1515,2138
-929,-1481,2257
-937,-1456,2290
-873,-1395,2295
-778,-1288,2252
-742,-1252,2164
-670,-1231,2096
-680,-1248,2008
-661,-1361,1890
-630,-1391,1668
-647,-1565,1494
-709,-1623,1442
-753,-1703,1458
-729,-1810,1542
-716,-1891,1582
-576,-1909,1615
-555,-2014,1673
-415,-2081,1700
-300,-2115,1656
-181,-2116,1630
29,-2116,1566
186,-2134,1554
234,-2134,1492
303,-2131,1366
322,-2134,1310
356,-2107,1248
385,-2082,1148
447,-2092,1046
438,-2165,997
561,-2138,869
588,-2191,795
661,-2139,795
817,-2164,893
904,-2083,931
1020,-2027,1095
1113,-1971,1340
1276,-1912,1564
1230,-1976,1930
1153,-2013,2312
877,-2027,2483
541,-2012,2685
528,-1948,2657
563,-1881,2625
657,-1834,2681
720,-1767,2682
656,-1706,2482
564,-1534,2131
411,-1496,2035
156,-1438,1981
7,-1325,1943
-235,-1170,1977
-456,-1082,1972
-517,-1071,1924
-585,-1037,1881
-602,-1079,1807
-654,-1094,1766
-658,-1094,1723
-763,-1136,1584
-751,-1190,1480
-759,-1133,1463
-706,-1148,1415
-758,-1160,1333
-862,-1171,1298
-1002,-1249,1210
-1176,-1291,1257
-1317,-1359,1198
-1397,-1384,1115
-1388,-1412,1080
-1332,-1447,1092
-1279,-1521,1151
-1384,-1538,1202
-1367,-1603,1295
-1358,-1660,1283
-1274,-1571,1318
-1301,-1527,1415
-1377,-1405,1548
-1360,-1317,1636
-1505,-1215,1696
-1641,-1181,1782
-1711,-1103,1781
-1700,-1140,1697
-1703,-1174,1567
-1803,-1217,1522
-1914,-1324,1578
-1935,-1322,1619
-2016,-1345,1825
-1991,-1365,1996
-1912,-1329,2176
-1906,-1305,2297
-2155,-1374,2414
-2447,-1369,2386
-2584,-1317,2316
-2716,-1279,2271
-2768,-1248,2147
-2843,-1099,1892
-2932,-993,1551
-3103,-955,1416
-3288,-986,1416
-3474,-961,1508
-3706,-962,1616
-3887,-986,2072
-3964,-1005,2394
-3935,-714,2386
-3768,-692,2278
-3616,-780,2107
-3338,-879,1923
-3150,-848,1707
-3055,-901,1546
-3044,-863,1494
-3049,-862,1349
-3013,-941,1296
-2974,-960,1296
-2831,-933,1305
-2684,-898,1591
-2464,-872,1747
-2263,-855,1953
-2153,-801,2046
-1857,-867,2063
-1567,-852,1951
-1405,-909,1856
-1404,-948,1758
-1445,-969,1664
-1506,-1024,1604
-1674,-1100,1417
-1742,-1055,1242
-1742,-1035,1092
-1788,-993,1144
-1751,-906,1226
-1665,-881,1295
-1649,-863,1246
-1462,-851,1115
-1306,-843,990
-1174,-801,923
-1139,-764,937
-1196,-764,1064
-1215,-657,1139
-1270,-619,1197
-1331,-652,1261
-1272,-796,1236
-1272,-916,1224
-1138,-993,1117
-1012,-1085,1034
-820,-1159,1056
-638,-1160,1162
-585,-1149,1410
-528,-1091,1563
-531,-972,1771
-525,-885,2001
-379,-761,2032
-257,-702,2055
-219,-593,1976
-89,-573,1824
-69,-528,1587
-38,-519,1413
-22,-531,1026
-19,-533,840
26,-563,703
34,-536,634
34,-565,651
-22,-473,624
32,-424,691
70,-424,826
233,-389,955
314,-376,1034
415,-447,1105
521,-486,1213
690,-524,1254
851,-653,1245
935,-784,1165
1039,-927,1115
1050,-1104,1061
989,-1216,1087
846,-1237,1233
822,-1342,1331
817,-1381,1406
811,-1443,1498
799,-1526,1657
702,-1570,1640
654,-1556,1610
596,-1553,1571
653,-1513,1393
705,-1365,1365
710,-1222,1383
593,-1107,1474
552,-846,1513
420,-702,1503
341,-598,1477
212,-439,1469
30,-352,1292
-67,-196,1199
-173,-55,1001
-170,68,814
-166,196,714
-97,295,544
-144,346,515
-205,416,481
-240,471,461
-313,472,521
-270,554,461
-175,523,438
-97,511,401
-74,510,409
-47,460,369
-142,414,286
-209,334,268
-263,329,262
-202,300,239
-145,230,329
-43,151,335
97,109,357
144,-21,379
192,-119,368
278,-265,389
286,-382,413
371,-499,530
483,-631,634
507,-671,667
527,-753,768
485,-877,836
365,-956,870
321,-980,867
323,-1116,916
318,-1145,948
251,-1210,934
203,-1258,959
142,-1260,921
62,-1251,933
49,-1215,1037
2,-1149,1034
-36,-1093,1134
-53,-1038,1120
-110,-957,1098
-207,-898,1029
-273,-818,901
-391,-810,796
-462,-732,746
-614,-697,634
-685,-585,597
-756,-440,542
-777,-408,490
-739,-266,455
-735,-170,300
-742,-125,235
-779,-117,151
-766,-41,184
-739,38,171
-633,61,191
-555,94,207
-536,120,130
-436,91,97
-472,65,29
-484,11,4
-501,-79,-18
-489,-152,-20
-467,-176,-20
-494,-254,47
-439,-270,133
-401,-349,158
-367,-407,286
-253,-450,388
-90,-503,554
-20,-575,667
81,-604,746
123,-616,902
232,-606,974
215,-590,1103
116,-572,1109
65,-524,1125
26,-481,1121
42,-500,1016
24,-439,925
60,-439,807
33,-394,671
-113,-325,534
-229,-236,521
-569,-176,533
-810,-14,575
-1019,225,594
-1109,364,618
-1057,651,637
-957,738,599
-992,930,357
-983,923,176
-925,650,210
-671,507,45
-481,471,-78
-481,454,-237
-720,498,-260
-1175,854,-261
-1476,980,13
-1553,880,314
-1410,761,348
-1285,615,177
-1080,563,-114
-1024,394,175
-941,99,648
-891,207,794
-865,275,659
-759,165,405
-633,24,115
-426,-4,-17
-311,-205,40
-226,-285,206
-154,-373,236
-76,-374,274
-53,-528,193
-5,-617,175
-4,-758,190
75,-799,151
132,-894,52
201,-889,18
220,-902,-1
311,-945,94
316,-981,144
343,-1014,145
329,-1084,74
248,-1135,100
233,-1147,92
180,-1103,131
248,-1096,214
379,-1090,306
564,-1092,432
664,-1001,603
662,-975,630
568,-952,747
532,-887,706
424,-882,664
433,-809,588
484,-773,475
513,-722,369
431,-715,275
276,-642,267
107,-598,186
7,-495,195
-66,-408,142
-121,-351,59
-211,-283,21
-280,-222,11
-382,-186,61
-443,-148,145
-455,-129,239
-403,-80,411
-382,-63,440
-315,-119,419
-328,-224,378
-406,-307,326
-382,-401,251
-381,-513,234
-352,-576,165
-286,-685,204
-209,-749,289
-144,-706,336
-28,-785,338
9,-851,316
42,-941,232
76,-1077,180
153,-1157,175
201,-1217,263
166,-1273,334
251,-1246,506
277,-1260,588
210,-1242,683
269,-1170,757
269,-1227,789
165,-1258,750
110,-1217,700
79,-1183,685
54,-1083,641
-24,-969,577
-108,-791,550
-146,-739,528
-221,-555,595
-247,-356,660
-258,-268,643
-211,-127,678
-243,-48,646
-203,13,582
-186,46,485
-195,125,367
-221,100,264
-263,153,203
-332,206,199
-345,296,251
-312,364,277
-244,471,262
-129,525,237
-67,543,144
37,540,69
28,495,-10
137,483,-142
167,471,-156
265,420,-174
303,375,-174
402,340,-192
388,258,-190
398,132,-236
408,83,-230
424,-43,-228
430,-138,-199
453,-268,-188
433,-379,-127
493,-543,-65
592,-590,85
655,-714,114
738,-779,158
785,-846,250
765,-905,387
739,-990,518
722,-991,528
667,-924,628
734,-966,717
764,-1021,716
774,-1055,638
689,-1093,542
588,-1133,471
294,-1114,476
153,-1030,446
-40,-877,498
-54,-718,630
-50,-494,623
51,-310,667
70,-107,583
97,42,453
68,67,422
-3,60,454
-146,82,487
-219,177,544
-209,177,532
-141,194,455
-133,212,276
-102,206,116
-187,199,78
-196,241,81
-312,316,137
-294,286,108
-209,312,78
-196,347,82
-117,312,143
-114,263,246
-3,232,312
-3,189,400
13,144,403
18,52,423
46,42,423
-16,-101,414
45,-177,491
28,-254,517
29,-268,599
-5,-382,650
68,-427,668
85,-484,672
156,-477,701
156,-588,657
171,-616,686
179,-675,712
206,-642,806
220,-647,923
129,-652,940
75,-689,931
9,-714,843
-62,-773,790
-287,-807,741
-297,-742,753
-405,-712,850
-441,-654,933
-488,-518,914
-497,-474,936
-516,-365,921
-587,-288,930
-657,-130,814
-800,-53,757
-869,56,684
-1056,147,630
-1091,208,438
-1180,248,329
-1215,322,151
-1308,386,62
-1432,433,77
-1464,491,71
-1526,517,43
-1557,530,90
-1509,538,70
-1448,511,142
-1232,461,236
-1081,471,303
-1056,439,395
-938,390,497
-877,398,535
-835,383,647
-870,181,663
-804,23,703
-773,-218,739
-588,-270,687
-532,-306,748
-612,-352,774
-838,-230,670
-891,-218,701
-901,-312,857
-806,-491,897
-652,-569,798
-632,-596,572
-640,-593,509
-616,-624,528
-625,-666,603
-634,-609,600
-685,-611,632
-818,-493,556
-867,-434,595
-900,-349,596
-893,-296,627
-934,-217,514
-1077,-78,255
-1122,-55,76
-1114,-149,54
-867,-287,74
-612,-273,12
-508,-315,-52
-654,-140,-195
-1008,108,-289
-1274,256,-99
-1263,229,78
-1258,111,179
-1166,-16,91
-1128,-66,-209
-1092,-101,-251
-1063,-149,-166
-990,-130,45
-945,-93,85
-889,-33,33
-885,22,-33
-781,22,-43
-736,-3,17
-666,-79,80
-690,-106,99
-602,-120,47
-554,-108,53
-545,-155,45
-489,-180,37
-463,-222,72
-456,-229,38
-360,-228,67
-304,-238,118
-201,-227,76
-78,-264,43
-60,-242,-8
-43,-266,-35
-75,-219,-45
-64,-214,-62
-38,-185,-52
-38,-102,-69
-14,-8,-133
-28,78,-107
-27,169,-152
1,204,-192
36,309,-243
80,309,-346
75,349,-382
-31,355,-403
-55,423,-374
-172,480,-170
-240,533,-89
-206,590,-51
-214,623,-44
-159,639,-135
-112,540,-228
-86,512,-265
-108,487,-301
-173,423,-284
-214,382,-336
-223,298,-299
-207,214,-250
-164,111,-223
-90,17,-157
-107,-52,-119
-31,-105,-88
-47,-151,-45
20,-255,-56
74,-299,-59
111,-413,-87
204,-460,-115
236,-504,-47
255,-537,-43
297,-561,-38
326,-566,-6
350,-604,106
447,-605,132
464,-604,220
493,-652,224
497,-614,250
469,-667,216
504,-656,122
495,-665,113
484,-649,106
476,-660,99
444,-626,67
411,-581,37
370,-578,40
346,-460,-3
322,-423,11
328,-358,42
293,-257,100
253,-171,68
180,-150,20
168,-130,24
97,-33,14
49,5,5
28,79,31
54,80,-34
