=~=~=~=~=~=~=~=~=~=~=~= PuTTY log 2021.05.16 18:47:16 =~=~=~=~=~=~=~=~=~=~=~=,,
-61,140,40
3,92,50
71,59,146
181,47,215
341,-36,279
514,-64,352
702,-115,428
879,-135,421
963,-202,450
1011,-243,370
1001,-327,279
975,-274,178
843,-273,-22
789,-233,-124
688,-182,-214
535,-117,-270
452,-49,-291
381,35,-261
297,45,-214
299,187,-178
359,187,-128
371,189,-171
395,227,-353
413,243,-469
326,289,-600
244,281,-668
87,343,-680
-108,408,-690
-270,466,-664
-323,514,-519
-424,556,-499
-377,564,-450
-389,545,-407
-297,466,-409
-244,360,-524
-254,287,-604
-255,204,-670
-334,91,-768
-378,55,-790
-398,-24,-723
-400,53,-662
-445,26,-510
-436,20,-405
-368,-7,-180
-241,-20,-14
-62,-64,217
183,-100,364
378,-147,555
618,-126,656
836,-124,742
929,-140,769
980,-218,795
980,-223,762
903,-255,614
802,-297,506
738,-344,329
667,-410,187
563,-382,78
556,-371,-7
512,-356,-3
459,-342,65
464,-268,106
401,-140,186
416,-105,300
423,14,344
460,55,384
471,147,315
488,195,247
448,181,205
393,198,135
351,278,80
243,269,10
146,332,-33
42,381,-17
-138,444,5
-164,511,58
-278,542,85
-319,489,103
-269,506,105
-227,428,78
-289,427,7
-263,336,-153
-286,298,-336
-398,258,-411
-523,186,-457
-691,172,-438
-739,148,-382
-763,92,-342
-757,63,-222
-636,-10,-176
-617,-50,-36
-496,-87,29
-444,-105,144
-412,-150,223
-349,-192,345
-314,-222,393
-197,-284,512
-113,-327,560
-12,-358,648
98,-365,734
221,-401,816
327,-409,890
438,-382,892
461,-363,956
470,-365,966
421,-363,930
409,-365,867
377,-332,769
348,-267,646
274,-342,523
180,-337,451
87,-337,357
84,-320,238
51,-308,83
27,-290,-26
-24,-282,-166
1,-228,-250
-86,-189,-254
-85,-107,-259
-173,-10,-209
-239,30,-69
-270,84,-60
-272,97,63
-244,71,47
-171,100,-22
-70,59,2
-48,4,-78
-50,-49,-172
-89,-90,-242
-301,-90,-436
-365,-90,-536
-550,-166,-559
-621,-190,-518
-671,-273,-454
-617,-333,-394
-553,-348,-308
-413,-375,-247
-214,-363,-61
-84,-440,141
46,-403,259
187,-401,434
351,-396,515
445,-429,653
531,-409,691
604,-448,727
599,-505,698
518,-496,658
475,-525,577
388,-552,491
376,-568,476
265,-529,412
318,-543,368
348,-555,301
405,-517,236
395,-505,262
476,-546,265
470,-526,197
485,-436,116
389,-338,82
333,-381,48
139,-323,45
97,-324,91
23,-261,25
-119,-152,-13
-150,-93,-150
-210,-22,-270
-289,68,-306
-378,36,-410
-418,60,-449
-528,95,-453
-576,80,-480
-578,118,-460
-607,144,-436
-627,153,-413
-618,251,-386
-610,231,-351
-640,345,-237
-670,312,-170
-704,294,-86
-683,274,-52
-728,265,-36
-697,197,-82
-668,153,-112
-730,17,-215
-722,-71,-257
-652,-117,-346
-589,-190,-408
-553,-237,-437
-458,-238,-415
-411,-309,-392
-367,-326,-346
-322,-293,-268
-297,-252,-204
-328,-198,-192
-387,-110,-139
-355,-61,-90
-329,-10,-57
-301,75,-98
-319,130,-63
-272,187,-95
-283,201,-105
-334,267,-209
-367,277,-254
-365,339,-301
-452,376,-404
-527,430,-482
-607,440,-519
-654,487,-510
-638,580,-460
-695,651,-292
-682,738,-121
-629,798,-43
-571,824,31
-498,812,52
-468,804,-9
-368,746,-5
-366,701,-84
-344,637,-173
-306,601,-176
-318,459,-202
-292,397,-100
-292,378,-101
-216,378,33
-197,383,118
-132,395,336
-5,312,462
39,286,466
112,165,430
163,99,405
201,-5,336
236,-81,284
306,-140,270
344,-133,319
382,-156,384
387,-138,482
435,-148,580
499,-135,688
523,-116,694
578,-100,688
601,-135,565
640,-152,469
607,-169,313
525,-231,203
486,-233,0
336,-250,-103
220,-225,-221
52,-162,-246
-57,-102,-316
-152,-27,-298
-195,73,-236
-252,83,-197
-263,111,-170
-223,194,-97
-169,210,-89
-103,140,-36
37,175,-24
157,151,-49
240,149,-32
309,140,13
327,148,83
263,160,123
183,189,189
101,223,231
13,222,310
-22,129,319
10,61,304
56,-36,232
127,-103,167
184,-203,144
225,-273,71
227,-380,78
202,-427,94
169,-448,68
80,-465,18
48,-472,42
-47,-453,59
-78,-468,47
-133,-506,3
-149,-439,7
-144,-467,-40
-83,-490,-50
-40,-474,-146
-49,-452,-165
-55,-410,-148
-119,-311,-136
-170,-271,-88
-219,-170,-78
-334,-79,-64
-467,-39,-76
-540,20,-108
-664,54,-187
-723,68,-270
-690,36,-346
-687,78,-358
-675,118,-331
-657,151,-313
-635,187,-289
-701,201,-219
-721,217,-191
-728,251,-241
-781,262,-271
-865,236,-359
-849,172,-392
-815,107,-437
-775,116,-425
-749,113,-424
-629,90,-304
-625,81,-238
-492,75,-50
-422,63,85
-369,67,226
-281,55,385
-249,86,518
-216,50,640
-137,26,701
-48,-27,718
121,-65,753
248,-147,766
491,-235,710
592,-327,655
710,-363,580
774,-433,546
693,-420,498
682,-444,433
516,-398,424
385,-365,319
257,-309,290
173,-273,239
132,-209,211
119,-220,138
61,-192,82
67,-218,-29
70,-253,-154
50,-242,-326
22,-235,-458
5,-171,-581
-91,-173,-601
-96,-119,-553
-135,-22,-491
-171,55,-382
-159,104,-264
-179,198,-171
-166,231,-91
-201,239,-29
-152,231,-34
-102,161,-89
-48,99,-214
24,31,-286
62,-50,-401
40,-82,-521
1,-90,-566
-96,-69,-574
-207,-121,-533
-327,-102,-500
-414,-69,-381
-429,-86,-353
-372,-93,-297
-233,-121,-310
-202,-171,-268
2,-180,-174
89,-186,-162
205,-191,-102
279,-150,31
286,-178,75
315,-173,229
277,-100,231
297,-88,258
281,-67,251
266,-111,222
241,-81,164
249,-86,95
233,-117,72
290,-117,-55
333,-130,-105
414,-176,-171
348,-145,-165
344,-138,-141
229,-55,-177
203,-79,-135
163,-46,-180
120,-20,-242
148,3,-389
127,-26,-313
118,-10,-367
130,-2,-389
108,-20,-382
189,-51,-328
210,-90,-275
201,-72,-226
236,-115,-221
304,-176,-249
358,-249,-283
391,-214,-280
454,-276,-185
438,-270,-119
400,-264,9
312,-209,157
242,-215,231
240,-261,391
246,-271,452
305,-287,587
497,-320,692
738,-360,776
883,-370,859
1061,-422,914
1110,-451,960
1119,-468,1013
1057,-434,1046
938,-386,979
923,-218,1054
906,-311,1143
708,-533,1188
597,-474,729
459,-417,409
405,-364,-14
272,-459,-184
220,-557,-321
71,-607,-421
-110,-498,-426
-171,-339,-408
-339,-223,-252
-488,-90,-95
-522,62,-63
-638,107,-63
-651,177,-124
-603,215,-159
-539,199,-128
-358,180,-109
-214,98,7
45,59,135
188,79,146
275,60,113
284,210,35
211,300,24
10,357,68
-177,386,246
-292,401,312
-276,398,485
-163,324,599
-45,282,763
204,176,890
373,138,1044
613,21,1065
736,-26,1096
881,-133,1023
964,-211,907
982,-344,864
852,-373,729
788,-486,627
696,-522,510
619,-518,502
527,-575,494
492,-509,471
492,-418,591
525,-354,686
596,-261,715
686,-164,721
755,-95,778
765,-27,701
755,-38,654
755,-3,537
753,43,383
701,158,241
561,254,192
403,452,334
215,453,404
139,595,433
-39,601,388
-79,620,319
-162,608,82
-186,634,-86
-169,611,-253
-156,611,-325
-65,623,-379
-67,670,-356
-90,744,-146
-101,790,109
-74,804,293
-89,800,485
-49,796,539
3,781,494
99,720,427
165,588,304
218,565,42
307,479,-60
300,383,-121
338,225,-9
255,97,339
256,-79,555
317,-156,734
547,-218,811
840,-287,812
1102,-491,786
1426,-557,738
1626,-704,675
2025,-815,623
2167,-925,489
2368,-1040,408
2572,-1083,274
2670,-1122,161
2939,-1167,4
3071,-1165,-265
3379,-1150,-563
3753,-1050,-1050
3993,-1002,-1439
4373,-907,-1586
4519,-915,-1561
4664,-946,-1504
4644,-918,-1493
4579,-839,-1482
4492,-828,-1443
4324,-764,-1476
4149,-658,-1609
3926,-599,-1657
3775,-505,-1718
3575,-413,-1678
3415,-377,-1514
3293,-277,-1450
3219,-168,-1325
3131,-95,-1207
3070,8,-1073
2940,50,-946
2828,177,-872
2650,199,-889
2467,220,-889
2200,201,-952
1935,170,-1014
1730,92,-1130
1497,99,-1346
1308,70,-1473
1080,54,-1552
822,39,-1619
656,-11,-1661
430,-11,-1690
280,-12,-1699
47,-4,-1663
9,15,-1710
2,30,-1725
142,73,-1755
479,139,-1782
799,123,-1641
1300,132,-1514
1724,86,-1203
2069,125,-981
2571,187,-690
2905,298,-364
3261,376,-209
3415,433,-48
3484,449,23
3312,433,-10
3139,424,-38
2816,376,-86
2576,345,-140
2297,308,-214
2226,272,-199
2108,317,-202
2071,284,-164
2123,279,-80
2148,274,-76
2125,319,-58
2123,376,-100
2074,441,-201
2017,546,-471
1961,635,-648
2008,693,-804
1894,729,-714
1628,454,-569
1368,280,-676
1278,154,-950
1364,151,-1423
1461,142,-1860
1634,142,-2052
1726,222,-2099
1728,317,-1968
1496,429,-1733
1149,504,-1378
945,483,-1240
718,536,-1161
731,506,-1298
727,271,-1387
874,149,-1523
1041,-86,-1549
1267,-162,-1568
1554,-290,-1514
1646,-384,-1413
1591,-412,-1196
1680,-478,-851
1778,-461,-539
2076,-380,50
2444,-275,663
3048,-148,1204
3749,-63,1931
4242,-3,2383
4821,28,2944
5171,7,3179
5537,-3,3449
5691,-139,3538
5769,-250,3480
5789,-526,3335
5742,-833,3161
5675,-1030,2977
5715,-1253,2732
5720,-1393,2662
5704,-1507,2588
5648,-1539,2591
5490,-1578,2501
5303,-1547,2338
5125,-1546,2051
4799,-1521,1866
4360,-1523,1461
4062,-1511,1072
3689,-1526,855
3337,-1563,650
3159,-1554,561
2946,-1512,520
2818,-1452,437
2734,-1374,395
2628,-1334,300
2529,-1294,81
2431,-1298,-57
2212,-1238,-304
2053,-1119,-606
1799,-1054,-773
1397,-987,-979
1191,-900,-1155
809,-754,-1234
440,-672,-1339
196,-505,-1462
-166,-318,-1540
-465,-224,-1562
-779,-86,-1527
-1137,101,-1493
-1426,122,-1398
-1571,223,-1230
-1712,260,-1093
-1673,313,-874
-1619,326,-593
-1379,460,-387
-1005,511,42
-757,485,374
-331,457,843
-57,415,1160
254,414,1517
412,421,1695
670,343,1975
827,279,2162
1068,208,2274
1226,37,2458
1506,-143,2452
1786,-249,2488
1932,-446,2455
2233,-596,2467
2379,-741,2342
2513,-919,2337
2671,-987,2290
2705,-1041,2122
2720,-1133,2053
2700,-1164,1884
2617,-1222,1669
2521,-1287,1538
2396,-1332,1316
2400,-1309,1113
2332,-1298,988
2327,-1185,886
2249,-1256,814
2297,-990,1024
2610,-529,1513
2709,138,1628
2548,658,1757
2169,388,2037
1583,533,1895
1320,282,1742
1234,593,1299
1233,220,1224
1244,-50,904
1492,-187,740
1698,-294,640
1909,-158,566
1989,-61,820
1992,287,897
1657,834,703
1196,990,1146
517,889,1646
150,1229,1020
-413,1570,436
-787,1226,911
-778,621,1252
-233,931,709
-12,1560,215
-139,1507,162
-414,923,1008
-652,714,1048
-848,590,1051
-744,262,1105
-469,256,-13
-383,225,-863
-375,-171,-856
-333,-426,-992
-270,-699,-877
7,-906,-422
223,-867,-272
838,-942,263
1161,-1006,537
1778,-1185,942
2325,-1300,1250
2756,-1328,1404
3188,-1298,1651
3398,-1377,1945
3372,-1414,2068
3301,-1346,2163
3122,-1298,2174
3022,-1284,2155
2918,-1192,2041
2887,-1042,1930
2838,-1033,1904
2885,-1018,1850
3050,-981,1762
3086,-924,1556
3209,-905,1365
3225,-792,1064
3067,-714,993
2879,-634,769
2804,-517,663
2577,-403,549
2410,-221,387
2156,-46,260
1849,73,129
1679,172,-15
1383,191,-156
1165,183,-246
893,149,-520
634,168,-646
383,184,-947
203,300,-1452
-70,1624,-1441
-561,1897,198
-983,1961,1479
-1183,2042,2670
-1144,2181,2965
-675,2235,3000
-157,2059,2656
111,1880,2460
525,1817,2655
910,2244,4002
1314,2669,5144
1505,2837,6279
1522,2579,6725
1528,2380,6454
1622,2264,6392
1978,2355,7034
2726,2425,7846
3580,2453,9452
4181,2553,10158
4770,2579,10710
5118,2617,10892
5158,2825,10832
5108,3007,10849
4880,3099,11044
4663,3098,11219
4211,3237,11671
4033,3745,11379
4284,3271,9704
5148,2441,7406
5189,1677,5988
4784,913,5586
3559,360,5435
2618,-268,5575
1390,-946,5355
789,-1232,4563
715,-1414,4055
820,-1488,3566
893,-1420,3523
896,-1433,3537
812,-1407,3372
815,-1612,2952
807,-1986,2585
953,-2385,2053
1161,-3045,1428
1620,-3653,1091
2244,-4036,793
2683,-4455,784
3356,-4702,907
3922,-4788,1102
4278,-4812,1248
4618,-4849,1349
4810,-4829,1488
4933,-4754,1638
4992,-4637,1712
4990,-4569,1766
5034,-4447,1830
5179,-4257,1766
5437,-4112,1610
5537,-3864,1487
5725,-3677,1298
5729,-3519,1162
5726,-3299,908
5485,-3157,691
5203,-3051,625
4944,-2935,682
4621,-2864,852
4391,-2784,1390
4041,-2822,1808
3521,-2813,2672
3086,-2840,3549
2605,-2638,4237
2300,-2588,5232
2106,-2269,6187
2175,-1915,6835
2237,-1736,7178
2569,-1054,7172
2761,-428,7169
2908,-87,7243
2911,361,7464
2909,601,7596
2846,696,7890
2863,482,7176
1183,4,812
1255,-484,-1780
796,-984,-4136
632,-1426,-5962
702,-1486,-7218
833,-1568,-7864
521,-1714,-7771
398,-1879,-7637
281,-2009,-7038
432,-2211,-6216
613,-2466,-5543
1113,-2570,-4525
1790,-2742,-3629
2215,-2788,-2896
2849,-2757,-2542
3520,-2656,-2449
4296,-2491,-2790
4701,-2457,-3049
5181,-2251,-3307
5629,-2068,-3373
6079,-1777,-3267
6392,-1539,-3181
6740,-1434,-3011
6890,-1436,-2847
6856,-1270,-3032
7623,-1316,-3113
7751,-1162,-3402
8069,-1196,-3942
8169,-1178,-4738
8479,-1204,-5364
8495,-1251,-6335
8615,-1366,-7309
8614,-1563,-8174
8583,-1770,-8550
8614,-1950,-8887
8605,-2255,-8874
8508,-2823,-8485
8377,-3580,-8173
8268,-4223,-7326
8190,-5105,-6417
8106,-5980,-5770
8052,-6774,-5006
8250,-7232,-4609
8289,-7772,-3854
8304,-8183,-3290
8507,-8414,-2312
8770,-8486,-1332
8947,-8540,-445
9200,-8380,131
9263,-8228,917
9403,-8012,1650
9499,-7786,2138
9651,-7646,2735
9793,-7480,3232
10071,-7405,3438
10393,-7338,3630
10764,-7316,3728
10928,-7399,3758
11188,-7399,3550
11347,-7227,3232
11278,-7148,2680
11550,-6701,2425
11974,-6308,2047
12362,-6058,1648
12564,-5757,1333
12713,-5594,1196
12948,-5601,1127
13459,-5762,1153
13312,-5449,1147
12952,-5149,1156
12818,-4983,1188
12405,-4794,1252
12001,-4597,1274
11885,-4525,1266
11716,-4433,1126
11456,-4413,815
11178,-4464,549
10890,-4427,135
10388,-4283,-145
10200,-4165,-259
9820,-4003,-365
9388,-3853,-353
9037,-3676,-403
8614,-3560,-340
8254,-3503,-280
8152,-3266,-64
7991,-3151,126
7880,-3042,434
7823,-3012,893
7727,-2984,1235
7732,-3018,1815
7739,-3088,2314
7820,-3225,3133
7901,-3453,4110
8014,-3799,5062
8122,-4192,5654
8422,-4460,6333
8641,-4761,6724
9456,-5121,6690
11444,-5268,5929
12971,-5787,4710
14371,-5180,4139
13963,-4811,3050
14300,-3766,2817
13686,-2606,2228
13585,-2494,1861
13574,-2061,1823
12758,-1669,1566
12845,-1215,1711
12440,-1415,1140
13180,-1501,379
13567,-1322,-552
14375,-1242,-1327
14970,-876,-2337
15283,-664,-3409
15760,-302,-4278
18028,56,-4892
16549,204,-5751
15830,782,-5777
15667,1130,-5805
15868,1327,-5525
15904,1436,-4903
15887,1511,-4191
15725,1532,-3778
15692,1550,-3122
15790,1519,-2452
15671,1648,-1883
16060,1561,-1506
16370,1611,-922
16642,1850,-574
17165,2123,-401
17786,2203,-225
18212,2423,-252
18833,2678,-349
19196,2777,-499
19335,2939,-987
19383,2967,-1328
19570,3064,-1847
19702,3014,-2047
19579,3116,-2276
19356,3379,-2353
19241,3433,-2362
19055,3415,-2243
18931,3297,-1948
18819,3244,-1643
18805,3218,-1043
18412,3054,-604
18285,2741,-434
17597,2665,-243
17438,2630,-204
17166,2932,-262
16801,3121,-318
16356,3256,-407
16054,3526,-510
15602,3721,-555
15065,3893,-540
14699,3877,-489
14263,3780,-458
14046,3621,-351
13954,3467,-285
13222,2986,-204
12655,2763,-111
12344,2376,156
12250,2077,307
11730,1788,452
11504,1405,529
11065,1223,563
10637,1048,671
10343,952,874
9933,964,1323
9750,899,1840
9272,722,2207
8999,687,2763
8564,613,3131
8211,563,3673
7992,409,4041
7608,294,4515
7387,163,4863
6833,2,5051
6503,26,5269
5975,97,5424
5449,152,5568
5175,170,5606
4807,253,5698
4594,253,5679
4396,244,5554
4344,224,5376
4489,344,5276
5660,694,5501
5367,467,5262
4961,-220,4528
4814,-667,3838
5312,-1079,3424
5482,-1256,2844
5492,-1144,2493
5359,-918,2233
5485,-792,1906
5612,-552,1648
5790,-461,1383
6045,-443,836
6193,-469,428
6427,-400,-308
6641,-202,-1090
6902,22,-1579
7069,213,-2284
7215,525,-3027
7256,902,-3353
7292,1099,-3913
7356,1323,-4293
7403,1461,-4847
7458,1515,-5463
7428,1641,-5857
7523,1803,-6465
7652,1804,-7078
7676,1840,-7370
7491,1716,-7621
7263,1712,-7673
7078,1667,-7439
6795,1622,-6770
6356,1617,-5837
5983,1564,-5038
5577,1526,-3801
5247,1491,-2481
5193,1440,-1639
5164,1362,-469
5177,1364,442
5396,1464,1006
5267,1528,1569
5208,1631,2003
5193,1700,2296
5152,1646,2623
5108,1628,3001
5163,1503,3190
5138,1417,3575
5137,1257,3775
5226,1164,4178
5279,1080,4458
5307,948,4547
5332,912,4552
5305,826,4390
5209,772,4215
5060,748,3942
4895,693,3739
4680,646,3331
4673,603,3077
4630,533,2654
4504,439,2312
4347,377,2075
4213,318,1670
4082,189,1350
3908,61,931
3799,-89,643
3687,-220,174
3509,-346,-320
3334,-430,-583
3124,-514,-1003
3016,-623,-1277
2759,-668,-1605
2628,-670,-1904
2636,-794,-1925
2589,-863,-1933
2537,-900,-1717
2401,-994,-1514
2252,-1132,-1380
2148,-1209,-1142
2114,-1362,-802
2160,-1477,-580
2112,-1561,-278
2015,-1684,278
1935,-1762,691
1963,-1803,1617
1986,-1911,2832
2096,-1988,3719
2216,-2001,5164
2277,-2091,6472
2448,-2080,7212
4126,-2383,8159
3528,-2228,8764
2940,-1988,9146
2886,-1881,9471
2918,-1777,9601
2996,-1658,9551
3153,-1659,9352
3263,-1544,9026
3389,-1377,8790
3586,-1324,8235
3724,-1137,7735
3794,-955,7306
3934,-844,6496
3974,-602,5515
4090,-424,4857
4286,-312,3898
4422,-119,2962
4694,56,2383
4950,204,1496
5159,366,902
5449,423,175
5678,549,-254
5935,606,-810
6107,608,-1304
6402,611,-1637
6596,582,-2130
6771,447,-2549
6887,537,-3072
7046,555,-3529
7171,465,-3851
7268,436,-4339
7415,393,-4763
7614,416,-5006
7802,364,-5375
7876,364,-5709
8062,403,-5848
8320,526,-5869
8349,724,-5825
8433,943,-5699
8529,1065,-5444
8403,1325,-5223
8407,1583,-4828
8491,1708,-4450
8559,1900,-4176
8742,2053,-3830
8950,2164,-3544
9063,2331,-3357
9270,2494,-3148
9387,2633,-2956
9513,2785,-2881
9659,2903,-2810
9877,2941,-2789
9988,2996,-2757
10096,3005,-2730
10196,3010,-2748
10269,2908,-2688
10366,2754,-2606
10563,2640,-2319
10747,2451,-1935
10913,2067,-1458
11128,1652,-1068
11442,1348,-497
11776,826,-48
11891,376,175
12272,31,353
12420,-467,298
12502,-723,50
12567,-1040,-330
12607,-1298,-612
12602,-1611,-1137
12391,-1675,-1733
12353,-1831,-2301
12238,-1903,-2634
11915,-1921,-3098
11831,-1980,-3518
11614,-1987,-3777
11557,-1903,-3866
10939,-1611,-3734
10622,-1840,-3945
10416,-2103,-4168
10082,-2152,-4322
9741,-2079,-4354
9327,-2036,-4299
9248,-1808,-4198
9182,-1612,-4117
9306,-1303,-4081
9423,-1125,-3960
9638,-961,-3774
10007,-789,-3579
10188,-737,-3386
10570,-671,-3034
10950,-695,-2961
10969,-1208,-3172
11486,-1410,-3459
12002,-1440,-3766
12323,-1106,-4109
11986,-739,-4423
12442,-216,-4718
13158,135,-5023
13662,699,-5310
14282,952,-5544
14051,1181,-6024
14250,1237,-6129
14928,1249,-5963
15657,1548,-5785
16211,1631,-5630
16529,1624,-5239
16943,1867,-4910
16839,2020,-4810
16896,2277,-4559
16908,2707,-4417
16770,3042,-4300
16541,3235,-3938
16280,3561,-3452
16077,3699,-3098
15913,3708,-2916
15555,3803,-2609
15251,3753,-2333
14988,3535,-1984
14463,3290,-1721
14061,3043,-1332
13501,2934,-1027
13184,3060,-815
12477,3123,-461
11863,3162,31
11485,3202,393
10880,3152,1033
10269,2976,1418
9820,2833,1596
9253,2602,1896
8869,2229,1953
8322,1826,1979
7941,1594,2014
7709,1316,2059
7252,1053,2103
6971,891,2124
6847,639,2110
6907,447,2178
6948,295,2432
6992,142,2553
7020,79,2761
7029,-214,2925
6849,-408,3107
6720,-645,3218
6437,-1004,3288
6168,-1142,3405
5977,-1383,3540
5845,-1678,3628
5802,-1833,3915
5828,-2023,4111
6001,-2172,4187
6286,-2227,4176
6524,-2421,3989
6766,-2674,3788
6882,-2762,3392
6930,-2702,3164
6899,-2627,3015
7051,-2385,2730
7057,-1957,2175
6996,-1288,1888
6955,-1057,1918
6920,-805,2046
6818,-614,2047
6565,-540,2002
6458,-250,1925
6371,5,1712
6380,40,1495
6408,170,1347
6501,125,1164
6586,81,995
6622,55,729
6700,-97,535
6709,-140,112
6668,-299,-91
6731,-365,-397
6843,-387,-787
7250,-484,-948
7557,-512,-1329
7540,-625,-1646
7434,-685,-1791
7136,-801,-1675
6997,-1034,-1784
6800,-1050,-1784
6663,-1082,-1810
6702,-1048,-1787
6799,-1087,-1532
6756,-1216,-1322
7012,-1243,-1007
7098,-1382,-749
7083,-1374,-450
7134,-1339,-55
7216,-1295,361
7317,-1320,532
7152,-1270,776
7027,-1264,947
6877,-1253,965
6641,-1324,1165
6637,-1682,1509
6614,-1997,1702
6600,-2229,2034
6598,-2664,2259
6469,-2965,2387
6142,-3164,2665
5960,-3527,3152
5705,-3751,3495
5511,-3836,4240
5568,-3902,5023
5854,-3680,5479
6239,-3579,6454
6565,-3494,7257
6946,-3476,7502
7565,-3322,8044
7805,-3350,8515
8413,-3370,8816
9194,-3319,9104
9894,-3162,9102
10522,-2976,9095
10341,-2923,8952
10333,-3073,9038
10413,-2845,8471
10645,-2435,8114
11021,-2245,7278
11274,-2025,6706
11442,-2021,6089
11730,-2215,5454
11894,-2506,5022
12126,-3133,4644
12147,-3798,4541
12334,-4382,4324
12525,-4758,4424
12760,-5384,4658
13062,-5887,4914
13246,-5767,5077
13079,-5650,4350
13057,-5778,4075
13116,-5926,3761
12985,-5903,3234
12680,-5649,3151
12591,-5556,2820
12335,-5518,2565
11967,-5453,1968
11507,-5289,1348
11332,-5339,710
10845,-5123,653
10560,-5037,614
10453,-4875,516
10440,-4632,540
10267,-4501,667
10175,-4475,1035
9980,-4424,1287
9744,-4365,1515
9536,-4214,1774
9119,-3940,1899
8812,-3754,2253
8583,-3461,2868
8523,-2862,2950
8419,-2594,3333
8386,-2084,3891
8318,-1476,4240
8159,-1144,4603
8094,-669,4742
7834,-231,4802
7574,-5,5012
7396,344,5129
7054,569,5202
6883,948,5229
6837,1354,5193
6770,1644,5158
6702,1974,5204
6875,2133,5153
7058,2259,5128
7207,2440,5040
7339,2513,4888
7391,2519,4779
7485,2401,4595
7383,2257,4374
7333,2055,4101
7340,1846,3941
7349,1764,3777
7441,1489,3725
7797,1157,3590
8143,999,3253
8377,638,3007
8618,392,2688
8699,-89,2313
8692,-566,1914
8516,-770,1364
8535,-970,959
8599,-1199,585
8637,-1503,96
8726,-1724,-140
8796,-1830,-512
8856,-1981,-816
9014,-2208,-1001
9155,-2263,-1416
9109,-2461,-1809
9148,-2558,-1931
9107,-2649,-2057
9148,-2677,-2208
9274,-2805,-2209
9064,-2753,-2209
8936,-2736,-2165
8679,-2688,-2099
8525,-2679,-1997
8253,-2548,-1938
7986,-2495,-1961
7680,-2384,-1926
7488,-2362,-1964
7132,-2324,-1974
7128,-2319,-1851
7642,-2422,-1758
7320,-2238,-1879
6872,-2047,-1879
6764,-2152,-1683
6663,-2074,-1453
6582,-2031,-1201
6534,-2030,-938
6559,-2013,-630
6560,-1985,-248
6669,-1996,-83
6830,-2025,197
6996,-2016,469
7184,-1977,791
7360,-1962,1036
7443,-1915,1203
7663,-1853,1423
7877,-1761,1743
8037,-1630,1877
8081,-1539,1987
8055,-1353,1921
8046,-1209,1854
8076,-1035,1579
8205,-713,1248
8415,-432,968
8695,-266,672
8856,-173,431
9212,-162,205
9371,-111,-256
9591,-58,-510
9832,-41,-664
10020,-98,-700
10514,-161,-699
10711,-28,-863
10746,94,-829
10980,219,-735
11072,337,-396
11271,619,-337
11255,847,-43
11396,1161,225
11436,1616,315
11830,1822,899
12239,2136,1229
12591,2473,1649
12824,2820,1816
12293,3318,1864
13317,3894,2569
13266,4137,3718
13347,4460,4706
13127,4866,6110
11125,5262,7875
9910,5377,8296
12696,5535,10449
12639,5715,10597
12952,5729,11690
13566,6525,11604
13559,6815,11678
13097,6484,12883
12864,6210,13091
12955,5796,12918
13142,5014,12570
12924,4192,13049
12686,3233,12531
12781,2382,12799
12688,2524,13563
12607,2083,13696
12746,1236,12805
12920,509,13334
12205,122,12696
12025,-746,11540
12144,-1384,10302
12405,-1722,9068
12294,-2342,8753
12440,-2942,7702
12382,-3735,7325
12024,-4079,6768
12668,-4640,6013
12814,-5063,5224
13111,-5206,4533
13215,-5422,3530
13464,-5475,2557
13699,-5933,1593
14158,-5718,957
13471,-5652,-349
12806,-4919,-1758
13392,-5037,-2359
14186,-4825,-3217
13626,-4674,-4335
12683,-4252,-5284
12995,-3505,-5709
13142,-2503,-6345
12405,-2083,-6635
11570,-1482,-6573
11060,-1011,-6545
11106,-323,-6443
10725,198,-6330
9973,735,-5995
9362,1143,-5863
8337,1364,-5769
6534,1385,-6006
6146,1314,-6068
6655,1707,-5932
7374,2084,-5493
7561,2577,-5099
7823,2716,-4427
8300,2894,-3766
8907,3017,-3387
9976,2967,-2754
10850,2771,-2460
11266,2340,-2434
11757,1867,-2587
12178,1452,-2871
12357,927,-3327
12154,186,-3537
11969,-210,-3771
11799,-758,-3995
11484,-1197,-4046
11119,-1662,-3815
10594,-1897,-3090
10120,-2055,-2817
9957,-1969,-2638
9537,-1581,-2620
9422,-1220,-2461
9334,-785,-2456
9106,-604,-2333
8602,-457,-1938
8038,-320,-1650
7763,85,-1639
7879,371,-1824
8040,676,-2066
8176,1225,-2082
7870,1554,-2215
7581,2106,-2583
7330,2634,-2846
6926,3461,-2696
6393,4284,-2656
5402,4981,-2788
4499,5556,-3093
3898,6674,-3356
3003,7913,-3690
2332,8957,-4215
2210,9890,-5550
2168,11486,-6085
1534,13240,-6140
707,15366,-5922
125,17040,-5147
-1201,17593,-5152
-1968,17271,-5517
-2805,18290,-5116
-3987,18783,-4817
-4638,18556,-4744
-4925,18672,-4381
-4589,18571,-3050
-5835,17911,-2933
-5779,16209,-2888
-6081,15464,-2755
-6888,14308,-2977
-7044,13119,-3481
-6669,10820,-3960
-5779,9609,-4490
-7312,8754,-5315
-6876,6294,-5415
-6885,7443,-4746
-7814,7320,-4514
-7628,6742,-4566
-7687,5445,-4759
-7778,4132,-5010
-7835,3382,-5415
-7639,2109,-5726
-7611,1122,-5954
-7860,-241,-6255
-7089,-1675,-6672
-8794,-2969,-7319
-9202,-4335,-7533
-9154,-6094,-7647
-8934,-7777,-7610
-9153,-8569,-7644
-9344,-9803,-7783
-8820,-11567,-7984
-7250,-14140,-8517
-4154,-16492,-9246
-1185,-20525,-9909
-2182,-23028,-10192
-2373,-25116,-10524
-2981,-26573,-10438
-3368,-27613,-10173
-2670,-29051,-9738
-2108,-30435,-9755
-2364,-31915,-9618
-2902,-32528,-9280
-2915,-32768,-8982
-3220,-32768,-8588
-2992,-32768,-8313
-2993,-32768,-8626
-1944,-32768,-9204
-1498,-32768,-9924
-1562,-32768,-10298
-1133,-32768,-10245
-675,-32768,-10289
-345,-28738,-8798
871,-26117,-6786
615,-23756,-5584
497,-21897,-4670
575,-20382,-3629
439,-19816,-3044
466,-19032,-2787
473,-18544,-2704
357,-18377,-2843
292,-17902,-3157
127,-17240,-3500
-164,-16406,-3690
-240,-15866,-3780
-582,-15092,-3632
-799,-14226,-3293
-1253,-13325,-3024
-1474,-12487,-2592
-1601,-11777,-2036
-2037,-10694,-1485
-1136,-8934,-990
-989,-7999,-716
-772,-7276,-379
-765,-6277,248
-1018,-5358,722
-1062,-4931,1295
-693,-4629,1855
-246,-4775,2229
871,-4643,2316
1822,-4892,2299
2299,-5263,2207
2812,-5226,2135
2675,-4962,2096
2419,-4621,1722
1924,-4480,1303
2283,-4553,786
2279,-4555,530
2659,-4601,108
2830,-5032,-131
2718,-5573,-312
3005,-5823,-929
3119,-6059,-1514
3107,-6161,-1978
3133,-6291,-2731
3093,-6215,-3476
3103,-5673,-4128
3380,-4152,-4465
3397,-1960,-5031
3349,-703,-5391
3360,978,-5707
3495,2606,-5794
3639,3717,-5883
3824,5349,-5839
4147,6875,-5600
4101,7729,-5399
4095,8791,-5057
4246,9433,-4844
4509,9680,-4539
4857,9815,-4256
5066,10129,-4165
4654,10430,-3994
3796,11292,-3799
3692,11807,-3669
3896,11109,-3683
3920,10874,-3411
3371,10530,-3316
4020,9355,-3235
4476,8830,-3115
4880,8755,-2817
5043,8651,-2497
5309,8226,-1932
5776,7726,-1384
5915,7009,-1069
6138,6484,-668
6354,5411,-413
6445,4409,-190
6330,3839,-64
6404,3460,132
6458,2883,36
6513,2098,-31
6913,1409,-204
6452,1216,-614
7372,-133,-186
6845,-665,-1109
6570,-992,-1701
5658,-1351,-1963
3874,-2387,-2037
3608,-3390,-2326
4142,-3951,-2454
4818,-4420,-2295
5111,-4801,-2033
5613,-5074,-2223
6300,-5661,-2139
7398,-5981,-2222
7451,-5711,-2554
7917,-5714,-2752
7391,-5476,-3341
8053,-5477,-2989
8143,-4804,-3214
8265,-4577,-2942
8333,-3773,-3202
8328,-3344,-2920
7839,-2795,-2872
7595,-1973,-2748
7673,-1251,-2612
7631,-718,-2642
7550,-413,-2397
7524,-13,-2128
7985,565,-1951
8336,849,-1826
8301,1276,-1651
8299,1502,-1516
9217,1656,-1260
8813,2011,-1120
8320,2558,-912
7793,3047,-562
7666,3642,19
7979,4092,419
7991,4768,1179
8058,4952,1457
8160,4935,1949
8266,4881,2311
8185,4679,2560
8052,4552,2890
7991,4549,3157
7780,4495,3393
7316,4288,3427
7207,4289,3560
7059,4269,3569
6723,4142,3499
6293,3904,3318
5962,3868,3271
6077,3893,3145
5535,3838,3006
5308,3751,2747
4610,3634,2498
4571,3568,2318
4404,3648,2216
4305,3667,2069
4076,3857,2001
4079,4001,2020
4012,4125,1971
3826,4061,1800
3563,4147,1707
3727,4356,1740
4521,4511,1866
4395,4562,1584
4352,4594,1417
4481,4672,1271
4628,4697,1220
4721,4708,1096
4755,4545,981
4939,4391,994
5175,4281,965
5314,3975,914
5280,3749,823
5392,3448,715
5478,3178,686
5737,3090,732
5778,2847,658
5715,2782,600
5469,2507,606
5660,2204,613
5702,2157,654
5646,2088,682
5665,1946,709
5696,1912,760
5902,1851,897
5994,1885,969
6016,1804,999
5867,1698,1077
5859,1766,1156
5936,1769,1260
5853,1916,1498
5917,2088,1613
6070,2193,1837
6112,2282,2033
6129,2364,2117
6202,2472,2309
6183,2669,2404
6022,2933,2598
6051,3050,2635
6167,3047,2543
6288,3063,2458
6375,3043,2292
6708,3027,2178
7145,3061,1788
8059,3938,772
8933,2176,648
8002,1454,527
8118,783,376
8223,404,103
8324,246,-49
8678,177,-223
8827,241,-274
9004,351,-271
9169,548,-122
9324,843,-25
9630,952,274
9708,1125,342
10011,1200,469
10145,1234,643
10664,1148,746
10911,1050,848
11141,1020,877
11354,1049,798
11362,959,777
11458,813,779
11652,672,772
11588,603,804
11872,479,831
11922,430,887
12213,237,882
11729,279,950
11730,139,1013
11837,180,1155
11813,382,1171
11821,630,1326
11739,796,1387
11636,920,1509
11346,1155,1548
11145,1264,1596
10809,1295,1608
10447,1397,1710
10453,1534,1809
10431,1543,1923
10368,1472,2015
10300,1432,2165
10290,1444,2219
10349,1432,2252
10528,1326,2340
10511,1160,2375
10467,1101,2280
10816,1114,2112
10857,1051,2047
10668,962,1943
10691,915,1930
10681,1005,1807
10620,979,1659
10492,961,1546
10461,916,1286
10308,935,1087
10079,982,1007
10246,892,1051
10183,766,904
10269,675,910
10216,663,847
10474,882,768
10797,1002,774
10860,1059,786
11008,1204,693
11105,1010,738
10618,862,826
10267,852,909
10043,850,903
9911,973,921
9653,974,957
9277,1049,921
9143,1107,990
8827,1145,904
8602,1300,988
8347,1378,918
8026,1461,952
7704,1435,1032
7187,1537,943
6871,1653,975
6457,1698,930
6378,1778,798
6256,1807,763
6413,1844,663
7065,2131,451
7628,2010,289
7113,1263,542
6117,592,682
5812,383,741
5929,197,797
6180,73,828
6236,-94,833
6255,-195,735
6219,-142,726
6371,-93,640
6342,-146,656
6271,-94,528
6544,162,412
6574,322,447
6489,540,569
6486,748,668
6395,873,937
6466,1126,1151
6555,1252,1527
6568,1391,1846
6749,1607,2264
7225,1899,2437
7581,2091,2381
8076,2173,2299
8488,2146,2323
8770,2013,2319
9153,2077,2085
9511,2139,2129
10030,2265,2161
10541,2186,2290
10878,2359,2228
11087,2270,2257
10878,2162,2168
10717,2075,1952
10813,1961,1728
11006,1809,1577
10727,1385,1552
10393,937,1507
11105,589,1262
11049,182,1279
10752,-425,1368
10374,-687,1355
10294,-978,1100
10382,-1343,762
10563,-1881,-52
10435,-1195,-12
9596,-1562,163
9144,-1867,-409
9075,-1773,-803
8802,-1796,-1476
8803,-1761,-3670
8661,-1644,-4264
8031,-1982,-3877
8356,-2434,-3398
8306,-2752,-3195
8154,-3108,-3364
8428,-3525,-4488
8878,-3218,-5895
8772,-3315,-4365
9467,-3650,-4828
10021,-3655,-5208
10025,-3917,-6733
9762,-4005,-8384
9256,-3666,-4998
9905,-4264,-4127
11029,-4020,-4021
11287,-3920,-3070
11797,-3109,-3909
11460,-2717,-3291
12501,-2767,-2944
13184,-2285,-2822
13772,-1915,-2246
13886,-1395,-1786
14386,-1176,-1092
14227,-896,-1081
14036,-353,-998
13445,-130,-959
13122,393,-1003
12886,1030,-1220
12679,1883,-1348
12457,2520,-1424
12171,2851,-1545
11893,3474,-1490
11287,3894,-1592
10539,4448,-1751
9883,4701,-1741
9549,5041,-1715
8944,5094,-1651
8418,5131,-1589
8190,4982,-1486
7302,4624,-1452
6619,4459,-1342
6172,4133,-1192
5565,3715,-1081
5061,3332,-950
4687,2959,-908
4237,2701,-801
4260,2614,-697
4312,2539,-571
5013,1944,-73
5530,1598,-377
4584,1834,-593
3815,1935,-266
3609,2001,-243
3515,2029,-172
3553,2081,-140
3462,2226,-253
3283,2251,-273
3151,2126,-270
3163,1962,-211
3273,1861,-211
3370,1605,-45
3375,1245,-50
3318,970,37
3273,613,82
3256,396,162
3162,222,204
3163,203,285
3129,200,350
3102,243,402
3062,395,509
3066,497,594
3126,709,620
3109,967,647
3107,1048,769
2944,1078,838
2820,1151,920
2748,1307,971
2852,1464,999
2844,1603,1031
2806,1593,1087
2730,1603,1139
2649,1614,1195
2586,1639,1227
2389,1494,1283
2351,1459,1390
2259,1456,1503
2145,1365,1636
1954,1316,1720
1906,1397,1846
1841,1511,1963
1868,1767,2074
1904,1952,2144
1879,2332,2339
1906,2773,2615
1790,3055,2782
1678,3519,2902
1462,3797,3016
1245,4055,3150
371,4151,3184
440,4265,3361
396,4366,3358
80,4337,3455
-8,4312,3463
-221,4302,3483
-346,4246,3528
-390,4190,3567
-379,4029,3625
-365,3730,3711
-245,3355,3746
-111,3131,3820
-18,2721,3872
130,2182,3920
360,1828,4038
514,1246,4095
724,826,4130
881,296,4086
1217,-84,4047
1434,-488,3919
1629,-844,3915
1797,-1042,3931
1866,-1348,3962
1944,-1647,3966
2045,-1806,4048
2005,-2018,4127
2008,-2172,4219
2013,-2261,4234
2058,-2414,4229
2113,-2471,4182
2215,-2542,4079
2279,-2735,4034
2366,-2937,4012
2330,-3052,4056
2413,-3392,3945
2493,-3584,3993
2428,-3711,4087
2390,-3810,4097
2392,-3752,4158
2378,-3672,4148
2451,-3390,4107
2470,-2999,4009
2394,-2686,3884
2402,-2241,3882
2387,-1909,3796
2530,-1670,3770
2631,-1398,3744
2807,-1204,3757
3041,-1001,3675
3185,-683,3604
3436,-339,3521
3607,-233,3516
3725,-100,3516
3968,-34,3462
4109,94,3344
4331,127,3332
4616,85,3277
4797,87,3268
5059,126,3239
5095,118,3231
5039,120,3239
5038,102,3193
4869,-14,3173
4684,-88,3102
4438,-201,3043
4242,-268,2972
4132,-354,2970
4047,-416,2934
4004,-453,2779
3976,-500,2761
3934,-512,2616
3865,-524,2501
3832,-498,2420
3664,-530,2249
3512,-624,2146
3320,-735,2034
3247,-829,1873
3232,-986,1698
3280,-1153,1558
3344,-1253,1476
3392,-1469,1384
3389,-1658,1344
3325,-1814,1255
3322,-1940,1197
3309,-2000,1152
3215,-2123,1079
3135,-2307,1023
2962,-2471,1032
2889,-2599,1054
2824,-2703,1032
2729,-2758,1012
2562,-2709,929
2430,-2541,857
2209,-2423,760
1982,-2305,729
1892,-2195,686
1869,-2014,693
1856,-1921,715
1936,-1786,757
1975,-1743,713
1899,-1737,714
1863,-1725,677
1816,-1770,644
1763,-1795,644
1704,-1891,594
1601,-1929,592
1516,-2083,584
1383,-2222,515
1228,-2396,386
1162,-2540,376
1035,-2635,166
990,-2805,-1
980,-2911,-90
920,-2987,-164
865,-3050,-223
793,-3038,-335
743,-3019,-476
766,-3000,-500
780,-2906,-429
775,-2828,-475
748,-2732,-424
717,-2654,-349
705,-2483,-305
774,-2270,-246
821,-2180,-152
822,-1931,-90
911,-1484,-14
885,-1371,161
945,-1045,251
980,-784,264
1099,-323,266
1278,-3,293
1445,566,313
1751,834,376
1893,1321,465
2093,1576,470
2227,2018,459
2279,2302,440
2408,2530,300
2489,2767,221
2594,2917,111
2621,2792,32
2614,2666,-207
2669,2728,-384
2607,2575,-507
2711,2382,-638
2820,2126,-828
2860,1912,-912
2847,1838,-991
2899,1743,-1133
2918,1627,-1244
2832,1503,-1280
2866,1248,-1273
2872,991,-1303
2896,833,-1393
2864,490,-1351
2832,229,-1353
2859,-235,-1302
2867,-595,-1294
2757,-800,-1360
2671,-1078,-1384
2553,-1270,-1367
2401,-1339,-1490
2335,-1305,-1564
2294,-1214,-1611
2156,-1115,-1639
2019,-947,-1610
1809,-826,-1611
1672,-664,-1578
1439,-446,-1538
1171,-387,-1461
1018,-266,-1362
806,-227,-1323
577,-164,-1217
445,-170,-1206
258,-160,-1086
52,-116,-946
-54,-158,-842
-244,-176,-731
-322,-201,-555
-378,-227,-403
-505,-268,-248
-621,-293,-175
-691,-301,-52
-728,-334,7
-749,-316,-5
-726,-321,-30
-632,-320,-68
-462,-379,-175
-339,-428,-187
-148,-507,-218
85,-687,-181
228,-827,-187
467,-949,-216
639,-998,-233
839,-984,-312
927,-988,-344
974,-979,-355
962,-962,-462
943,-851,-505
884,-792,-586
808,-645,-599
755,-562,-609
684,-549,-569
627,-469,-537
592,-448,-571
461,-336,-536
357,-240,-507
179,-57,-423
-52,94,-410
-247,207,-258
-460,399,-199
-728,496,-119
-856,667,-101
-1041,766,-91
-1119,913,-112
-1227,1024,-173
-1301,1060,-161
-1471,1025,-161
-1529,966,-84
-1597,952,8
-1686,984,56
-1670,935,114
-1654,932,146
-1571,986,207
-1489,1070,175
-1317,1132,115
-1135,1264,75
-1066,1324,73
-931,1356,73
-832,1402,95
-689,1372,97
-583,1444,75
-427,1452,40
-371,1477,73
-194,1425,78
-172,1365,68
-76,1243,62
-48,1105,63
28,918,62
14,739,127
56,641,78
72,448,72
4,377,61
-5,386,54
-66,373,39
-185,386,-26
-216,492,-5
-394,594,-84
-540,633,-119
-614,769,-123
-741,805,-102
-878,878,-71
-976,969,-27
-1028,1101,-41
-1142,1124,-10
-1168,1248,-38
-1277,1359,-38
-1441,1387,-65
-1590,1541,-83
-1732,1665,-127
-1767,1739,-173
-1939,1782,-159
-2054,1833,-157
-2156,1848,-202
-2232,1812,-209
-2301,1790,-256
-2329,1757,-204
-2345,1664,-203
-2156,1612,-142
-1946,1563,-38
-1855,1498,-67
-1613,1451,-33
-1381,1378,23
-1230,1267,0
-910,1173,85
-613,1078,82
-360,862,163
-114,593,203
103,474,213
274,384,213
547,340,196
694,370,184
831,353,153
956,353,155
1067,419,86
1022,474,31
1011,480,33
949,504,32
850,523,48
774,527,20
672,549,-1
492,546,-21
360,558,4
162,516,33
37,545,52
-104,549,52
-289,554,99
-428,634,82
-529,676,84
-682,749,75
-735,788,82
-863,880,70
-946,919,35
-995,1003,77
-983,1097,74
-1049,1113,82
-1067,1131,117
-1078,1111,125
-1099,1122,165
-1104,1063,170
-974,1057,203
-930,1035,194
-836,1007,232
-718,933,237
-613,830,236
-481,821,168
-365,779,176
-230,722,137
-233,668,75
-161,632,77
-141,619,60
4,588,23
75,519,-4
157,497,-3
298,411,12
378,347,16
457,300,-14
536,155,-31
561,96,-134
592,-55,-157
552,-180,-171
507,-344,-156
454,-468,-228
379,-602,-273
189,-682,-298
33,-672,-371
-121,-717,-409
-254,-682,-435
-389,-577,-497
-500,-533,-525
-574,-461,-519
-611,-346,-547
-718,-247,-501
-748,-114,-504
-799,74,-526
-852,156,-524
-836,303,-528
-813,336,-458
-731,388,-410
-702,435,-397
-571,480,-380
-488,551,-365
-225,586,-378
-116,636,-358
132,664,-455
293,802,-458
410,774,-512
671,791,-545
779,828,-540
831,793,-538
894,736,-533
981,685,-569
1018,615,-518
1070,566,-544
1094,275,-543
1143,91,-583
1118,-53,-616
1162,-218,-630
1151,-349,-679
1179,-516,-648
1181,-667,-732
1211,-750,-747
1238,-806,-756
1260,-897,-808
1289,-910,-849
1263,-945,-858
1247,-928,-907
1172,-910,-898
1058,-829,-919
994,-750,-875
921,-711,-893
778,-714,-894
665,-680,-953
553,-658,-904
421,-607,-935
300,-645,-953
153,-670,-942
90,-692,-927
17,-723,-867
-47,-789,-844
-185,-858,-865
-289,-908,-870
-349,-966,-855
-384,-1037,-858
-424,-1049,-827
-373,-1076,-818
-417,-1093,-803
-446,-1090,-712
-465,-1060,-703
-387,-1028,-749
-408,-942,-726
-411,-883,-711
-519,-846,-697
-557,-782,-644
-673,-661,-626
-847,-574,-621
-947,-512,-634
-1115,-481,-667
-1292,-434,-684
-1379,-500,-677
-1409,-487,-738
-1388,-532,-718
-1369,-560,-780
-1407,-656,-833
-1452,-711,-824
-1429,-837,-879
-1513,-958,-842
-1569,-995,-863
-1565,-1088,-988
-1492,-1098,-999
-1367,-1129,-1039
-1277,-1163,-999
-1212,-1228,-1018
-1062,-1205,-1037
-970,-1197,-1028
-871,-1198,-1021
-721,-1126,-1013
-589,-1102,-1002
-514,-1032,-957
-495,-970,-941
-432,-877,-953
-281,-813,-931
-225,-781,-841
-107,-670,-872
-29,-645,-835
70,-600,-825
128,-574,-794
171,-531,-780
241,-500,-701
309,-503,-720
341,-503,-729
358,-501,-666
367,-444,-600
470,-403,-575
446,-363,-555
438,-338,-487
356,-323,-415
316,-248,-373
258,-183,-330
201,-97,-223
109,61,-178
68,242,-29
-45,304,-17
-64,459,97
-170,554,128
-244,652,244
-395,746,281
-458,824,243
-564,884,266
-625,925,280
-672,988,232
-710,992,269
-760,1041,317
-772,1056,321
-827,1078,339
-881,1090,341
-959,1097,335
-990,1084,358
-1006,1069,324
-919,1018,274
-844,1002,259
-825,950,194
-796,909,181
-756,879,98
-716,815,73
-712,801,23
-694,756,4
-661,682,-26
-636,641,-81
-560,528,-78
-439,470,-114
-397,425,-153
-263,336,-173
-113,284,-175
16,216,-197
205,203,-241
186,161,-250
290,142,-254
317,115,-245
440,132,-179
490,151,-178
495,186,-157
580,227,-105
667,233,-34
710,266,40
752,315,50
774,416,91
775,475,119
787,613,154
777,687,156
730,839,192
658,900,259
583,1010,314
532,1066,354
508,1139,360
511,1184,395
522,1262,410
497,1281,413
450,1288,383
466,1217,368
418,1102,420
471,950,441
459,762,450
495,667,448
485,458,434
561,331,434
575,180,396
592,91,370
558,-52,312
553,-121,300
591,-201,261
605,-283,199
655,-385,130
663,-450,88
689,-601,127
795,-688,78
904,-821,40
968,-923,39
1054,-1045,9
1218,-1098,12
1269,-1224,18
1413,-1357,-35
1538,-1401,9
1601,-1502,-13
1728,-1539,16
1763,-1551,-5
1890,-1571,-12
1901,-1604,61
1942,-1585,0
1907,-1560,-41
1845,-1523,-61
1823,-1548,-36
1704,-1601,-41
1591,-1618,-67
1461,-1694,-34
1321,-1696,-50
1205,-1710,-34
1058,-1684,-30
926,-1642,-90
768,-1596,-94
611,-1520,-164
601,-1452,-237
549,-1349,-221
465,-1313,-173
383,-1173,-164
296,-1176,-119
239,-1099,-60
177,-987,-72
143,-932,-36
28,-808,-24
100,-786,-50
92,-742,-57
139,-672,-69
198,-621,-80
281,-581,-116
300,-561,-173
322,-573,-214
371,-521,-259
440,-577,-294
487,-527,-316
546,-543,-290
675,-523,-257
712,-466,-249
827,-469,-290
888,-518,-290
1008,-520,-232
1104,-548,-242
1181,-650,-253
1233,-689,-196
1262,-680,-216
1220,-783,-174
1188,-840,-219
1139,-872,-199
1081,-919,-171
1065,-898,-159
966,-901,-157
909,-892,-128
767,-800,-67
654,-763,-45
594,-667,18
475,-567,56
373,-500,71
343,-396,113
172,-308,106
126,-186,122
-39,-127,134
-121,-80,118
-280,-15,127
-371,0,108
-478,11,101
-554,30,132
-649,63,99
-706,71,107
-724,52,156
-737,97,136
-692,67,88
-736,80,80
-683,77,102
-648,31,125
-590,-10,118
-550,-101,130
-384,-144,122
-232,-247,125
-20,-282,164
116,-411,173
393,-486,205
530,-479,194
736,-544,194
833,-537,153
926,-588,139
1020,-600,142
1101,-666,142
1223,-675,90
1255,-685,116
1370,-718,106
1480,-820,132
1534,-877,147
1601,-895,116
1627,-920,98
1601,-934,125
1605,-969,58
1589,-1017,79
1563,-1009,107
1508,-1037,61
1385,-1005,26
1314,-924,-33
1156,-874,-5
1077,-711,-53
990,-612,-53
919,-367,-81
759,-130,-70
720,78,-65
587,270,-90
594,523,-38
492,660,33
465,901,61
444,979,129
445,1086,163
423,1186,202
445,1266,201
431,1305,236
434,1362,301
437,1347,273
489,1368,300
561,1328,352
580,1254,335
651,1218,258
664,1170,259
721,1114,268
690,1078,258
756,955,265
816,928,220
824,776,215
830,731,208
811,618,189
788,583,232
762,494,214
651,439,231
627,311,239
582,332,254
435,299,253
366,226,258
258,196,260
128,206,229
-80,274,260
-204,263,206
-353,283,180
-431,246,221
-488,234,196
-600,198,208
-610,161,232
-633,107,201
-672,80,202
-633,21,203
-711,-51,213
-682,-78,221
-628,-176,228
-642,-222,175
-601,-366,146
-529,-457,121
-500,-513,97
-412,-599,69
-367,-686,46
-252,-782,-28
-211,-852,-76
-180,-996,-109
-41,-1036,-153
16,-1124,-170
35,-1170,-231
117,-1173,-279
220,-1199,-310
305,-1230,-372
385,-1197,-388
395,-1201,-401
401,-1212,-308
393,-1220,-303
362,-1225,-301
344,-1239,-284
319,-1232,-239
262,-1144,-213
184,-1168,-226
160,-1072,-171
54,-1043,-155
-31,-960,-147
-196,-919,-117
-362,-910,-172
-483,-839,-208
-692,-757,-219
-909,-685,-196
-1064,-587,-197
-1239,-512,-161
-1366,-466,-142
-1569,-323,-88
-1769,-248,-90
-1931,-59,-38
-2035,48,-20
-2187,106,-6
-2305,307,-36
-2526,370,-35
-2580,523,-112
-2686,625,-102
-2712,672,-92
-2761,822,-108
-2859,857,-150
-2870,890,-125
-2892,918,-107
-2905,867,-119
-2862,720,-134
-2800,537,-176
-2709,516,-155
-2646,352,-199
-2626,332,-211
-2653,300,-334
-2695,308,-431
-2861,330,-419
-2925,257,-434
-3001,56,-396
-3157,-63,-378
-3259,-290,-317
-3490,-385,-315
-3762,-450,-294
-4070,-413,-209
-4536,-221,-197
-5002,-64,-152
-5335,151,-138
-5853,310,-74
-6198,421,-13
-6756,500,23
-7331,570,181
-7715,632,255
-8186,693,355
-8574,760,497
-9107,786,592
-9258,791,729
-9550,791,745
-9806,805,839
-9933,770,960
-10179,789,1144
-10424,683,1428
-10545,722,1631
-10733,745,1802
-10880,821,1883
-10995,843,1842
-11082,866,1746
-11227,885,1616
-11258,769,1485
-11265,653,1330
-11277,456,1168
-11355,236,1062
-11390,111,935
-11473,-73,797
-11529,-559,740
-11618,-728,603
-11650,-663,369
-11663,-454,187
-11808,-289,-197
-12033,30,-574
-12093,276,-778
-12214,439,-1000
-12225,468,-1161
-12136,478,-1310
-12285,436,-1388
-12482,414,-1428
-12559,411,-1592
-12600,502,-1706
-12610,596,-1776
-12483,626,-1804
-12644,644,-1817
-12686,744,-1900
-12442,762,-1810
-13033,752,-1841
-13328,836,-1789
-13745,637,-1849
-14336,639,-1751
-14542,642,-1656
-14730,563,-1566
-14978,428,-1525
-15211,164,-1446
-15476,-45,-1500
-15471,-53,-1556
-15547,-88,-1679
-15826,10,-1767
-15988,71,-2016
-16068,126,-2063
-16380,111,-2063
-16425,139,-2113
-16438,150,-2123
-16523,57,-2070
-16594,151,-2169
-16470,187,-2179
-16350,197,-2166
-16028,28,-2233
-15876,22,-2227
-15629,-87,-2357
-15604,-411,-2343
-15511,-593,-2320
-15228,-611,-2416
-15200,-732,-2564
-15179,-830,-2694
-15039,-735,-2665
-14841,-815,-2738
-14848,-898,-2710
-14848,-889,-2693
-14648,-874,-2665
-14402,-998,-2632
-14355,-1012,-2761
-14341,-1088,-2812
-14327,-1357,-2703
-14533,-1467,-2544
-14352,-1502,-2679
-14574,-1864,-2650
-14653,-1782,-2753
-14495,-1904,-2859
-14673,-1845,-2947
-14570,-1876,-3015
-14779,-1988,-2916
-14616,-1888,-2982
-14583,-1714,-2914
-14514,-1632,-2807
-14364,-1365,-2693
-14261,-1246,-2679
-14194,-826,-2383
-13830,-184,-2008
-13662,-376,-1893
-13588,-529,-1666
-13488,-222,-1552
-13463,-37,-1450
-13599,71,-1265
-13890,249,-1012
-13958,622,-731
-13875,955,-525
-13942,1053,-205
-13966,1271,-118
-13875,1537,-5
-13911,1564,-10
-13909,1672,-8
-13834,1636,-32
-14135,1648,-98
-14292,1601,-138
-14313,1710,-150
-14370,1709,-277
-14471,1625,-506
-14529,1428,-635
-14521,1337,-745
-14485,1265,-882
-14473,1211,-1005
-14514,1228,-1215
-14739,1278,-1381
-14998,1252,-1672
-15314,1350,-1926
-15470,1250,-2275
-15523,1251,-2332
-15629,1052,-2453
-15469,1006,-2552
-15524,927,-2561
-15449,902,-2973
-15306,830,-3184
-15397,831,-3536
-15540,761,-3932
-15581,672,-4000
-15506,652,-4212
-15516,606,-4070
-15450,755,-3951
-15288,871,-3958
-14989,1004,-3913
-14924,1053,-4013
-15091,1196,-4174
-15150,1269,-4221
-15045,1560,-4245
-15048,1678,-4402
-15016,1745,-4136
-14967,1966,-3673
-14850,2184,-3259
-14647,2371,-2833
-14622,2711,-2424
-14623,2877,-2099
-14584,3097,-1902
-14642,3293,-1909
-14701,3268,-1936
-14614,3210,-2109
-14696,3043,-2151
-14545,2719,-1963
-14429,2501,-1575
-14168,2263,-1223
-14123,2010,-1066
-14031,1824,-1063
-14017,1642,-1111
-14107,1416,-1130
-14158,1330,-1611
-14475,1237,-1945
-14875,1165,-2072
-14997,1233,-2099
-14993,1016,-2008
-14941,946,-1992
-15073,824,-2141
-15137,826,-2293
-15240,807,-2370
-15229,761,-2385
-15175,860,-2282
-15513,835,-2455
-15645,786,-2545
-16082,776,-2778
-16734,890,-3285
-17364,792,-3511
-17727,705,-3863
-18450,608,-3883
-20203,2,-3851
-20206,-84,-4015
-20428,-152,-4353
-20847,-231,-5147
-21077,-217,-5585
-20941,-701,-4979
-20782,-706,-4813
-20640,-1038,-4801
-20107,-1281,-4569
-19472,-1337,-4731
-19163,-1206,-5166
-19144,-1265,-5021
-19988,-1208,-5475
-19506,-1211,-5684
-19053,-1178,-5533
-18960,-978,-5933
-19098,-1191,-6004
-19530,-1230,-5830
-19554,-985,-6327
-19844,-962,-6315
-19908,-878,-5985
-20158,-631,-6001
-20340,-642,-6150
-20517,-730,-6116
-20750,-865,-5945
-20731,-878,-5471
-19821,-1002,-4302
-19067,-1042,-3357
-18664,-1101,-2732
-18482,-999,-2468
-18361,-818,-2523
-18543,-738,-2338
-18533,-338,-2381
-18728,-57,-2685
-18870,18,-2577
-18456,83,-1659
-18250,233,-1097
-18184,342,-899
-18295,564,-1073
-18363,746,-1767
-18346,738,-1732
-18259,682,-1403
-17617,693,-536
-16812,837,-40
-16546,720,111
-16151,743,435
-15808,727,465
-15460,776,407
-14963,862,19
-15011,973,-528
-14985,965,-999
-14922,918,-1720
-14981,686,-1720
-14970,570,-1742
-14881,616,-2057
-14945,611,-2236
-15023,574,-2324
-15300,556,-2268
-15509,560,-2421
-15807,636,-2698
-15875,713,-2897
-16167,607,-2904
-15921,632,-2535
-15857,712,-2375
-15881,616,-2194
-15963,623,-1974
-16043,654,-1944
-15883,743,-1988
-15731,856,-2101
-15715,1097,-2222
-15601,1233,-2517
-13804,1797,-3326
-13948,1254,-3255
-15163,773,-2555
-15888,684,-1609
-15632,683,-979
-15696,630,-788
-15566,409,-564
-15592,396,-340
-15551,427,-239
-15341,510,-336
-15154,452,-424
-15143,573,-515
-15101,670,-663
-15082,715,-909
-15056,855,-964
-15065,822,-914
-15223,873,-1106
-15237,841,-1635
-15778,495,-1990
-16051,184,-1862
-16096,-393,-1323
-16011,-797,-1279
-15926,-1040,-1588
-16108,-1435,-1880
-16428,-1557,-2300
-16745,-1671,-2751
-16981,-1833,-2828
-17225,-2035,-2661
-17498,-2055,-2762
-17802,-2448,-2762
-18036,-2737,-2998
-18285,-3015,-3096
-18534,-3097,-3475
-18665,-3303,-3321
-18543,-3556,-2873
-18496,-3662,-2684
-18181,-3556,-2686
-17861,-3268,-2881
-17433,-3155,-2870
-17060,-2922,-2815
-16835,-2982,-2636
-16437,-2854,-2529
-15929,-2610,-2518
-15569,-2444,-2703
-15299,-2364,-2563
-14987,-2291,-2333
-14505,-2047,-2236
-14173,-1975,-2334
-14026,-1728,-2416
-13952,-1623,-2179
-13767,-1580,-1943
-13505,-1505,-1621
-13356,-1469,-1295
-13124,-1467,-667
-13029,-1488,-210
-13459,-1482,33
-13558,-1465,535
-13683,-1343,783
-13768,-1357,1010
-13874,-1307,1203
-14159,-1246,1359
-14467,-1175,1385
-14801,-1099,1384
-15280,-1105,1278
-15545,-1077,856
-15901,-1144,539
-16221,-892,93
-16609,-1129,127
-16726,-1175,282
-16931,-1277,154
-17161,-1196,-176
-17342,-1320,-548
-17172,-1536,-387
-17100,-1602,-372
-17039,-1551,-408
-17082,-1587,-334
-14824,-1196,113
-15459,-1692,-171
-16196,-1736,-368
-16153,-1798,-430
-16036,-1980,-392
-15930,-2009,-405
-15771,-1921,-472
-15374,-1849,-438
-14998,-1886,-263
-14752,-1954,-125
-14863,-1800,-85
-14874,-1783,47
-14670,-1716,152
-14468,-1804,367
-14385,-1661,541
-14278,-1746,776
-14019,-1692,941
-13807,-1596,1070
-13695,-1510,1148
-13479,-1259,1154
-13443,-1005,1081
-13380,-776,1101
-13359,-730,1423
-13269,-659,1688
-13219,-589,1885
-13119,-533,2019
-13119,-393,2046
-13046,-321,2219
-13011,-292,2534
-12946,-212,2962
-12854,-273,3409
-12689,-86,3580
-12487,28,3833
-12402,178,4035
-12314,320,4151
-12228,343,4382
-12071,407,4533
-11842,488,4478
-11693,628,4021
-11711,778,3576
-11715,826,3351
-11648,857,3188
-11527,982,2435
-11531,1089,2093
-11414,878,2029
-11244,930,1904
-11066,978,1805
-10912,995,1763
-10822,965,1670
-10639,881,1593
-10478,712,1587
-10270,648,1383
-10146,450,1250
-9936,172,1245
-9776,40,1222
-9666,-265,1243
-9514,-366,1172
-9424,-511,1115
-9392,-665,1108
-9398,-730,1038
-9415,-758,926
-9427,-730,862
-9531,-684,805
-9551,-726,855
-9591,-597,797
-9679,-525,688
-9640,-396,720
-9604,-308,738
-9539,-205,862
-9514,-223,938
-9497,-124,959
-9481,-85,895
-9495,21,942
-9552,56,886
-9600,292,755
-9654,457,492
-9678,650,223
-9794,871,29
-9910,938,-117
-10239,950,-177
-10459,977,-439
-10630,1064,-498
-10871,1082,-373
-11101,1114,-191
-11144,1001,48
-11177,822,255
-11130,647,399
-11121,565,319
-11097,589,253
-11173,517,21
-11149,627,-190
-11111,668,-312
-11020,684,-391
-11015,627,-512
-10930,828,-721
-11089,756,-815
-11078,493,-836
-11063,349,-918
-11205,247,-956
-11186,33,-929
-11120,-210,-821
-11035,-415,-696
-10911,-503,-642
-10881,-555,-574
-10820,-671,-474
-10644,-555,-648
-10695,-286,-836
-10714,-185,-920
-10801,-28,-953
-10772,70,-863
-10710,25,-706
-10791,37,-649
-10754,80,-550
-10699,251,-547
-10694,445,-673
-10658,498,-539
-10538,602,-406
-10464,888,-471
-10489,953,-443
-10521,1173,-529
-10559,1383,-471
-10544,1515,-546
-10514,1677,-583
-10647,1641,-500
-10881,1506,-386
-11023,1480,-321
-11072,1377,-273
-11262,1335,-306
-11371,1186,-271
-11395,1051,-105
-11310,614,100
-11220,281,85
-11243,40,72
-11125,-325,49
-10884,-533,173
-10809,-803,274
-10599,-1097,386
-10386,-1322,556
-10123,-1446,731
-9969,-1710,897
-9834,-1905,876
-9664,-1802,690
-9543,-1774,550
-9330,-1695,447
-9208,-1622,287
-9098,-1529,158
-8987,-1479,68
-8955,-1452,-98
-8953,-1331,-315
-8867,-1201,-368
-8901,-1155,-401
-8820,-1114,-413
-8782,-1083,-460
-8737,-920,-538
-8655,-669,-718
-8493,-302,-815
-8401,-13,-1016
-8475,235,-1189
-8518,505,-1265
-8685,800,-1377
-8831,1023,-1453
-8940,1233,-1509
-9112,1341,-1417
-9182,1411,-1169
-9351,1529,-1217
-9385,1539,-1130
-9451,1478,-1076
-9556,1445,-999
-9471,1398,-858
-9467,1363,-754
-9486,1250,-625
-9443,1169,-469
-9350,1031,-210
-9175,883,44
-8863,723,275
-8764,478,407
-8613,341,573
-8554,163,651
-8514,110,745
-8413,30,888
-8264,-96,980
-8119,-167,1112
-8000,-168,1062
-7906,-145,1019
-7901,-167,1054
-7851,-192,1051
-7884,-193,1042
-7947,-185,1070
-7956,-250,1070
-7975,-244,1153
-8021,-195,1106
-8171,-75,1006
-8361,-45,881
-8583,1,794
-8853,60,736
-9043,135,561
-9278,194,527
-9462,142,483
-9612,159,395
-9881,177,402
-9912,220,387
-10208,120,411
-10242,163,469
-10298,99,634
-10412,61,767
-10526,153,885
-10637,48,926
-10767,115,969
-10810,142,1035
-10881,196,1015
-10875,191,1095
-10818,230,1062
-10771,293,1020
-10663,144,1084
-10514,-34,1127
-10334,-185,1177
-10226,-488,1121
-10213,-661,1075
-10114,-790,1072
-10036,-945,1076
-9906,-1143,1009
-9830,-1185,897
-9743,-1248,684
-9718,-1229,421
-9737,-1280,216
-9709,-1457,171
-9671,-1549,68
-9677,-1770,-25
-9820,-1876,-183
-9921,-1902,-308
-10036,-1901,-449
-10173,-1834,-556
-10215,-1727,-666
-10223,-1668,-709
-10272,-1633,-796
-10394,-1657,-894
-10481,-1585,-986
-10554,-1454,-1094
-10641,-1332,-1094
-10701,-1147,-1149
-10568,-1086,-1072
-10444,-1181,-948
-10220,-1054,-839
-9998,-1060,-829
-9859,-1001,-831
-9739,-861,-822
-9512,-847,-784
-9369,-690,-816
-9216,-629,-801
-9048,-571,-777
-8953,-592,-739
-8766,-535,-723
-8617,-507,-651
-8447,-482,-651
-8320,-455,-639
-8100,-474,-632
-8034,-441,-732
-7819,-592,-786
-7601,-716,-768
-7483,-905,-784
-7295,-1028,-720
-7071,-1199,-651
-6885,-1367,-441
-6784,-1605,-336
-6674,-1812,-102
-6585,-1874,-67
-6561,-1827,-72
-6558,-1921,-51
-6574,-1938,-66
-6569,-2018,3
-6582,-2092,-5
-6611,-2131,-24
-6603,-2172,-45
-6612,-2276,10
-6608,-2315,-22
-6642,-2329,-29
-6705,-2310,-40
-6864,-2301,-88
-6944,-2198,-244
-7075,-1879,-440
-7235,-1806,-683
-7403,-1608,-844
-7538,-1272,-982
-7739,-1006,-1127
-7720,-834,-1230
-7814,-637,-1287
-7885,-446,-1308
-7874,-131,-1325
-7790,-64,-1340
-7755,186,-1399
-7644,442,-1441
-7629,610,-1504
-7617,825,-1607
-7633,1029,-1620
-7674,1229,-1647
-7691,1372,-1617
-7644,1450,-1508
-7701,1409,-1234
-7687,1378,-938
-7702,1294,-630
-7602,1138,-436
-7650,977,-241
-7625,923,-42
-7482,985,30
-7380,1063,97
-7413,1101,78
-7470,1080,10
-7525,1146,-95
-7559,1139,-295
-7586,1346,-516
-7565,1465,-635
-7577,1442,-808
-7532,1527,-901
-7511,1436,-910
-7411,1338,-928
-7219,1142,-830
-7042,1070,-751
-6878,989,-754
-6663,971,-804
-6630,982,-844
-6588,1016,-867
-6541,1095,-906
-6476,1020,-872
-6407,1023,-886
-6414,1123,-878
-6388,1101,-851
-6377,1117,-782
-6379,1117,-678
-6411,1079,-661
-6481,1096,-578
-6632,981,-526
-6766,861,-504
-6930,897,-473
-7034,845,-465
-7273,839,-429
-7496,826,-401
-7639,862,-382
-7894,912,-290
-8157,957,-302
-8295,1185,-417
-8639,1206,-417
-8908,1115,-375
-9017,757,-328
-9253,587,-379
-9305,693,-571
-9432,729,-807
-9532,678,-1153
-9540,650,-1384
-9439,721,-1529
-9420,634,-1688
-9373,703,-1819
-9336,610,-1868
-9321,569,-1972
-9411,537,-2032
-9313,612,-2094
-9228,680,-2179
-9098,691,-2242
-9065,592,-2196
-8861,595,-2081
-8694,606,-2052
-8594,526,-2036
-8475,412,-1907
-8285,250,-1760
-8218,34,-1675
-8011,-22,-1602
-7833,-223,-1541
-7734,-325,-1493
-7589,-368,-1485
-7513,-441,-1462
-7484,-596,-1445
-7492,-713,-1395
-7535,-866,-1315
-7606,-921,-1329
-7707,-972,-1298
-7904,-917,-1251
-8042,-913,-1194
-8083,-842,-1087
-8183,-886,-880
-8205,-841,-768
-8173,-884,-548
-8209,-987,-434
-8245,-1034,-404
-8311,-1002,-268
-8312,-1007,-210
-8417,-943,-138
-8559,-918,-169
-8725,-822,-233
-8829,-690,-244
-9126,-700,-294
-9069,-658,-279
-9017,-673,-183
-8963,-790,-34
-8873,-726,-10
-8842,-792,-78
-8818,-1173,-105
-8933,-1355,-176
-9010,-1242,-249
-8906,-1228,-280
-8800,-1317,-334
-8768,-1300,-384
-8688,-1274,-434
-8625,-1433,-448
-8681,-1478,-445
-8640,-1462,-428
-8693,-1450,-423
-8620,-1362,-457
-8781,-1419,-317
-8767,-1630,-158
-8549,-1755,14
-8510,-1856,249
-8507,-1901,354
-8587,-2038,383
-8593,-2122,538
-8577,-2181,667
-8518,-2246,642
-8488,-2234,691
-8475,-2145,690
-8453,-2089,636
-8390,-2013,596
-8292,-1936,656
-8167,-1936,644
-8066,-1873,660
-8008,-1854,659
-7835,-1835,620
-7731,-1913,588
-7634,-1976,637
-7628,-2092,592
-7425,-2097,588
-7454,-2121,565
-7327,-2213,587
-7298,-2293,483
-7203,-2312,374
-7220,-2258,312
-7217,-2303,246
-7207,-2341,85
-7256,-2456,35
-7221,-2481,-36
-7226,-2430,-169
-7243,-2558,-307
-7141,-2672,-429
-7096,-2688,-609
-6943,-2760,-680
-6843,-2893,-633
-6736,-3037,-635
-6625,-3035,-652
-6542,-3068,-646
-6391,-3042,-701
-6279,-2956,-805
-6203,-2828,-872
-6159,-2705,-971
-6125,-2513,-1014
-6082,-2387,-1103
-5952,-2279,-1204
-5995,-2167,-1277
-5933,-2091,-1344
-5888,-2026,-1260
-5723,-2011,-1189
-5613,-2081,-982
-5476,-2159,-868
-5348,-2180,-702
-5128,-2196,-538
-5048,-2246,-332
-4782,-2267,-197
-4657,-2215,-20
-4500,-2159,37
-4441,-2066,86
-4414,-1890,169
-4399,-1746,225
-4420,-1702,295
-4399,-1573,297
-4446,-1499,403
-4475,-1408,419
-4512,-1321,449
-4657,-1235,454
-4722,-1097,446
-4844,-1042,409
-5005,-1002,452
-5081,-896,435
-5223,-863,419
-5408,-910,473
-5464,-954,480
-5663,-1006,437
-5894,-1026,345
-6034,-941,343
-6120,-993,282
-6109,-1019,172
-6141,-927,116
-6177,-869,17
-6132,-740,-109
-6028,-583,-84
-5885,-577,-78
-5737,-559,-95
-5611,-322,-43
-5366,-191,28
-5322,-73,99
-5107,76,116
-4976,104,202
-4729,116,290
-4580,66,375
-4316,-31,452
-4131,-155,667
-3830,-285,739
-3544,-367,821
-3375,-418,862
-3229,-489,876
-3083,-464,950
-3016,-457,954
-2881,-558,1025
-2790,-657,1049
-2772,-686,1117
-2644,-807,1153
-2595,-874,1243
-2546,-971,1219
-2412,-1125,1171
-2362,-1144,1118
-2432,-1173,977
-2503,-1291,979
-2644,-1368,887
-2768,-1509,776
-2919,-1659,768
-3129,-1699,733
-3238,-1706,621
-3314,-1689,599
-3498,-1625,517
-3556,-1416,360
-3653,-1047,246
-3754,-862,114
-3818,-520,-45
-3804,-229,-125
-3861,-195,-240
-3818,-213,-350
-3672,-443,-376
-3537,-553,-376
-3446,-819,-334
-3233,-1054,-258
-2941,-1162,-284
-2765,-1299,-291
-2712,-1400,-254
-2700,-1523,-305
-2403,-1566,-283
-1990,-1568,-242
-1739,-1703,-97
-1321,-1892,-34
-1097,-2028,-36
-853,-2160,2
-79,-2334,-55
299,-2600,52
582,-2871,133
679,-2815,222
1261,-2911,310
1543,-2994,392
1881,-2996,436
1768,-3085,514
1857,-3014,546
1922,-3001,555
2146,-2799,585
2076,-2469,645
2051,-2049,637
1515,-1763,454
1339,-1298,326
1040,-1046,282
862,-883,194
696,-750,70
594,-713,75
377,-585,33
236,-474,92
-35,-304,175
-208,-287,281
-286,-323,337
-491,-379,405
-334,-399,443
-458,-515,520
-739,-551,419
-712,-552,326
-894,-672,281
-969,-777,189
-826,-916,168
-806,-1043,153
-685,-1132,151
-671,-1178,197
-552,-1296,311
-580,-1463,387
-527,-1448,518
-563,-1492,578
-518,-1533,611
-680,-1526,590
-723,-1419,488
-998,-1335,405
-1094,-1213,341
-1275,-1223,234
-1448,-1253,163
-1410,-1155,63
-1392,-1168,28
-1568,-1014,-86
-1625,-935,-216
-1727,-834,-245
-1474,-889,-292
-1350,-1019,-276
-1320,-1144,-308
-1065,-1213,-272
-1182,-1399,-226
-1048,-1519,-157
-957,-1680,-118
-873,-1768,-156
-896,-1773,-126
-895,-1786,-184
-886,-1767,-272
-804,-1757,-322
-741,-1222,-495
661,2015,-1876
1382,1417,-5576
-3,-634,-5205
-552,-1577,-3711
-1284,-2873,-2626
-1715,-3445,-2509
-1682,-3345,-2798
-1472,-3150,-2815
-1277,-2710,-2602
-1303,-2282,-2016
-1466,-1859,-1882
-1926,-1630,-1543
-1963,-1405,-1427
-1884,-1449,-1423
-1735,-1674,-1326
-1535,-1846,-1179
-1169,-1956,-1016
-879,-2205,-957
-718,-2426,-920
-243,-2596,-837
221,-2698,-749
499,-2857,-700
923,-2880,-562
1139,-2899,-410
1479,-2777,-383
1683,-2753,-287
1873,-2565,-232
2006,-2350,-214
2153,-2305,-237
2241,-2154,-185
2242,-2003,-152
2287,-1936,-106
2297,-1880,-106
2249,-1810,-67
2222,-1841,-75
2106,-1800,-98
1966,-1554,-166
1766,-1508,-307
1700,-1612,-301
1429,-1684,-220
1270,-1661,-127
1270,-1743,-62
1207,-1885,35
1405,-1935,306
1483,-1964,326
1658,-1578,199
2486,-858,-1035
2783,-939,-1934
2244,-1491,-1419
2051,-1843,-597
1896,-2310,-188
1857,-2445,-267
2270,-2400,-458
2640,-2205,-428
3031,-2105,-341
3240,-1966,-59
3370,-1843,52
3555,-1703,110
3801,-1587,232
3960,-1430,337
4084,-1427,504
4009,-1343,648
3966,-1026,754
3953,-764,765
3893,-403,668
3570,-63,627
3433,86,646
3232,236,578
3266,418,588
3300,513,551
3056,632,371
2936,930,252
2657,1128,225
2577,1254,326
2585,1169,549
2696,1257,945
2505,1017,1180
1693,831,1496
1340,630,1636
1098,513,1766
917,285,1748
741,195,1668
558,125,1456
336,77,1384
246,42,1276
92,-27,1201
30,-202,1195
-70,-315,1201
-145,-533,1281
-133,-773,1335
-341,-858,1368
-371,-971,1271
-460,-1072,1200
-652,-1039,1065
-754,-1080,1007
-872,-1069,980
-1024,-1083,1073
-1166,-1063,1074
-1280,-1068,1025
-1358,-1133,1041
-1592,-1286,1031
-1647,-1511,1008
-1739,-1827,1004
-1875,-2005,954
-2009,-2241,876
-2069,-2539,826
-2080,-2662,781
-2078,-2869,787
-2136,-3040,821
-2238,-3132,815
-2335,-3197,806
-2447,-3165,721
-2608,-3096,627
-2679,-2971,506
-2781,-2826,433
-2821,-2677,265
-2807,-2537,170
-2782,-2438,111
-2767,-2300,-42
-2764,-2204,-151
-2684,-2136,-192
-2549,-2111,-278
-2345,-2021,-330
-2236,-1976,-547
-1935,-1879,-657
-1633,-1706,-884
-1306,-1628,-1043
-1150,-1510,-1189
-862,-1426,-1330
-671,-1350,-1430
-550,-1263,-1563
-335,-1239,-1656
90,-1168,-1714
185,-929,-1305
441,-855,-948
530,-783,-858
-93,-481,-497
-948,423,49
-1106,554,391
-1305,746,227
-1971,333,-325
-2362,71,-381
-2909,-145,-320
-3023,-440,-162
-3101,-590,13
-3433,-783,118
-3702,-880,206
-3904,-933,274
-4145,-947,254
-4050,-986,180
-3963,-992,160
-3937,-1165,101
-3840,-1216,79
-3812,-1199,116
-3701,-1198,103
-3555,-1117,13
-3260,-1057,-50
-3069,-950,-95
-2925,-914,-119
-2565,-863,-120
-2270,-828,-105
-2065,-767,-153
-1706,-693,-160
-1263,-552,-253
-1042,-416,-401
-596,-289,-472
-254,-163,-585
0,35,-664
431,133,-741
725,373,-815
1167,560,-905
1398,899,-1033
1858,1181,-1121
2350,1380,-1206
2602,1614,-1367
3095,1844,-1396
3591,1936,-1473
3867,2129,-1518
4298,2344,-1537
4689,2476,-1600
4859,2639,-1662
5154,2886,-1653
5352,3018,-1725
5410,3235,-1832
5580,3450,-1818
5698,3461,-1793
5731,3549,-1812
5745,3682,-1829
5692,3727,-1917
5672,3799,-2009
5584,3768,-2059
5030,3706,-2111
4706,3622,-2232
4371,3533,-2300
3909,3352,-2303
3701,3060,-2288
3529,2844,-2214
3330,2751,-2216
2965,2262,-2026
271,1866,-1841
-1408,1785,-1929
-1223,1811,-2312
-1382,1644,-2738
-711,1403,-3154
-496,1254,-3044
-587,912,-2608
-700,570,-2325
-875,468,-2007
-895,338,-1948
-689,191,-1906
-252,61,-1689
250,1,-1700
752,125,-1643
1226,366,-1559
1775,426,-1403
1956,589,-1219
1970,772,-1144
1698,918,-1046
1534,1075,-1071
1257,1330,-1052
859,1395,-1094
506,1521,-1059
45,1631,-953
-225,1755,-796
-694,1832,-872
-1022,1916,-1078
-1455,1737,-722
-2139,1595,-564
-2744,1675,-590
-3204,1754,-514
-3811,1833,-340
-4552,1952,-360
-5239,2160,-793
-6351,2399,-1234
-7300,3602,-3279
-10227,5843,-9920
-12232,8651,-14145
-14981,10987,-16677
-16643,11844,-19830
-15539,12820,-25859
-10255,13226,-28461
-3504,12879,-30624
1352,12153,-29518
7899,10083,-27003
12829,6947,-21881
16904,4276,-15047
18731,435,-7715
20427,-2070,-3756
21038,-2340,-579
20641,-1776,710
19880,-389,1090
18022,1082,912
15621,1941,686
13658,2797,1143
10293,3126,1778
7135,3339,2298
5204,3538,2446
2753,3769,2154
1083,4073,1595
223,3982,1287
-744,3567,1148
-1300,2389,1070
-2174,1162,687
-2738,485,-681
-2947,-268,-2661
-3115,-890,-4020
-3214,-1168,-5786
-3222,-1631,-6843
-3155,-1968,-7121
-2869,-2138,-6888
-2547,-2099,-5960
-1939,-1833,-4451
-1485,-1360,-2369
-637,-847,-758
417,-549,1965
1292,-159,4697
2568,146,6430
3933,253,8682
4897,496,9781
6227,625,10887
7143,743,11477
7631,260,11786
10289,320,11205
10859,490,10311
11267,750,10035
11545,693,10085
11321,300,10141
11254,-294,9947
10819,-506,9000
10234,-608,7537
9037,-513,6318
7697,-420,4547
6667,-406,3013
5028,-536,2243
3546,-636,1558
2613,-739,1288
1366,-734,1106
405,-765,1259
-119,-694,1448
-713,-637,1961
-1004,-593,2538
-1289,-543,3030
-1367,-607,3775
-1502,-768,4440
-1564,-1002,4860
-1601,-1215,5129
-1609,-1452,5052
-1580,-1637,4515
-1594,-1815,3995
-1650,-1924,3105
-1809,-2094,2133
-1954,-2255,1572
-2292,-2446,738
-2564,-2532,16
-2810,-2558,-469
-3136,-2613,-817
-3425,-2551,-1071
-3508,-2468,-1159
-3563,-2312,-974
-3617,-2165,-823
-3610,-2006,-453
-3580,-1835,-148
-3552,-1606,12
-3395,-1431,145
-3262,-1338,186
-3107,-1226,198
-2875,-1163,312
-2645,-1127,232
-2523,-1043,208
-2222,-947,97
-2041,-960,118
-1988,-917,158
-1973,-921,182
-2081,-896,210
-2338,-848,194
-2669,-805,101
-3030,-752,21
-3513,-796,-74
-3942,-800,-124
-4162,-776,-151
-4351,-731,-138
-4439,-792,26
-4452,-856,224
-4337,-923,686
-4276,-1028,1112
-4034,-1099,1320
-3892,-1154,1463
-3714,-1185,1627
-3665,-1294,1528
-3637,-1402,1410
-3661,-1545,1285
-3706,-1767,1127
-3750,-1937,902
-3717,-2134,937
-3807,-2350,1167
-3842,-2566,1440
-3842,-2788,1628
-3828,-2875,1770
-3834,-2829,1784
-3910,-2717,1774
-4044,-2585,1791
-4174,-2502,1927
-4268,-2376,2111
-4264,-2213,2200
-4153,-2254,2170
-3861,-1955,1976
-3705,-1560,1583
-3467,-1193,1447
-2916,-1028,1469
-2363,-839,1595
-1953,-616,1788
-1386,-364,1923
-844,-274,2261
-591,-251,2781
-363,-288,2984
729,-135,2815
871,170,2534
1118,429,2271
1223,645,2270
888,557,2448
446,502,2677
15,366,2589
-777,382,2175
-1338,503,1723
-2201,627,900
-2776,742,103
-3577,793,-383
-4290,687,-763
-4701,498,-894
-5148,329,-1005
-5498,63,-893
-5699,-120,-769
-5701,-195,-484
-5638,-420,-10
-5541,-526,258
-5329,-687,627
-5178,-857,781
-5059,-1076,787
-5093,-1302,600
-5172,-1671,239
-5316,-2132,-49
-5674,-2466,-602
-5995,-2847,-1286
-6480,-3078,-1703
-7057,-3200,-2235
-7675,-3241,-2574
-7988,-3148,-2748
-8423,-3052,-2804
-8631,-2835,-2794
-8655,-2708,-2782
-8340,-2488,-2800
-8041,-2213,-2721
-7632,-2004,-2608
-7016,-1880,-2614
-6394,-1657,-2693
-5886,-1318,-2862
-5113,-999,-2925
-4437,-687,-2929
-3643,-481,-2658
-3205,-265,-2190
-2446,-45,-1812
-1847,131,-1136
-1482,388,-618
-1159,641,-233
-891,783,336
-923,948,729
-931,1039,1245
-961,1143,1719
-1162,1293,1901
-1502,1390,1922
-1787,1501,1799
-2260,1475,1754
-2896,1449,1517
-3397,1378,1096
-4140,1276,700
-5006,1217,-3
-5561,1136,-685
-6376,1025,-935
-7055,888,-1133
-7517,651,-1130
-8049,507,-1116
-8435,461,-1037
-8639,405,-1035
-8887,497,-993
-8979,587,-1031
-8970,625,-1069
-8909,577,-1109
-8742,545,-1124
-8669,405,-1313
-8439,409,-1569
-8183,415,-2054
-7987,470,-2411
-7539,493,-2554
-6857,411,-2513
-6281,303,-2388
-5520,87,-2120
-4631,-29,-1802
-4120,-240,-1570
-3532,-347,-1443
-3076,-417,-1482
-2852,-476,-1627
-2748,-462,-1632
-2620,-443,-1627
-2563,-467,-1430
-2577,-510,-1240
-2547,-441,-1083
-2460,-351,-873
-2291,-363,-602
-2224,-393,-256
-2057,-511,-121
-1872,-573,-18
-1883,-702,-93
-1922,-838,-323
-2149,-848,-614
-2317,-969,-790
-2543,-1168,-1075
-2762,-1273,-1301
-2895,-1360,-1493
-3001,-1414,-1605
-3005,-1433,-1551
-2909,-1468,-1401
-2718,-1458,-1047
-2512,-1393,-621
-2108,-1314,-295
-1778,-1213,128
-1553,-1088,597
-1205,-1010,878
-945,-906,1115
-825,-703,1366
-684,-597,1482
-599,-429,1577
-615,-221,1580
-787,-122,1575
-1058,-139,1677
-1258,-147,1657
-1711,-22,1592
-2061,99,1288
-2341,348,1070
-2764,444,925
-3037,533,817
-3503,532,757
-3845,551,664
-4060,493,589
-4191,478,564
-4291,452,719
-4318,435,774
-4189,574,939
-4004,611,1090
-3674,651,1397
-3290,756,1774
-2640,821,2007
-1911,849,2392
-1324,836,2664
-607,840,3048
-86,777,3293
546,695,3462
1039,658,3491
1285,512,3356
1679,485,3173
1887,485,2890
2161,415,2654
2262,217,2541
2286,-28,2468
2353,-103,2388
2275,-249,2321
2055,-234,2413
1705,-223,2533
1382,-223,2690
959,-183,2929
664,-159,3284
194,-138,3469
-144,-146,3661
-254,-68,3789
-390,-53,3911
-400,-19,4071
-426,10,4113
-384,26,4111
-313,-20,4067
-282,-73,3912
-252,-209,3791
-237,-341,3535
-229,-500,3212
-349,-647,3045
-490,-732,2621
-631,-820,2227
-789,-851,1972
-937,-816,1664
-1022,-831,1526
-1163,-841,1319
-1256,-841,1147
-1358,-866,1125
-1360,-857,967
-1298,-855,857
-1265,-889,838
-1066,-888,881
-891,-960,851
-587,-1009,804
-159,-1007,687
110,-969,537
533,-955,565
727,-838,596
1042,-806,698
1252,-730,975
1541,-596,1160
1787,-550,1501
1891,-505,1797
2077,-323,1950
2230,-301,2119
2203,-233,2186
2128,-188,2209
1918,-154,2128
1725,-159,1906
1337,-143,1498
1006,-133,1030
612,-90,651
238,-82,132
-12,-16,-173
-302,23,-398
-442,104,-524
-600,196,-596
-685,357,-576
-718,474,-414
-661,513,-87
-595,561,189
-458,583,616
-348,618,856
-121,657,1046
35,696,1171
244,678,1238
368,608,1191
466,634,967
482,464,819
419,328,693
330,71,589
151,-56,495
5,-252,371
-126,-387,254
-347,-580,205
-455,-755,68
-492,-888,-47
-587,-948,-153
-550,-1101,-235
-525,-1230,-318
-519,-1275,-394
-462,-1359,-332
-282,-1462,-225
-117,-1536,-9
87,-1665,315
348,-1732,407
348,-1671,421
236,-1495,313
-55,-1407,73
-306,-1309,33
-634,-1267,-24
-862,-1146,12
-1035,-1031,66
-1100,-851,195
-1147,-628,320
-1161,-522,632
-1164,-370,945
-1052,-225,1103
-1001,-145,1239
-908,-75,1200
-789,-62,1035
-661,5,746
-537,-1,525
-453,15,175
-415,66,-41
-365,85,-231
-432,107,-308
-537,132,-331
-621,128,-389
-703,188,-379
-758,183,-446
-864,255,-458
-893,270,-497
-939,286,-571
-995,304,-622
-1069,277,-649
-1009,241,-667
-919,208,-677
-748,165,-614
-459,162,-470
-193,106,-252
173,53,-29
547,52,265
1080,10,445
1454,-19,616
2012,-35,926
2384,-126,1185
2920,-254,1366
3353,-337,1454
3498,-426,1428
3472,-453,1422
3225,-498,1293
2942,-514,1211
2446,-658,1084
2088,-760,919
1558,-819,734
1108,-910,464
814,-955,253
515,-932,-43
345,-962,-221
244,-1034,-408
236,-1050,-487
208,-1095,-415
329,-1151,-314
618,-1206,-287
960,-1028,-365
1657,-810,-580
1470,-476,-338
1344,-553,56
1281,-596,625
958,-568,725
564,-500,580
303,-275,319
-135,-117,-111
-427,134,-214
-818,203,-318
-1039,323,-213
-1175,419,-71
-1220,462,246
-1173,550,492
-986,574,940
-777,653,1352
-486,621,1591
-199,630,1812
175,588,1972
536,523,1997
761,408,1927
949,331,1712
1025,233,1544
1016,118,1141
990,38,740
819,29,456
584,-48,211
244,-26,-175
4,-29,-357
-355,19,-495
-600,55,-538
-916,59,-583
-1051,196,-597
-1220,327,-596
-1292,485,-405
-1303,674,-270
-1303,789,87
-1303,1021,544
-1066,1199,847
-945,1287,1238
-787,1425,1529
-538,1509,1781
-276,1598,1796
-146,1688,1769
39,1687,1614
123,1714,1442
175,1770,1274
197,1766,975
268,1856,792
243,1968,468
261,2062,377
151,2106,378
97,2072,576
-11,2063,808
-123,2097,990
-242,2153,1236
-279,2172,1482
-309,2289,1646
-209,2278,1918
-73,2278,2256
291,2178,2527
605,2067,2844
1076,1918,3012
1574,1876,3139
1959,1701,3207
2541,1587,3204
3043,1528,3222
3311,1395,3237
3506,1278,3327
3535,1077,3475
3461,903,3480
3192,789,3274
2887,721,2863
2420,662,2535
2041,627,2062
1429,535,1756
930,486,1245
615,433,970
239,422,724
35,360,594
-242,345,374
-349,316,243
-449,325,11
-524,364,-75
-573,376,-184
-578,393,-195
-585,367,-125
-488,405,-72
-336,446,-10
-258,486,223
-120,503,338
52,554,470
168,551,634
281,512,696
473,432,763
568,331,754
705,113,643
740,-19,321
859,-107,104
866,-126,-226
753,-137,-320
556,-162,-359
309,-180,-285
-87,-211,-86
-307,-239,37
-661,-240,83
-833,-300,116
-937,-313,65
-891,-285,-79
-655,-265,-123
-323,-211,-102
-48,-239,76
364,-326,267
622,-382,485
1023,-389,617
1320,-413,784
1684,-375,814
1982,-374,953
2069,-278,1062
2135,-237,1226
2141,-221,1363
2025,-216,1400
1825,-185,1362
1577,-137,1213
1215,-92,1106
812,-69,826
509,-39,646
83,-36,299
-216,-56,77
-604,-7,-297
-835,-45,-506
-1194,-60,-787
-1380,-124,-990
-1599,-123,-1194
-1690,-131,-1455
-1730,-138,-1698
-1704,-188,-1847
-1492,-199,-1912
-1318,-179,-1852
-1107,-176,-1699
-844,-180,-1570
-573,-121,-1263
-473,-57,-813
-315,16,-495
-98,87,-17
-10,174,300
113,227,739
281,259,1061
372,247,1377
506,262,1514
665,266,1566
765,260,1522
913,219,1376
997,161,1270
1061,144,1033
1095,146,921
1052,87,836
1017,-40,729
847,-52,634
743,-118,530
506,-118,429
294,-128,376
-10,-136,341
-232,-136,317
-564,-106,283
-760,-128,152
-904,-107,81
-983,-102,-14
-996,-110,-86
-936,-99,-154
-863,-108,-278
-650,-145,-339
-450,-163,-432
-315,-121,-490
-100,-72,-551
73,-65,-507
206,-83,-559
402,-62,-626
551,25,-689
640,102,-846
710,189,-797
554,233,-657
386,382,-507
28,449,-287
-217,599,-140
-493,722,142
-634,816,430
-756,866,541
-784,880,615
-745,862,587
-682,791,484
-503,756,323
-349,678,-43
-196,580,-287
-27,499,-603
49,440,-786
166,406,-844
225,291,-874
303,239,-736
336,234,-627
360,177,-430
385,120,-327
349,92,-255
369,-5,-233
302,-71,-213
271,-159,-318
184,-237,-540
141,-323,-942
-28,-367,-1181
-107,-372,-1604
-170,-363,-1936
-237,-313,-2092
-259,-291,-2203
-218,-240,-2133
-109,-218,-2053
98,-199,-1803
272,-122,-1581
395,-87,-1178
464,-113,-857
568,-81,-659
649,-61,-470
728,-67,-365
