=~=~=~=~=~=~=~=~=~=~=~= PuTTY log 2021.05.16 18:49:13 =~=~=~=~=~=~=~=~=~=~=~=,,
705,-892,890
689,-905,912
610,-941,909
589,-918,883
557,-892,888
591,-799,919
637,-781,971
717,-744,971
717,-779,1020
708,-774,1031
595,-838,987
484,-875,988
452,-908,1033
343,-952,997
272,-947,934
196,-954,904
123,-874,833
106,-858,850
139,-789,845
142,-751,826
150,-758,807
150,-764,793
103,-772,784
46,-779,702
-57,-805,688
-72,-855,684
-128,-858,723
-110,-855,751
-136,-871,798
-187,-846,791
-159,-808,761
-180,-865,737
-172,-917,789
-221,-976,658
-250,-997,680
-230,-959,580
-333,-863,495
-423,-816,416
-533,-775,235
-623,-678,134
-676,-636,15
-696,-635,-81
-705,-612,-145
-727,-488,-190
-696,-388,-180
-679,-346,-242
-697,-300,-285
-725,-269,-337
-704,-254,-328
-683,-261,-327
-665,-214,-309
-624,-175,-329
-606,-143,-298
-577,-162,-267
-512,-195,-243
-483,-204,-204
-410,-190,-95
-357,-251,7
-287,-283,86
-275,-314,252
-260,-396,305
-195,-405,370
-226,-424,410
-192,-397,413
-237,-443,405
-277,-455,331
-318,-420,293
-297,-388,239
-290,-373,211
-288,-304,146
-340,-299,125
-304,-267,63
-311,-238,-2
-300,-230,-7
-257,-184,-43
-211,-153,-79
-240,-90,-89
-255,-62,-188
-194,19,-192
-200,77,-233
-169,137,-299
-117,171,-315
-81,206,-262
-36,159,-167
73,125,-41
192,40,49
230,-28,224
352,-76,298
459,-191,482
528,-266,579
606,-294,670
682,-339,696
706,-310,704
789,-402,722
899,-347,867
937,-272,925
1044,-310,1136
1158,-377,1224
1260,-467,1314
1212,-604,1257
1219,-756,1264
1214,-789,1373
1167,-933,1399
1177,-920,1442
1139,-878,1415
1112,-864,1371
1062,-839,1373
1061,-823,1449
1110,-799,1532
1267,-831,1638
1200,-818,1665
1038,-855,1581
874,-836,1441
740,-837,1334
486,-697,1227
331,-564,1012
246,-294,824
189,-180,535
152,-8,380
61,99,201
31,215,97
-17,241,-43
-124,329,-90
-74,350,-164
-142,410,-143
-154,413,-95
-156,397,-131
-207,393,-150
-244,409,-185
-349,406,-345
-396,361,-478
-453,437,-493
-455,488,-595
-406,619,-667
-340,689,-735
-304,767,-831
-254,796,-812
-241,818,-832
-245,762,-850
-292,712,-825
-327,721,-797
-311,708,-780
-331,687,-774
-367,744,-798
-353,758,-777
-315,804,-789
-288,881,-787
-253,893,-732
-247,904,-708
-185,855,-568
-196,794,-501
-164,705,-384
-151,551,-285
-156,447,-159
-109,222,-64
-71,120,16
-12,-35,95
17,-12,179
67,-72,248
86,-34,218
115,-73,197
127,-55,105
156,-84,68
223,-108,42
248,-190,54
337,-243,129
331,-271,119
402,-323,190
400,-377,248
496,-393,372
540,-429,414
589,-408,511
609,-378,490
618,-377,527
598,-323,486
660,-233,486
631,-166,409
655,-128,406
639,-29,304
664,-21,296
672,84,254
674,133,228
654,213,165
580,197,63
566,253,2
515,225,31
523,225,28
506,234,-10
499,255,-78
515,281,-74
506,329,-64
474,348,-157
419,348,-223
413,344,-342
299,381,-396
317,336,-476
310,367,-495
376,429,-472
420,459,-444
438,478,-370
444,450,-277
445,400,-233
457,397,-239
389,331,-157
374,298,-126
350,267,-26
333,229,23
314,284,64
305,296,118
279,310,135
277,333,126
295,340,193
245,258,193
281,133,267
263,-83,322
236,-260,488
191,-414,580
226,-545,656
172,-680,718
100,-747,738
81,-841,812
15,-868,793
-13,-874,722
-48,-864,712
-81,-818,662
-29,-803,582
-11,-785,502
-10,-747,433
4,-764,437
-62,-751,398
-101,-729,416
-132,-749,427
-212,-799,464
-245,-855,487
-277,-867,580
-244,-902,594
-219,-880,718
-224,-896,729
-180,-898,759
-108,-865,836
-143,-828,804
-121,-863,836
-115,-889,863
-114,-872,839
-144,-822,855
-202,-842,794
-253,-810,632
-327,-699,603
-413,-675,499
-389,-578,382
-397,-447,241
-424,-339,104
-440,-181,10
-423,-128,-62
-455,-6,-112
-468,25,-174
-518,73,-216
-544,124,-275
-589,153,-287
-611,167,-337
-640,196,-338
-583,215,-351
-628,207,-410
-645,250,-437
-657,217,-533
-617,225,-590
-602,136,-571
-458,91,-554
-401,45,-512
-313,-9,-467
-266,-70,-462
-262,-73,-503
-268,-177,-511
-299,-162,-597
-300,-240,-608
-275,-226,-593
-233,-243,-590
-166,-195,-589
-97,-79,-596
-63,-34,-581
-12,-40,-559
82,-64,-424
109,-136,-384
110,-263,-247
85,-399,-88
137,-471,44
170,-564,140
152,-570,243
147,-654,355
208,-633,424
175,-630,383
193,-570,388
203,-598,398
233,-458,376
262,-435,362
309,-335,331
305,-289,340
338,-266,343
307,-211,279
304,-188,269
284,-143,201
274,-136,196
229,-123,86
279,-121,41
241,-122,103
273,-29,62
286,27,18
286,125,-57
253,159,-76
240,226,-102
247,348,-170
188,409,-171
148,463,-215
192,515,-234
248,532,-212
232,600,-211
269,578,-197
293,550,-157
323,564,-176
307,524,-246
232,523,-255
137,558,-342
91,523,-334
87,526,-461
99,606,-482
42,646,-533
59,671,-562
79,687,-667
57,705,-729
32,716,-779
58,730,-813
41,724,-799
21,769,-792
35,837,-815
28,837,-726
-22,836,-702
76,769,-744
101,732,-753
139,719,-732
94,739,-793
-107,786,-884
-125,832,-929
-166,838,-1005
-243,816,-1057
-211,821,-1076
-101,863,-1084
56,806,-966
83,436,-816
97,80,-623
236,20,-453
340,-22,-301
339,-18,-167
228,-38,-1
112,-61,48
21,-169,59
-74,-278,-7
-104,-384,15
-66,-340,6
-26,-272,-5
144,-214,67
170,-145,96
223,-134,170
198,-102,251
217,-173,298
198,-281,345
168,-337,378
127,-372,407
80,-425,410
131,-408,350
86,-364,377
85,-350,317
114,-333,258
111,-282,195
120,-257,122
116,-288,114
83,-281,96
119,-280,70
87,-254,80
127,-242,78
78,-252,76
95,-169,59
68,-177,64
84,-190,60
50,-169,74
116,-116,97
254,-117,192
341,-127,301
440,-169,464
484,-197,617
531,-214,736
584,-273,811
578,-270,862
577,-278,893
504,-261,805
498,-190,649
483,-148,528
466,-105,410
466,-88,352
418,-58,232
364,-6,155
422,36,85
414,28,66
357,53,59
281,23,-8
241,26,-43
121,11,-124
136,-22,-74
40,-19,-113
-22,31,-138
24,47,-159
-37,84,-197
8,132,-221
-38,156,-221
-79,194,-241
-72,234,-277
-28,211,-263
4,111,-233
-2,59,-168
23,-49,-128
39,-178,22
29,-257,84
92,-392,146
121,-548,246
151,-808,359
225,-815,433
371,-794,466
435,-740,493
400,-634,502
360,-493,385
292,-423,282
250,-354,198
195,-318,82
185,-266,32
156,-214,-8
248,-180,-18
286,-137,-59
317,-39,-114
317,-17,-37
319,-26,-27
338,-7,-14
298,-10,33
260,-45,86
290,-60,90
250,-72,95
195,-86,125
161,-53,49
68,-7,-35
-5,28,-81
68,137,-230
27,196,-271
7,346,-327
32,346,-375
61,423,-391
72,450,-439
59,430,-389
59,400,-332
69,357,-273
87,237,-173
94,112,-60
125,35,87
182,-83,217
254,-162,354
272,-224,470
311,-247,504
324,-208,532
342,-216,483
362,-197,452
390,-155,457
403,-106,431
445,-145,425
450,-143,468
462,-192,435
462,-195,497
485,-159,465
474,-169,357
409,-150,200
244,-131,84
237,-108,-41
246,-18,-95
243,16,-124
217,92,-162
238,234,-179
227,324,-208
241,452,-208
226,489,-165
201,511,-218
216,510,-202
172,530,-190
189,546,-101
178,553,-47
203,550,40
182,578,79
181,567,128
230,596,239
243,554,264
257,576,362
322,521,364
306,541,395
345,539,453
339,539,481
341,545,516
342,493,524
352,452,599
331,428,594
333,383,668
307,349,1205
75,315,1965
-327,115,1953
-515,-298,1950
-779,-575,2025
-919,-695,2096
-936,-738,2144
-838,-623,2125
-704,-524,2025
-583,-302,1920
-371,-138,1713
-190,-93,1557
-4,-41,1503
350,-22,1541
632,-166,1619
1108,-289,1636
1459,-585,1821
1931,-905,2034
2489,-1131,2480
2774,-1453,2832
3124,-1733,2934
3398,-1835,3106
3557,-1869,3237
3742,-1893,3289
3772,-1902,3287
3755,-1851,3118
3598,-1692,2849
3358,-1569,2363
3122,-1182,1733
2683,-659,1292
2170,-294,660
1774,142,341
1139,481,-29
696,799,-147
20,840,-274
-449,1016,-366
-1052,1153,-444
-1571,1252,-524
-1803,1229,-610
-2120,1174,-735
-2452,1089,-751
-2650,940,-789
-2953,869,-881
-3142,851,-1050
-3202,842,-1123
-3217,848,-1208
-3134,932,-1228
-3122,953,-1228
-2992,959,-1121
-2976,918,-1004
-2871,908,-975
-2767,924,-853
-2679,940,-783
-2505,1028,-714
-2254,1144,-635
-2084,1267,-495
-1799,1528,-467
-1503,1691,-399
-1335,2063,-483
-1088,2460,-519
-849,2769,-684
-637,3245,-867
-539,3692,-1043
-413,4042,-1266
-225,4642,-1458
-7,5013,-1481
108,5176,-1478
187,5346,-1360
296,5483,-1200
329,5720,-923
409,5847,-861
537,5714,-787
476,5536,-737
332,5535,-581
232,5513,-379
24,5487,-185
-292,5488,168
-593,5499,435
-936,5514,998
-1146,5568,1457
-1672,5359,1628
-2176,5156,2069
-2263,4910,2433
-2400,4675,2669
-2644,4540,2897
-2743,4381,2973
-2862,4324,2967
-2959,4372,2931
-2980,4564,2906
-3016,4909,2842
-3032,5222,2671
-3032,5740,2647
-2977,6249,2518
-3037,6639,2435
-3032,7251,2339
-2885,7813,2258
-2745,8132,2162
-2594,8475,2065
-2291,8800,1914
-1897,8986,1754
-1588,9364,1708
-1180,9798,1702
-865,10131,1540
-757,10808,1437
-534,11569,1305
58,11939,704
354,12523,9
632,13035,-346
910,13939,-847
1274,14674,-1062
1573,15096,-1280
1861,15629,-1514
2007,16089,-1692
2071,16415,-2021
2071,16531,-2258
1978,16496,-2494
1776,16417,-2601
1383,16150,-2763
1076,15958,-2884
767,15553,-2961
293,15110,-3102
-152,14809,-3175
-518,14322,-3231
-713,13851,-3207
-992,13390,-3158
-1129,13158,-3009
-1242,12719,-2884
-1408,12303,-2803
-1646,11966,-2715
-1897,11791,-2591
-2028,11648,-2501
-2213,11624,-2452
-2399,11588,-2371
-2458,11624,-2232
-2594,11641,-2092
-2641,11504,-1826
-2606,11204,-1677
-2507,10835,-1301
-2328,10517,-950
-2248,10032,-683
-2199,9556,-548
-2113,9242,-500
-1973,8922,-434
-1799,8615,-419
-1661,8493,-446
-1415,8374,-667
-1269,8275,-851
-957,8204,-1121
-601,8201,-1345
-350,8154,-1473
-121,7960,-1635
18,7816,-1725
122,7674,-1777
162,7481,-1787
187,7266,-1692
199,7052,-1637
140,6977,-1638
59,6896,-1639
-79,6977,-1696
-298,7099,-1682
-368,7269,-1663
-466,7509,-1627
-442,7623,-1495
-479,7732,-1419
-528,7853,-1348
-538,7938,-1285
-560,8088,-1190
-604,8274,-1192
-531,8427,-1113
-446,8602,-1064
-326,8721,-1088
-173,8710,-1142
-69,8818,-1190
21,8910,-1310
92,9063,-1495
217,9343,-1571
433,9607,-1683
501,10035,-1706
640,10392,-1744
873,10574,-1748
953,10745,-1755
1072,10795,-1695
1246,10784,-1592
1305,10575,-1414
1365,10379,-1258
1390,10030,-1006
1292,9771,-633
1255,9387,-278
1243,9046,-122
1149,8809,169
1162,8511,348
1116,8238,576
1125,7993,778
1186,7793,895
1177,7653,1034
1215,7602,1131
1288,7574,1312
1303,7403,1513
1203,7181,1615
1113,7053,1857
1089,6742,2027
953,6366,2164
828,6176,2321
773,5845,2382
651,5677,2543
599,5384,2631
457,5160,2676
414,4946,2750
357,4755,2767
247,4623,2727
202,4545,2723
81,4547,2640
28,4680,2580
-200,4765,2538
-373,5004,2470
-565,5403,2399
-762,5639,2345
-950,5866,2296
-1114,6047,2340
-1270,6134,2373
-1385,6122,2425
-1516,6004,2389
-1517,5956,2397
-1542,5828,2367
-1534,5682,2316
-1462,5523,2183
-1405,5319,2052
-1360,5164,1925
-1121,4983,1705
-1061,4790,1512
-848,4642,1371
-676,4581,1215
-500,4452,1094
-263,4379,1062
13,4372,1009
231,4321,961
498,4383,957
698,4407,900
949,4459,850
1085,4535,850
1140,4530,867
1191,4563,750
1230,4585,649
1265,4663,437
1268,4687,282
1337,4685,73
1341,4706,-126
1296,4814,-294
1286,4876,-422
1243,5005,-512
1160,5080,-612
1025,5150,-583
810,5193,-559
665,5190,-548
568,5044,-517
544,4824,-510
515,4578,-493
675,4260,-419
748,4062,-384
782,3811,-413
769,3642,-495
713,3403,-560
715,3292,-623
700,3270,-700
682,3207,-683
694,3234,-688
620,3295,-709
599,3332,-685
560,3367,-686
508,3395,-730
472,3432,-705
459,3437,-716
439,3439,-736
371,3462,-750
395,3524,-763
409,3601,-800
416,3630,-771
435,3730,-768
518,3808,-758
548,3872,-706
594,3986,-682
639,4071,-638
672,4109,-609
732,4194,-658
754,4323,-635
798,4551,-690
727,4793,-709
749,4983,-659
774,5186,-694
798,5316,-569
865,5332,-540
890,5370,-479
961,5414,-430
914,5347,-354
864,5331,-322
852,5307,-252
721,5341,-190
687,5340,-69
617,5346,35
635,5417,215
598,5374,358
610,5357,598
559,5359,764
479,5321,1002
376,5236,1231
170,5109,1496
77,4966,1686
-42,4822,1880
-32,4564,2068
-23,4371,2096
32,4257,2223
156,4068,2254
300,4017,2311
390,3889,2263
528,3943,2197
641,4058,2069
859,4225,1987
1088,4317,1804
1231,4497,1733
1480,4561,1551
1536,4760,1454
1676,4777,1320
1755,4794,1247
1757,4767,1187
1719,4718,1196
1618,4682,1115
1593,4610,1058
1482,4522,1018
1406,4522,1008
1318,4406,956
1213,4305,961
1139,4227,1018
971,4073,1001
810,3987,923
596,3897,798
456,3774,512
387,3596,388
386,3481,175
429,3328,80
458,3306,-69
426,3252,-184
360,3324,-337
267,3523,-507
246,3703,-512
260,3867,-486
267,4046,-430
379,4295,-550
352,4408,-623
484,4465,-630
565,4406,-583
753,4299,-562
928,4215,-562
1032,4135,-497
1179,4178,-429
1341,4089,-360
1349,4014,-323
1399,3875,-395
1402,3753,-420
1451,3654,-431
1628,3630,-422
1738,3654,-456
1827,3707,-420
1993,3782,-455
2059,3969,-460
2093,3997,-548
2159,4050,-517
2127,3990,-567
2142,3909,-667
2117,3796,-591
2017,3675,-647
1844,3633,-643
1738,3571,-750
1560,3562,-747
1307,3532,-751
1108,3568,-716
897,3569,-733
731,3543,-680
513,3487,-621
361,3385,-462
340,3138,-422
226,3067,-227
229,2807,-56
187,2638,41
207,2529,194
178,2410,270
145,2310,369
183,2245,516
219,2242,599
254,2231,696
289,2297,775
298,2347,816
303,2342,1018
272,2373,1174
227,2406,1397
222,2480,1600
262,2486,1750
215,2458,1951
171,2330,2015
94,2288,2140
88,2226,2271
-150,2236,2394
-197,2192,2488
-397,2277,2607
-524,2374,2700
-633,2569,2707
-824,2818,2839
-1028,3064,3105
-1163,3478,3278
-1450,3967,3373
-1701,4342,3395
-1787,4939,3286
-1951,5477,3142
-2049,5777,2926
-2063,6275,2666
-2094,6821,2646
-1985,7061,2558
-1770,7156,2418
-1627,7351,2201
-1666,7503,1801
-1652,7771,1452
-1575,7896,1240
-1535,7987,984
-1444,8031,725
-1335,8062,546
-1260,8123,234
-1272,8242,46
-1249,8122,-94
-1173,7832,-95
-1152,7424,-90
-1121,7159,-74
-1168,6726,-159
-1367,6399,-228
-1565,6132,-342
-1739,5785,-413
-2054,5547,-360
-2285,5360,-305
-2426,5030,-351
-2471,4588,-325
-1668,3855,-803
646,2999,-917
1821,2181,-445
3204,2089,-374
3017,1766,-453
3275,2496,-62
2290,1800,332
4521,1506,396
3679,1352,1072
4156,1278,1283
4132,1482,1075
4163,987,1109
4793,890,1419
3338,793,1661
3166,786,2207
2958,689,2560
2599,518,3399
2055,384,4034
1385,326,4799
956,287,5238
217,319,5805
-294,281,6052
-1141,172,6534
-2170,-420,7770
-3795,-465,7738
-3636,-462,7053
-3259,-22,6931
-2519,489,6969
-1933,791,7050
-1542,961,7192
-1130,1037,7360
-1152,1039,7621
-1284,952,7766
-1377,833,7851
-1407,704,8121
-1402,587,8253
-1269,615,8277
-1247,662,8078
-1262,942,7709
-1192,1158,6636
-830,1485,5311
-638,1812,4518
-342,2020,3250
-252,2237,1991
-215,2319,1184
-170,2444,-36
-271,2590,-1198
-445,2707,-1918
-585,2806,-2881
-652,2965,-3691
-736,3064,-4168
-832,3069,-4690
-907,3103,-5079
-958,2986,-5289
-1100,2921,-5416
-1026,2861,-5398
-1234,2849,-5306
-1377,2764,-5147
-1611,2863,-5134
-1858,2956,-5077
-2048,3057,-5085
-2265,3126,-5161
-2471,3176,-5209
-2528,3241,-5179
-2526,3313,-5119
-2485,3302,-4869
-2469,3303,-4546
-2478,3244,-4275
-2622,3269,-3841
-2788,3297,-3426
-2905,3445,-3040
-3060,3666,-2840
-3103,4092,-2594
-2988,4361,-2302
-2784,4376,-1750
-2398,4097,-1163
-2158,3729,-124
-2066,3478,847
-2088,3078,1492
-2248,2730,2335
-2481,2473,3202
-2597,2072,3782
-2712,1680,4622
-2735,1448,5392
-2644,1198,5790
-2510,950,6105
-2506,876,6207
-2490,733,6202
-2479,703,6105
-2488,615,5958
-2441,574,5793
-2421,568,5559
-2393,495,5395
-2371,592,5265
-2413,781,5067
-2421,1208,4852
-2389,1779,4694
-2334,2268,4436
-2313,3242,4132
-2187,4338,3879
-1763,4898,3623
-1519,5393,3566
-1420,5857,3592
-1508,5974,3695
-1539,6096,3749
-1769,6250,3829
-2075,6338,3930
-2299,6311,3974
-2521,6274,3940
-2736,6160,3679
-2815,6127,3386
-3027,6146,3177
-3104,6146,2658
-3114,6176,1854
-3008,6184,1319
-2776,6172,547
-2628,6163,-243
-2337,6142,-686
-2151,6151,-1342
-1979,6094,-1944
-1857,6025,-2338
-1720,5953,-2899
-1661,5903,-3354
-1638,5848,-3674
-1446,5723,-3829
-1450,5669,-4105
-1392,5541,-4330
-1382,5439,-4555
-1389,5235,-4778
-1320,5179,-5033
-1417,5054,-5324
-1428,5016,-5597
-1561,5146,-5836
-1519,5315,-6316
-1453,5792,-6734
-1397,6411,-7032
-1208,7034,-7515
-937,7337,-7961
-707,7578,-8243
-372,7839,-8149
-80,7934,-7750
23,8001,-7180
251,7875,-6715
431,7755,-6128
457,7393,-5802
499,7071,-5396
434,6591,-4974
351,6013,-4613
272,5616,-4065
342,5058,-3704
503,4547,-3463
630,4246,-2958
719,3924,-2498
871,3704,-2171
1002,3605,-1798
1053,3566,-1479
1198,3596,-1325
1347,3673,-1182
1460,3857,-1125
1607,4122,-1090
1739,4268,-1117
1838,4427,-1097
1931,4478,-1059
1922,4449,-938
1890,4329,-732
1698,4073,-602
1527,3871,-332
1400,3456,-173
1133,3119,173
992,3015,345
779,2804,370
727,2770,118
631,2685,-233
478,2721,-916
476,2853,-1445
428,3005,-2292
480,3247,-3082
569,3355,-3537
660,3450,-4189
658,3598,-4749
660,3772,-5093
679,3930,-5538
648,4287,-5910
594,4736,-6176
559,5091,-6611
569,5513,-6933
695,5873,-7583
602,5984,-8098
646,6212,-8222
604,6302,-8394
551,6209,-8430
432,6161,-8415
258,6036,-8374
161,5775,-8240
82,5553,-8132
57,5510,-7948
16,5369,-7756
-23,5320,-7628
-8,5245,-7449
22,5236,-7333
119,5175,-7096
217,5015,-6734
536,4765,-5750
755,4356,-4254
1224,3849,-3210
1548,3639,-1689
1623,3392,-283
1636,3293,662
1571,3320,1988
1579,3360,3227
1664,3374,3993
1832,3341,4957
1939,3110,5539
2074,2910,6270
2015,2714,6835
1845,2231,7151
1691,1901,7550
1585,1395,7921
1344,1021,8097
1241,914,8204
1257,859,8208
1219,903,8121
1232,939,8067
1215,1037,7992
1282,1024,7953
1311,949,7906
1361,890,7889
1275,875,7876
1179,1037,7848
1062,1290,7957
984,2005,8070
861,3230,8059
818,4146,7911
924,5598,7732
1172,6480,7363
1404,7172,6697
1684,7581,5267
1738,7792,3848
1609,8017,3078
1444,8171,2086
1290,8318,1356
1178,8422,952
1130,8631,417
1029,8732,22
1098,8659,-524
1166,8457,-1050
1309,8213,-1367
1382,8096,-1793
1480,7754,-2159
1625,7446,-2401
1713,7224,-2885
1707,7158,-3509
1605,7113,-4067
1563,7169,-5074
1532,7091,-6010
1601,7126,-6544
1604,7162,-7293
1616,7119,-7907
1717,6820,-8179
1588,6566,-8474
1321,6164,-8671
939,5867,-8790
653,5804,-8951
505,5738,-9075
377,5761,-9040
410,5648,-8685
538,5525,-7686
877,5239,-6757
1172,4909,-5273
1296,4343,-4293
1249,3806,-3102
942,3431,-2095
653,3018,-1466
303,2567,-643
151,2259,142
-1,1792,743
21,1416,1612
87,902,2220
71,612,3078
-60,281,3527
-260,157,4101
-379,99,4343
-561,186,4590
-559,468,4796
-372,790,5098
-180,1340,5466
88,2025,5675
338,2514,5939
513,3038,6120
677,3128,6257
713,3274,6371
570,3265,6454
447,3215,6464
324,3097,6439
181,3032,6481
86,2961,6467
50,2816,6497
-3,2540,6484
-143,2373,6607
-162,2059,6631
-233,1718,6732
-168,1452,6983
-276,1205,7259
-453,1042,7129
-776,1058,6567
-976,1313,6048
-1213,1613,5085
-1140,2395,3758
-1009,3253,2714
-648,3901,1112
-252,4959,-432
26,5952,-1305
392,6560,-2310
704,7171,-3149
1073,7470,-3555
1107,7591,-3969
1037,7547,-4059
728,7353,-4116
560,7175,-4088
383,6914,-4072
173,6552,-4125
63,6399,-4311
1,6120,-4478
-109,5980,-4561
-68,5564,-4421
77,5177,-4244
158,4961,-4005
163,4612,-3858
-3,4423,-3734
-55,4140,-3609
-324,3855,-3560
-497,3770,-3549
-633,3870,-3499
-801,3954,-3551
-559,3860,-3617
-263,3911,-3573
-119,3952,-2911
-367,3842,-446
-753,3449,693
-1283,2809,1147
-2041,2398,1404
-2549,1992,1266
-2930,1864,1300
-2968,1908,1383
-2929,2050,1282
-2773,2172,902
-2493,2319,918
-2439,2393,927
-2505,2309,932
-2664,2315,1672
-2993,2155,2251
-3508,1878,2683
-3833,1917,3102
-4103,1938,3268
-4153,2337,3524
-4345,2510,3879
-4328,2819,3855
-4316,3152,3882
-4377,3260,3847
-4318,3433,3767
-4281,3568,3601
-4215,3635,3454
-4150,3713,3348
-4055,3699,3164
-3854,3676,2856
-3641,3690,2381
-3188,3815,1977
-2575,3876,1368
-2085,3919,916
-1291,3992,628
-422,4057,245
104,3980,63
916,3881,-252
1347,3710,-477
1887,3628,-765
2438,3292,-957
2767,3007,-971
3119,2821,-957
3318,2526,-1014
3487,2437,-1107
3602,2377,-1230
3606,2348,-1433
3603,2276,-1548
3495,2258,-1670
3395,2223,-1695
3238,2160,-1741
3054,2091,-1695
2893,2069,-1580
2579,2013,-1486
2249,2032,-1357
2020,2053,-1216
1755,2045,-1185
1445,2053,-1097
1275,2081,-969
852,2168,-910
281,2364,-813
-195,2905,-662
-896,3543,-503
-1679,4020,-311
-2160,4922,-138
-2837,5418,19
-3796,5371,-1195
-5015,5360,-1317
-5706,5584,-1854
-5899,5719,-2471
-5803,6102,-2857
-5763,6407,-3217
-5552,6626,-3532
-5429,6693,-3663
-5320,7088,-3586
-5088,7268,-3502
-4922,7373,-3253
-4572,7379,-3063
-4325,7251,-2890
-3914,7164,-2797
-3530,7107,-2607
-3262,7141,-2453
-3276,7235,-2320
-3323,7321,-2251
-3524,7299,-2166
-3754,7150,-2159
-3925,7060,-2099
-4281,6953,-1903
-4495,6849,-1744
-4652,6697,-1566
-4897,6501,-1451
-4970,6240,-1231
-4991,6106,-997
-4950,5918,-772
-4860,5871,-619
-4689,5768,-309
-4501,5665,15
-3997,5558,275
-3306,5576,635
-2785,5450,916
-1750,5405,1241
-635,5275,1587
37,5126,1769
1126,5119,1832
1804,5002,1683
2675,4764,1565
3465,4575,1167
3988,4493,667
5523,4739,-2021
7176,5265,-4178
8433,5853,-5206
9579,6555,-9237
10393,6709,-6353
8393,6901,-5538
8768,7145,-9501
10354,7222,-9832
9477,8174,-8581
8353,8779,-8565
8123,8978,-8960
7807,9114,-8728
6807,9332,-8610
5890,9236,-8451
5532,9179,-8262
5118,8967,-8122
4531,8845,-7959
4118,8561,-7637
3499,8137,-7434
2929,7867,-6968
2658,7578,-6438
2277,7318,-6144
2029,7171,-5777
1912,6805,-5545
1669,6342,-5424
1541,6150,-5112
1426,5836,-4884
1382,5509,-4753
1241,5204,-4475
1088,4717,-4125
720,4233,-3777
359,3922,-3096
161,3505,-2215
-76,2932,-1566
-317,2464,-546
-465,1777,-24
-688,1293,972
-770,645,1963
-827,94,2650
-911,-188,3772
-965,-543,4395
-1074,-712,5319
-1170,-889,6044
-1253,-953,6392
-1265,-842,6730
-1238,-556,6840
-1124,-51,6848
-924,427,6689
-850,1288,6486
-674,2383,6264
-538,3227,5764
-633,4852,3820
-1333,5650,2113
-2452,6878,1227
-2951,7774,897
-3502,8138,386
-3939,8621,175
-4410,8696,68
-4871,8640,-103
-5134,8599,-211
-5289,8687,-111
-4977,8859,-16
-4494,9243,-48
-3423,9585,-228
-2358,9881,-572
-1639,10418,-1166
-552,10854,-1662
488,11219,-2374
1288,11732,-2982
1818,12022,-3327
2574,12278,-3528
3132,12332,-3713
3583,12264,-3819
4294,12112,-3897
4824,11929,-3924
5298,11710,-3959
5519,11261,-4017
5612,10860,-4091
5648,10519,-4050
5484,10215,-3988
5310,9725,-3757
5031,9279,-3660
4537,8909,-3397
4239,8256,-3080
3629,7517,-2840
2971,7039,-2395
2493,6183,-1927
1773,5321,-1591
1092,4874,-1014
760,4378,-509
540,4087,-166
585,3980,272
764,3915,497
999,3932,741
1188,3955,828
1395,3860,853
1475,3796,888
1519,3637,847
1444,3408,881
1293,3090,904
1115,2792,845
946,2489,902
762,2354,966
606,2015,1134
433,1688,1267
303,1223,1529
138,791,1647
-145,504,1652
-325,-50,1541
-606,-415,1439
-777,-880,1222
-1028,-1349,1124
-1218,-1493,980
-1422,-1590,923
-1694,-1379,868
-1982,-1156,794
-2149,-717,680
-2358,-270,599
-2453,7,388
-2423,306,189
-2318,477,-113
-2303,654,-488
-2280,760,-734
-2237,859,-1043
-2224,1089,-1268
-2269,1356,-1418
-2221,1516,-1578
-2194,1839,-1762
-2147,2275,-1869
-2143,2737,-2070
-2114,3128,-2165
-2130,3421,-2278
-1919,3592,-2359
-1769,3714,-2483
-1531,3780,-2447
-1343,4006,-2419
-1066,4277,-2473
-828,4479,-2581
-606,4594,-2681
-400,4821,-2820
-19,4990,-2857
175,5004,-2783
339,4954,-2647
517,4896,-2475
552,4765,-2156
552,4530,-1865
509,4412,-1458
442,4244,-993
383,4066,-592
26,3880,-75
-25,3661,261
-374,3533,612
-489,3318,795
-456,3392,818
-500,3839,1021
-83,4647,1524
-347,4751,1963
-178,5137,1778
-163,5144,1470
-334,4727,1355
-638,4377,1398
-807,4138,1451
-841,3852,1451
-703,3586,1454
-517,3607,1463
-425,3829,1511
-247,4246,1609
204,4734,1682
611,5763,1799
1436,6636,1963
1973,8018,2145
2801,9229,2200
3525,9933,2189
3824,10666,2163
4193,10890,2025
4569,10882,1900
4769,10567,1800
5016,9972,1710
5716,9878,1696
6286,10245,2032
6809,9224,1450
5742,8487,1597
5462,7372,1734
5179,6610,1624
4818,5527,1472
4027,4895,1400
2910,4627,1313
2264,4306,1155
1140,4176,1075
142,4075,923
-374,3917,800
-955,3727,625
-1406,3465,582
-1867,3319,544
-2045,3360,606
-2111,3660,682
-2068,4152,702
-1770,4534,683
-1571,5005,680
-1204,5201,566
-1009,5381,408
-764,5452,322
-549,5461,251
-345,5373,145
-114,5359,42
78,5237,-19
385,5222,-110
558,5167,-136
811,5191,-152
949,5220,-72
974,5234,0
1081,5231,137
1082,5213,248
1059,5111,326
955,4794,482
853,4400,590
850,4171,772
903,4026,851
949,4007,1076
1103,4012,1170
1261,4013,1252
1415,3998,1316
1712,3993,1327
1962,3972,1321
2197,3960,1330
2524,3984,1292
2840,4004,1255
3049,4055,1200
3377,4138,1158
3533,4248,1210
3678,4366,1265
3637,4440,1383
3630,4653,1498
3476,4903,1608
3682,4933,1632
3880,5354,1962
3988,5706,2180
4059,5853,2515
3995,6186,2836
3879,6452,3957
3758,6257,7588
3134,8602,5459
1984,8985,3287
1634,9353,2801
1371,9596,2553
986,9700,2414
829,9528,2321
1024,9468,2059
1103,9547,2046
978,9231,1835
573,8961,1615
304,8436,1482
-40,8074,1313
-151,7433,1104
-153,6795,1047
-10,6432,931
135,5916,760
248,5712,754
350,5459,696
427,5283,634
494,5215,544
544,5108,459
489,5106,390
476,5023,329
378,4971,283
330,4870,234
316,4765,84
297,4675,40
189,4682,-10
160,4763,37
21,4876,187
-24,5171,269
15,5308,547
92,5508,679
395,5594,979
551,5735,1121
968,5748,1307
1210,5850,1453
1440,5792,1673
1667,5636,1690
1828,5318,1702
1939,5122,1667
2035,4798,1680
2133,4570,1654
2156,4477,1658
2097,4407,1691
2235,4383,1627
2362,4444,1624
2342,4663,1783
2092,4878,1821
1809,5004,1866
1622,5347,1901
1281,5518,1949
1155,5434,1897
870,5674,1916
544,5764,2006
357,5883,1970
225,5899,1916
168,6085,1936
125,6193,1896
202,6247,1833
157,6579,1838
-3,6690,1852
-83,6659,1677
-40,6539,1532
-32,6502,1506
-114,6366,1406
-107,6283,1279
-39,6096,1134
-66,5866,1022
-55,5665,797
-78,5460,734
-111,5265,608
-196,5082,490
-278,4881,368
-323,4539,183
-386,4353,84
-372,4206,-21
-386,4113,-41
-236,4154,-37
-169,4317,-36
-88,4457,5
-46,4603,26
-14,4657,70
48,4774,100
49,4926,184
77,5059,312
85,5125,429
171,5102,509
179,5077,632
215,5002,681
255,4860,773
324,4715,772
322,4639,860
352,4549,881
288,4597,922
192,4675,1004
97,4753,949
49,4739,773
52,4826,703
26,4854,590
-70,4891,447
-69,4881,287
-96,4881,155
-83,4883,80
-155,4817,11
-122,4809,-111
-223,4706,-150
-235,4616,-371
-189,4411,-535
-242,4129,-629
-271,4028,-736
-239,3869,-804
-184,3717,-871
-93,3677,-962
-60,3576,-978
-3,3506,-1051
40,3421,-1155
59,3346,-1161
51,3311,-1149
92,3398,-1098
153,3499,-1021
199,3810,-964
244,3985,-813
270,4305,-704
299,4675,-581
217,4961,-408
212,5371,-319
108,5717,-79
40,6033,27
32,6197,136
2,6396,215
-120,6523,345
-90,6662,399
-8,6842,539
-21,7154,669
-117,7353,720
-185,7633,821
-244,7875,932
-399,8097,1044
-398,8307,1124
-512,8436,1186
-557,8486,1212
-639,8457,1220
-749,8369,1250
-792,8126,1258
-837,7875,1281
-868,7667,1302
-891,7363,1285
-909,7220,1288
-963,6989,1298
-855,6743,1236
-745,6828,1266
-773,6936,1383
-694,6925,1373
-514,6889,1304
-476,6918,1335
-550,6840,1326
-524,6648,1191
-441,6534,1191
-418,6415,1145
-417,6421,1149
-351,6555,1156
-301,6682,1155
-166,6830,1170
-102,7104,1215
-183,7319,1250
-138,7470,1176
-53,7657,1170
-27,7751,1178
-22,7964,1128
49,8099,1165
120,8312,1167
213,8576,1176
180,8741,1161
198,8837,1153
213,8904,1139
228,8832,1106
348,8718,1098
431,8621,1070
471,8426,1146
582,8480,1134
610,8509,1197
672,8562,1245
647,8661,1325
646,8799,1302
623,8888,1319
594,9058,1322
416,9205,1337
348,9232,1324
229,9266,1302
177,9178,1305
22,9102,1267
-207,8799,1224
-262,8251,1158
-431,7871,1133
-535,7259,1128
-666,6752,1160
-688,6454,1205
-694,6309,1342
-664,6308,1429
-606,6394,1560
-526,6662,1615
-428,6985,1633
-426,7244,1648
-431,7524,1652
-358,7644,1605
-337,7596,1563
-318,7358,1494
-344,7094,1359
-267,6693,1303
-302,6271,1257
-277,6011,1091
-291,5810,1065
-244,5700,954
-238,5715,861
-147,5727,847
-192,5807,841
-128,5933,827
-164,5940,772
-199,5946,734
-308,5762,757
-354,5610,715
-407,5320,672
-489,5203,613
-568,5087,621
-583,5075,649
-683,5188,715
-837,5429,774
-912,5608,825
-976,5953,943
-1028,6167,1011
-969,6394,1005
-996,6640,1032
-1075,6865,1119
-1133,7134,1153
-1069,7318,1075
-1035,7402,1047
-1040,7609,1020
-1038,7789,1016
-927,7973,979
-912,8210,1006
-855,8392,992
-696,8519,911
-613,8663,914
-569,8704,855
-502,8726,789
-380,8655,763
-362,8583,685
-282,8374,589
-202,8235,602
-211,7716,701
-524,7406,580
-434,6903,956
-523,6543,1031
-977,6269,1157
-1282,5973,1627
-1521,6039,1704
-1509,6053,1763
-1571,6146,1974
-1573,6307,2099
-1598,6319,2334
-1568,6446,2460
-1559,6622,2539
-1421,6709,2662
-1255,6901,2757
-1026,7166,2811
-731,7415,2859
-514,7815,2826
-225,8275,2796
80,8553,2716
352,8976,2695
743,9206,2649
936,9506,2617
1172,9568,2411
1314,9442,2264
1445,9165,2171
1622,8932,1978
1745,8386,1818
1853,7808,1719
1892,7339,1736
1789,6725,1686
1604,6184,1695
1246,5870,1731
1037,5561,1769
711,5336,1779
566,5137,1730
239,4947,1694
-154,4855,1596
-394,4666,1496
-725,4423,1425
-1148,4339,1269
-1429,4135,1161
-1778,3988,1073
-2063,3815,968
-2170,3684,869
-2378,3585,781
-2540,3538,703
-2599,3569,641
-2676,3641,568
-2698,3798,521
-2634,3924,532
-2627,4042,473
-2622,4310,431
-2509,4597,427
-2342,4767,354
-2220,5034,295
-2040,5082,194
-1770,5195,61
-1593,5190,28
-1390,5182,-17
-1298,5137,-58
-1097,5074,-98
-943,5087,-39
-832,5200,-36
-703,5254,69
-650,5371,135
-640,5473,217
-638,5520,305
-614,5371,294
-593,5274,293
-545,5068,284
-476,4921,337
-356,4783,195
-111,4711,161
28,4672,48
230,4729,-47
316,4748,-36
400,4890,-232
554,4935,-322
703,5131,-456
838,5140,-363
853,5187,-422
871,5261,-583
1259,5331,-775
1397,5321,-733
1569,5224,-688
1493,5340,-802
1210,5304,-525
750,5363,-369
490,5494,-278
158,5679,-294
-35,6143,-125
-221,6459,-86
-294,6709,50
-325,7065,87
-452,7181,123
-661,7320,197
-866,7282,173
-1017,7120,156
-1175,6880,162
-1287,6707,157
-1269,6477,158
-1257,6361,111
-1287,6295,143
-1272,6283,184
-1239,6354,201
-1128,6477,267
-1133,6786,272
-1103,7049,274
-1062,7375,353
-964,7637,356
-866,7812,367
-776,8006,414
-670,8084,415
-633,8201,475
-612,8258,497
-511,8264,450
-481,8230,477
-391,8236,464
-358,8223,450
-248,8173,466
-250,8061,459
-271,7888,587
-315,7678,632
-384,7309,647
-400,7021,299
-368,6482,-52
-276,5734,-87
-108,5326,-111
-16,4601,-166
55,4137,-232
147,3581,-249
247,3282,-230
290,3026,-331
421,2860,-371
540,2891,-394
582,3036,-388
706,3206,-389
796,3495,-415
928,3796,-441
1028,3952,-445
1045,4090,-429
1129,4211,-457
1131,4324,-467
1193,4478,-486
1180,4563,-505
1129,4813,-487
1123,5058,-515
1069,5255,-573
997,5372,-703
871,5447,-763
729,5505,-966
591,5511,-1016
437,5487,-1076
284,5546,-1085
92,5617,-1079
-123,5668,-1054
-253,5755,-1012
-482,5821,-1035
-758,5956,-1028
-841,6039,-1058
-933,6067,-1110
-1020,6148,-1121
-1017,6212,-1109
-1042,6304,-1149
-972,6300,-1168
-936,6406,-1146
-845,6413,-1160
-791,6500,-1168
-709,6553,-1156
-587,6498,-1199
-323,6456,-1225
-160,6430,-1174
90,6397,-1223
364,6370,-1316
641,6382,-1462
994,6402,-1549
1362,6420,-1699
1572,6469,-1755
1855,6525,-1778
2054,6573,-1757
2119,6690,-1746
2214,6763,-1642
2309,6821,-1592
2387,6898,-1557
2399,6872,-1414
2442,6785,-1303
2505,6594,-1215
2554,6259,-1048
2549,5989,-868
2503,5502,-849
2559,5176,-814
2677,4773,-811
2778,4375,-792
2848,4167,-730
2948,3967,-612
2993,3811,-575
2932,3735,-557
2895,3707,-543
2836,3597,-531
2747,3541,-514
2712,3513,-457
2602,3489,-418
2528,3536,-414
2475,3623,-389
2356,3663,-430
2195,3766,-484
2042,3836,-504
1901,3866,-576
1856,3903,-724
1824,3960,-833
1906,3872,-934
1968,3744,-1130
2152,3666,-1381
2263,3676,-1579
2290,3870,-1688
2122,4125,-1613
1897,4405,-1691
1693,4719,-1514
1368,4978,-1498
974,5107,-1346
741,5125,-1344
397,5041,-1263
215,4932,-1272
111,4675,-1279
-24,4481,-1193
-69,4136,-1311
-225,3853,-1264
-382,3719,-1276
-611,3539,-1165
-763,3500,-1183
-1096,3457,-1098
-1316,3597,-1090
-1471,3642,-1073
-1566,3727,-1073
-1668,3769,-1107
-1621,3819,-1223
-1580,3782,-1259
-1451,3843,-1199
-1904,3990,-571
-2159,4219,-476
-2300,4464,-522
-2337,4673,-262
-2406,4931,56
-2494,5220,109
-2454,5324,297
-2545,5561,413
-2652,5685,602
-2809,5667,828
-2896,5760,842
-2977,5762,927
-3023,5817,941
-3114,5712,941
-3188,5624,1077
-3142,5421,1135
-3219,5204,1129
-3203,5031,1208
-3224,4884,1103
-3147,4848,1167
-3235,4623,1252
-3217,4538,1234
-3058,4584,1219
-2951,4633,1174
-2836,4754,1090
-2627,4824,1025
-2409,4893,843
-2333,4983,667
-2153,5088,553
-1933,5189,434
-1831,5307,383
-1682,5494,333
-1554,5587,248
-1449,5674,195
-1389,5726,178
-1339,5900,99
-1260,6067,82
-1154,6123,60
-1167,6255,56
-1208,6304,13
-1253,6418,57
-1244,6429,48
-1292,6461,18
-1347,6488,52
-1376,6504,-6
-1416,6585,-7
-1339,6626,2
-1293,6688,-19
-1219,6875,7
-1170,7055,-86
-1140,7304,-172
-1069,7484,-205
-983,7590,-259
-964,7723,-223
-1063,7726,-251
-1132,7621,-216
-1143,7543,-214
-1182,7472,-116
-1180,7475,-204
-1077,7590,-157
-1079,7745,-155
-1053,7908,-138
-1024,8039,-135
-1054,8090,-124
-1159,8100,-89
-1210,8081,-73
-1274,7990,-81
-1287,7877,-100
-1301,7784,-64
-1419,7652,-73
-1471,7564,-97
-1450,7460,-86
-1493,7375,-146
-1525,7365,-176
-1521,7228,-143
-1512,7188,-117
-1540,7027,-124
-1485,6928,-87
-1473,6767,-70
-1436,6650,-148
-1370,6514,-150
-1277,6417,-234
-1207,6361,-281
-1181,6359,-297
-1071,6347,-268
-1026,6333,-345
-1033,6359,-321
-952,6298,-276
-941,6281,-244
-1011,6332,-195
-983,6296,-199
-994,6388,-145
-1025,6415,-90
-985,6463,14
-920,6553,74
-818,6605,127
-738,6812,82
-518,6879,59
-437,6978,92
-246,7053,63
-263,7163,64
-45,7188,66
-164,7105,27
-259,7091,44
-289,7060,87
-350,7023,57
-380,7043,50
-370,7154,36
-291,7187,-52
-223,7294,-116
-188,7411,-140
-196,7470,-208
-195,7498,-232
-289,7507,-217
-361,7470,-259
-510,7480,-296
-603,7425,-358
-616,7342,-409
-683,7335,-444
-738,7255,-487
-734,7247,-493
-840,7203,-468
-866,7277,-471
-908,7417,-481
-903,7483,-421
-877,7568,-444
-795,7505,-399
-640,7431,-372
-556,7215,-322
-585,7098,-238
-537,6840,-149
-489,6606,-133
-454,6465,-98
-441,6328,-87
-341,6269,-121
-272,6278,-144
-198,6335,-117
-87,6499,-118
-47,6688,-170
25,6906,-168
127,7040,-183
151,7188,-135
156,7213,-77
125,7211,-26
-19,7091,80
-36,6941,94
-114,6810,132
-150,6641,147
-185,6574,120
-154,6555,137
-220,6532,48
-202,6532,71
-227,6537,-43
-248,6486,-3
-281,6395,-38
-523,6291,-50
-640,6095,-24
-799,5838,-5
-962,5621,21
-1050,5355,28
-1168,5220,51
-1165,5120,46
-1123,5068,38
-1069,5006,66
-988,4967,80
-969,4946,66
-979,4829,84
-975,4772,43
-901,4663,75
-945,4564,125
-972,4518,126
-917,4488,244
-858,4556,262
-801,4599,238
-737,4633,266
-523,4646,252
-437,4613,228
-370,4502,245
-368,4319,279
-353,4001,293
-319,3611,390
-320,3339,360
-349,3019,349
-356,2818,364
-364,2614,351
-364,2585,297
-295,2540,313
-315,2523,267
-327,2524,274
-354,2510,226
-368,2437,196
-380,2334,194
-466,2305,183
-473,2302,138
-525,2344,168
-563,2517,151
-592,2860,104
-588,3090,125
-568,3500,45
-628,3836,46
-626,3971,-19
-625,4087,21
-652,4112,0
-668,4109,2
-652,4016,-60
-637,3979,-28
-752,3957,-67
-743,3962,-62
-661,3983,-41
-688,4088,-133
-704,4187,-64
-673,4291,-153
-678,4449,-125
-645,4466,-117
-557,4492,-147
-414,4448,-185
-313,4412,-157
-302,4315,-171
-249,4165,-158
-190,4076,-158
-98,4016,-117
-67,3947,-53
-56,3971,-29
-149,4045,53
-46,4131,-3
-20,4189,2
-35,4313,37
-24,4474,-10
35,4475,-30
52,4637,-31
37,4698,-37
4,4809,-87
-17,4866,-86
-151,4984,-53
-150,5068,-84
-235,5250,-120
-325,5364,-124
-353,5428,-169
-383,5449,-173
-450,5435,-210
-505,5369,-249
-592,5272,-227
-670,5190,-233
-661,5172,-230
-751,5147,-237
-741,5142,-210
-758,5227,-223
-736,5245,-259
-740,5307,-272
-678,5390,-261
-640,5386,-256
-600,5402,-322
-530,5283,-334
-385,5210,-353
-337,5175,-317
-303,5150,-298
-270,4999,-252
-254,4890,-228
-324,4779,-143
-359,4604,-81
-399,4462,-75
-365,4357,-34
-304,4216,-2
-245,4171,134
-270,4067,132
-244,3919,175
-236,3628,256
-249,3348,236
-230,3125,285
-292,2822,336
-251,2659,420
-222,2493,504
-192,2479,487
-68,2536,528
64,2752,531
143,3007,543
258,3402,561
381,3656,596
438,3905,575
559,3988,604
622,4045,576
663,4014,589
679,3922,623
714,3839,624
746,3770,625
828,3712,643
868,3557,603
935,3575,620
916,3505,645
973,3483,611
974,3387,550
959,3285,562
935,3235,495
956,3157,484
921,3080,397
900,3060,422
847,3039,404
819,3093,395
777,3069,390
693,3094,364
643,3076,332
607,3151,314
523,3183,253
516,3273,204
518,3346,141
509,3470,135
441,3576,105
359,3707,92
277,3783,85
160,3869,16
101,3941,-38
18,3941,-69
-60,4003,-38
-160,4028,-74
-196,4071,-84
-263,4050,-107
-306,4098,-178
-350,4113,-178
-342,4144,-202
-313,4263,-241
-228,4327,-267
-196,4507,-163
-200,4688,-135
-131,4839,-135
-153,5021,-114
-62,5137,-107
-1,5201,-76
76,5248,-34
206,5147,-32
274,5177,35
427,5122,125
505,5179,193
616,5188,257
683,5324,341
696,5381,445
803,5485,511
801,5546,577
775,5511,618
788,5584,599
757,5542,595
747,5510,618
757,5425,599
703,5487,541
670,5475,568
611,5462,509
587,5426,503
607,5421,538
541,5391,510
621,5362,510
654,5323,515
654,5250,516
653,5170,556
658,4985,490
645,4828,504
663,4516,540
697,4277,560
701,3926,530
781,3671,476
903,3348,485
952,3078,511
1020,3005,425
1020,2804,439
1019,2700,405
1005,2454,405
999,2330,396
997,1934,383
996,1632,389
915,1168,324
845,868,282
802,360,292
618,95,277
521,-241,274
336,-413,271
172,-582,252
-5,-717,218
-119,-777,239
-370,-789,194
-463,-829,142
-637,-805,158
-824,-870,161
-889,-915,206
-955,-934,175
-964,-922,124
-998,-963,162
-1044,-950,205
-1089,-815,209
-1008,-745,195
-983,-495,246
-981,-250,211
-1128,-257,177
-924,-59,249
-431,-2,152
-156,883,217
-1170,950,202
-693,831,141
-387,723,125
-249,711,213
18,554,210
58,387,276
23,324,321
-73,349,345
-247,446,376
-277,642,423
-325,872,455
-297,1062,567
-330,1417,741
-519,1629,1008
-730,1858,1074
-865,1863,1061
-1010,1743,788
-1017,1413,596
-974,1103,364
-896,677,260
-769,258,141
-676,33,115
-687,-176,122
-774,-160,97
-948,-105,82
-1059,-45,40
-1144,202,35
-1165,303,-27
-1149,448,11
-1134,460,0
-1133,407,36
-1130,364,130
-1159,206,331
-1219,0,541
-1348,-88,930
-1464,-82,1230
-1490,-31,1266
-1357,172,1089
-1143,302,849
-908,531,542
-635,693,466
-353,807,429
-172,797,482
14,678,630
110,433,733
187,180,997
256,-256,1063
187,-488,1182
165,-837,1222
155,-1009,1169
222,-1122,1064
327,-1113,994
424,-927,903
518,-597,821
556,-282,664
518,89,556
553,391,362
526,794,286
490,1001,130
558,1315,-25
582,1534,-218
717,1816,-391
829,2052,-616
942,2423,-785
1081,2803,-917
1067,2986,-995
1041,3178,-1049
996,3234,-1039
887,3313,-1066
843,3308,-1072
670,3310,-1124
629,3257,-1133
512,3223,-1129
498,3173,-1117
446,3067,-1118
314,2970,-1073
241,2865,-1024
150,2704,-958
12,2517,-909
-27,2209,-832
-50,1809,-777
-128,1486,-735
-162,1006,-707
-145,710,-645
-138,258,-605
-67,-39,-583
-19,-221,-564
18,-334,-512
25,-360,-493
-17,-336,-538
-41,-266,-474
-104,-189,-466
-150,-144,-377
-247,-152,-138
-345,-174,386
-622,-233,1369
-659,-126,952
-413,-114,609
-415,-75,102
-303,163,-209
-98,298,-505
-43,575,-588
-13,751,-577
-41,1044,-562
-67,1275,-616
-169,1401,-647
-297,1612,-661
-325,1741,-567
-389,1818,-552
-388,1857,-697
-344,1857,-831
-325,1915,-1031
-422,1956,-1087
-472,2017,-1130
-543,2062,-1064
-645,2190,-1008
-702,2202,-839
-774,2169,-587
-821,2010,-469
-892,1837,-438
-939,1572,-412
-1007,1372,-485
-1040,1053,-579
-1014,770,-619
-1019,637,-673
-1051,489,-611
-1025,323,-570
-1140,245,-483
-1194,135,-497
-1208,-29,-503
-1161,-103,-434
-1068,-275,-491
-931,-460,-559
-708,-460,-606
-607,-427,-633
-321,-320,-683
-88,-171,-662
65,-15,-646
260,52,-562
361,200,-503
429,284,-472
572,363,-462
615,339,-444
686,221,-497
677,46,-449
660,-50,-425
669,-119,-426
645,-126,-501
484,-72,-503
336,49,-534
234,160,-546
137,221,-526
-28,279,-491
-117,307,-533
-117,245,-514
-250,78,-543
-271,-200,-530
-347,-396,-497
-377,-637,-501
-457,-918,-517
-491,-1038,-513
-418,-1179,-541
-296,-1239,-564
-185,-1196,-534
-117,-1166,-523
-18,-1137,-514
67,-1154,-524
135,-1199,-465
202,-1223,-401
334,-1276,-333
375,-1384,-259
433,-1439,-122
401,-1571,75
393,-1666,129
452,-1716,185
440,-1812,170
418,-1876,88
454,-1884,-38
452,-1861,-50
445,-1897,-106
494,-1914,-138
613,-1893,-169
609,-1917,-214
645,-1861,-230
575,-1816,-295
499,-1739,-314
459,-1592,-391
448,-1484,-499
451,-1322,-499
360,-1269,-417
340,-1104,-411
309,-1026,-313
225,-1019,-133
132,-1118,141
69,-1268,452
-1244,-2500,3049
-1980,-2646,2811
-1290,-1956,2513
-1071,-1862,2420
-1258,-2007,2370
-1494,-2283,2633
-1856,-2332,2877
-2071,-2641,3160
-1961,-2925,2887
-1384,-3167,2808
-1481,-3962,3178
-1632,-3987,2736
-1471,-4122,2473
-1197,-4058,2141
-1261,-4552,2058
-856,-4365,1693
-554,-4340,1648
-79,-3510,1136
663,-3281,1005
609,-3633,1083
-224,-3862,1094
258,-3615,832
969,-3001,745
2263,-2213,348
2386,-2501,483
1333,-2464,511
1822,-1755,286
2442,-1196,208
2221,-1073,64
1969,-613,-221
2655,-149,-420
2595,-81,-830
2448,270,-1356
1846,585,-1648
1104,795,-2022
585,1110,-2318
-202,1317,-2466
-671,1773,-2468
-899,2209,-2493
-1267,2555,-2504
-1699,2989,-2573
-1953,3217,-2704
-2310,3369,-2727
-2474,3429,-2804
-2483,3313,-2651
-2416,3196,-2513
-2179,3059,-2357
-1874,2894,-2144
-1516,2790,-2018
-1302,2669,-1946
-923,2439,-1808
-538,2278,-1684
-303,1880,-1594
96,1522,-1502
464,1257,-1326
665,962,-1155
975,778,-824
1147,631,-503
1404,460,-245
1598,364,-14
1751,258,203
1901,196,381
2053,191,452
2622,375,278
3602,1413,-84
5777,2227,-486
6439,3208,-659
6857,4149,-585
6878,4470,-579
6573,4595,-512
5662,4177,-411
4256,3724,-348
3695,3119,-267
3056,2602,-427
2648,2100,-470
2445,1717,-497
2096,1517,-336
1924,1428,-238
1996,1494,-278
2051,1565,-267
2123,1746,-281
2154,1922,-314
2285,2022,-325
2302,2157,-304
2366,2252,-409
2377,2365,-436
2303,2527,-411
2273,2707,-593
2359,3112,-766
2417,3545,-795
2358,3803,-825
2271,4082,-905
2112,4428,-831
1932,4521,-832
1783,4628,-846
1609,4569,-883
1558,4390,-1091
1474,3695,-1227
1446,3062,-1299
1387,2214,-1275
1325,1618,-1187
1432,1498,-1124
1775,1503,-971
2137,1544,-969
2088,1443,-889
2219,1707,-769
2448,1366,-761
1395,950,-737
596,206,-1088
1051,-726,-1524
2268,-1410,-1419
2323,-1689,-879
1383,-1723,-692
506,-1854,-588
127,-1947,-694
-517,-1920,-927
-998,-1635,-1004
-1211,-995,-1017
-1009,-520,-1066
-688,-261,-1211
-529,90,-1442
-429,595,-1553
-523,952,-1748
-702,1582,-1886
-884,2237,-1986
-976,2715,-2116
-998,3503,-2287
-885,4253,-2408
-624,4771,-2613
-412,5422,-2785
-147,6070,-2845
273,6371,-3048
515,6802,-3158
971,7076,-3148
1468,7204,-3045
1764,7311,-3006
2249,7446,-2934
2608,7474,-2878
2821,7481,-2795
3103,7347,-2491
3280,7291,-2137
3410,6978,-1918
3550,6603,-1621
3638,6311,-1408
3555,5873,-1146
3375,5243,-993
3251,4845,-782
3082,4329,-713
2792,3797,-488
2532,3453,-333
2355,2981,-183
2008,2759,-17
1802,2499,73
1442,2302,130
1028,2187,188
779,1906,180
262,1770,212
-10,1552,250
-427,1322,258
-654,899,234
-823,569,144
-990,163,180
-1104,-109,150
-1201,-500,99
-1254,-797,111
-1334,-947,68
-1310,-1129,2
-1319,-1237,-15
-1317,-1227,-56
-1320,-1183,-36
-1491,-932,-54
-2168,-510,79
-2329,-362,52
-2327,-381,-22
-2258,-512,16
-2230,-652,111
-2228,-690,158
-2169,-806,224
-2066,-788,299
-2098,-737,341
-2099,-526,434
-2213,-282,589
-2255,106,720
-2305,442,759
-2292,594,804
-2315,731,878
-2287,768,964
-2263,725,997
-2279,686,1202
-2447,715,1352
-2529,618,1496
-2633,488,1645
-2712,443,1732
-2861,447,1752
-2999,436,1795
-3012,426,1863
-2940,397,1863
-2960,421,1837
-2895,366,1776
-2862,313,1716
-2786,307,1629
-2825,326,1611
-2940,329,1470
-2904,303,1356
-2765,337,1198
-2637,481,1082
-2492,642,977
-2089,895,897
-1805,1077,792
-1567,1244,701
-1303,1389,568
-1107,1527,433
-1007,1679,392
-894,1616,310
-845,1742,215
-758,1733,166
-683,1761,40
-501,1710,-39
-510,1752,-116
-582,1796,-112
-667,1859,-148
-780,2013,-199
-913,2105,-176
-1121,2177,-271
-1215,2209,-252
-1146,1996,-280
-1013,1889,-285
-1019,1820,-330
-1107,1667,-294
-1123,1591,-265
-1048,1444,-242
-1036,1437,-199
-1099,1371,-145
-1126,1300,-128
-1182,1156,-74
-1167,1016,-19
-1208,803,157
-1226,487,210
-1284,400,292
-1317,216,393
-1276,133,445
-1267,133,558
-1241,71,573
-1140,138,610
-986,217,649
-895,262,660
-857,386,691
-825,451,724
-851,619,727
-777,667,702
-739,715,667
-755,797,683
-708,890,639
-734,948,644
-628,1049,654
-610,1032,660
-630,997,573
-600,1039,609
-690,1096,554
-647,1008,523
-703,1013,458
-670,1037,406
-733,1087,363
-768,1110,365
-735,1122,254
-681,1151,228
-672,1182,221
-605,1229,123
-579,1258,123
-552,1275,70
-523,1307,68
-541,1374,39
-538,1366,47
-562,1413,23
-529,1383,33
-495,1451,23
-424,1468,-26
-311,1474,30
-306,1530,-6
-247,1579,-24
-287,1657,-6
-309,1735,5
-315,1948,19
-365,2036,115
-444,2190,135
-531,2379,194
-503,2585,208
-547,2715,198
-556,2830,212
-625,2860,225
-715,2730,304
-770,2518,311
-844,2220,397
-794,1859,374
-795,1653,405
-777,1443,480
-866,1333,530
-962,1338,573
-1019,1402,630
-1102,1411,632
-1180,1430,587
-1294,1329,568
-1307,1106,638
-1259,915,632
-1189,714,613
-1105,600,656
-1069,618,663
-979,630,711
-893,689,696
-767,767,693
-628,892,710
-446,892,742
-327,930,703
-194,936,712
-141,837,738
-49,708,754
-46,567,731
-63,400,757
-3,355,654
60,257,690
127,212,670
212,224,608
344,278,587
408,276,533
516,343,478
635,412,442
698,516,374
805,596,370
815,755,357
869,836,293
925,895,343
973,961,343
1002,1047,300
1008,1128,268
973,1277,281
1044,1372,234
1048,1580,211
966,1790,195
965,1945,184
881,2170,205
811,2308,203
721,2546,232
625,2644,196
637,2806,180
509,2942,190
430,3044,177
458,3071,188
428,3133,195
417,3113,162
375,3089,189
374,3091,177
288,3018,196
252,2962,266
151,2965,305
54,2989,288
-31,2935,282
-76,2841,252
-116,2782,260
-133,2559,261
-123,2457,292
-247,2361,343
-50,2397,337
-176,2183,342
-197,2006,367
-288,1814,458
-288,1293,418
-372,1005,435
-348,476,492
-244,88,438
-146,-304,457
4,-545,433
35,-771,468
53,-880,495
100,-945,471
137,-972,437
166,-950,378
232,-903,336
220,-862,281
226,-757,230
202,-706,190
217,-707,176
163,-692,130
118,-690,139
52,-741,84
-28,-768,131
-58,-816,82
-114,-895,101
-223,-908,160
-261,-928,155
-287,-966,158
-356,-980,160
-388,-927,190
-369,-867,230
-430,-683,271
-431,-556,305
-463,-372,371
-481,-76,398
-441,64,418
-448,360,391
-320,513,384
-234,814,397
-121,1009,359
-100,1207,302
-8,1372,268
-16,1579,234
-9,1712,187
5,1916,209
57,1999,123
49,2138,104
98,2242,38
45,2329,4
28,2419,14
-10,2469,9
-72,2574,-73
-79,2652,-91
-79,2637,-138
-185,2626,-176
-270,2664,-164
-311,2632,-202
-323,2674,-171
-421,2771,-171
-566,2845,-193
-706,2760,-180
-669,2616,-169
-514,2517,-156
-434,2221,-97
-417,1764,-83
-280,1421,-76
-311,1224,-52
-304,1021,-72
-313,961,-57
-320,908,-46
-357,845,-38
-348,798,-70
-368,788,-69
-346,746,-58
-303,641,0
-334,535,40
-317,378,63
-332,218,69
-287,153,112
-275,47,97
-201,12,183
-216,-17,156
-150,4,189
-133,-30,203
-111,54,138
-79,92,158
-71,125,104
-11,176,64
-74,226,28
-90,212,4
-82,193,-24
-131,193,-36
-151,186,-67
-190,158,-50
-207,180,-75
-266,317,-73
-273,396,-88
-159,533,-54
9,586,-106
97,718,-119
234,764,-131
311,918,-138
414,941,-113
469,1074,-130
479,1193,-89
495,1325,-86
497,1413,-72
518,1568,-88
507,1643,-83
466,1752,-60
498,1790,-69
461,1752,-37
390,1755,-16
340,1698,-49
234,1661,8
208,1610,22
88,1548,60
30,1567,90
-57,1584,59
-157,1574,30
-264,1630,57
-325,1638,71
-410,1712,45
-609,1776,42
-690,1803,35
-720,1843,-9
-769,1800,5
-863,1738,-28
-896,1456,-34
-882,1274,-36
-870,961,4
-877,836,-41
-844,644,-74
-842,579,-83
-842,521,-131
-833,483,-147
-842,461,-142
-722,379,-146
-656,300,-43
-614,230,-100
-535,165,-95
-512,125,-48
-510,115,-50
-429,111,-112
-394,75,-72
-404,96,-36
-356,18,-60
-337,13,-25
-278,-111,-6
-230,-251,35
-166,-295,49
-139,-365,71
-150,-353,101
-142,-332,138
-113,-267,163
-83,-150,147
-132,-72,178
-44,42,169
-52,217,178
-78,300,125
-130,427,128
-140,480,189
-105,509,153
-123,572,144
-138,591,138
-138,546,153
-107,566,175
-114,536,222
-185,561,206
-130,636,212
-135,686,180
-224,776,254
-249,833,242
-253,980,235
-263,999,275
-211,1136,331
-202,1185,234
-157,1330,217
-188,1426,239
-161,1546,222
-87,1625,245
-79,1733,251
-49,1797,229
0,1850,210
67,1875,160
169,1932,168
177,2020,125
217,2069,67
274,2100,50
306,2177,-19
296,2296,-22
232,2379,-29
143,2487,-76
160,2555,-98
204,2498,-124
234,2430,-185
190,2210,-223
168,1911,-216
84,1705,-246
-72,1349,-234
-238,1127,-240
-369,847,-272
-471,682,-305
-579,532,-264
-593,440,-289
-694,341,-273
-732,232,-301
-841,191,-356
-962,175,-373
-1081,125,-384
-1128,33,-408
-1212,12,-358
-1263,23,-386
-1253,-36,-330
-1259,-52,-372
-1301,-40,-370
-1246,-125,-304
-1184,-114,-297
-1175,-135,-217
-1140,-222,-185
-1061,-269,-170
-928,-295,-151
-894,-329,-128
-824,-405,-109
-766,-489,-107
-711,-564,-70
-580,-692,-15
-477,-904,-50
-385,-1106,-34
-396,-1205,-50
-397,-1313,-76
-360,-1349,-50
-380,-1409,-90
-378,-1325,-72
-460,-1305,-34
-439,-1309,-29
-524,-1303,-29
-451,-1306,-49
-512,-1364,-35
-560,-1361,-8
-571,-1407,8
-638,-1407,-6
-698,-1400,-43
-702,-1405,-67
-674,-1381,-51
-704,-1366,-27
-659,-1372,-16
-630,-1342,-19
-669,-1317,6
-583,-1324,-4
-514,-1333,7
-515,-1306,59
-453,-1374,52
-467,-1314,86
-404,-1418,64
-432,-1465,82
-401,-1786,114
-425,-1993,95
-432,-2203,96
-462,-2328,103
-451,-2556,108
-439,-2712,89
-350,-2779,68
-339,-2845,92
-242,-2853,42
-138,-2779,24
-125,-2748,-7
-95,-2693,-52
-67,-2565,-58
-43,-2461,-38
-18,-2336,-29
-54,-2235,-34
-50,-2201,-44
-131,-2069,-79
-203,-2051,-119
-168,-2042,-89
-98,-2011,-145
-154,-1931,-123
-185,-1843,-194
-192,-1806,-180
-127,-1779,-114
-83,-1701,-105
-20,-1594,-134
-4,-1526,-115
105,-1516,-112
168,-1460,-70
245,-1451,-10
319,-1459,12
409,-1467,80
571,-1462,75
601,-1467,65
750,-1504,94
799,-1508,114
832,-1647,127
1153,-1770,167
1243,-1834,200
1198,-1900,242
1115,-1969,284
1177,-2204,309
1304,-2461,306
1390,-2693,350
1399,-3004,363
1334,-3243,390
1294,-3681,386
1316,-4041,337
1322,-4249,402
1368,-4550,405
1281,-4759,348
1264,-4887,319
1328,-5055,274
1370,-5154,232
1389,-5191,158
1416,-5211,164
1447,-5295,163
1564,-5374,144
1563,-5384,137
1573,-5434,75
1583,-5726,-4
1526,-6000,-38
1452,-6205,-54
1351,-6565,-45
1429,-7108,-100
1655,-7371,-121
1730,-7868,-127
1808,-8309,-114
1882,-8526,-101
1971,-8659,-90
1901,-8683,-80
1937,-8693,-109
1965,-8562,-138
1975,-8520,-121
1959,-8380,-151
1909,-8202,-207
1916,-8138,-254
2062,-8113,-686
2574,-8010,-1407
3986,-8295,-1525
4610,-8437,-1372
4669,-8532,-1034
4400,-8674,-815
3919,-8813,-612
3424,-8704,-397
3232,-8584,-284
3008,-8460,-188
3045,-8353,-113
3118,-8243,-65
3199,-8274,-44
3246,-8565,-14
3330,-8897,12
3435,-9233,-2
3641,-9821,-15
3787,-10246,-76
3844,-10471,-105
3922,-10597,-144
4037,-10559,-157
4106,-10454,-226
4090,-10272,-253
3937,-10043,-297
3745,-9756,-435
3505,-9592,-532
3360,-9372,-646
3088,-9331,-567
2703,-9396,-576
2418,-9645,-417
1899,-9905,-415
1411,-10162,-395
1095,-10508,-299
585,-10758,-221
229,-10952,-133
-166,-11073,61
-842,-11238,161
-1506,-11325,285
-2061,-11427,368
-2305,-11561,380
-2561,-11738,397
-2750,-11911,411
-2843,-12203,442
-3004,-12604,458
-2885,-13031,504
-2686,-13280,502
-2659,-13522,551
-2577,-13629,604
-2327,-13621,621
-2115,-13553,621
-1939,-13353,648
-1675,-12985,628
-1322,-12696,620
-1024,-12216,530
-810,-11686,551
-570,-11134,545
-359,-10828,483
-126,-10581,414
317,-10242,337
547,-9908,285
618,-9524,286
662,-9364,279
721,-8955,243
752,-8404,266
802,-8124,198
838,-7675,246
853,-7392,282
797,-7041,253
641,-6891,286
613,-7001,264
615,-7362,281
705,-7724,317
759,-8344,356
918,-8749,475
1056,-9214,566
1205,-9566,568
1474,-9685,609
1522,-9569,606
1606,-9356,607
1579,-8955,566
1550,-8541,537
1506,-8229,504
1529,-7855,526
1568,-7537,484
1505,-7345,426
1444,-7186,424
1379,-7233,424
1319,-7307,454
1238,-7523,418
1177,-7856,407
1131,-8078,418
1061,-8321,391
938,-8512,390
899,-8717,402
817,-8783,350
833,-8790,403
783,-8746,381
712,-8695,326
665,-8493,315
651,-8392,341
635,-8264,288
502,-8086,267
487,-8016,218
470,-7988,177
449,-7983,192
498,-8006,163
570,-8093,180
638,-8157,270
680,-8140,329
653,-8108,421
730,-8072,495
802,-8090,492
835,-8000,636
1004,-7885,634
1071,-7819,707
999,-7741,755
946,-7730,756
878,-7809,771
885,-7982,755
866,-8141,772
904,-8374,703
971,-8440,707
1040,-8482,669
1108,-8308,699
1198,-8105,858
1307,-7604,928
1371,-7152,933
1485,-6845,999
1474,-6482,968
1468,-6248,982
1438,-5973,977
1350,-5847,952
1358,-5817,961
1344,-5775,948
1345,-5854,910
1283,-5900,876
1252,-5945,838
1136,-5820,752
1021,-5791,707
1017,-5656,651
940,-5466,663
786,-5320,627
651,-5116,600
492,-5046,508
407,-5152,487
341,-5204,423
269,-5512,362
230,-5850,296
129,-6080,298
113,-6459,251
115,-6722,229
108,-7110,141
118,-7393,101
149,-7762,80
36,-8112,88
-2,-8372,35
5,-8721,65
22,-8872,119
16,-9098,139
39,-9213,123
89,-9327,100
65,-9351,80
53,-9331,73
39,-9312,14
-59,-9384,16
-145,-9461,-3
-192,-9610,14
-269,-9708,33
-311,-9769,89
-443,-9806,98
-503,-9852,46
-543,-9816,67
-501,-9846,74
-448,-9752,16
-507,-9730,3
-432,-9567,66
-514,-9368,162
-549,-9216,225
-509,-8893,278
-481,-8677,362
-409,-8351,484
-256,-7951,589
-164,-7619,692
-4,-7156,761
331,-6830,791
515,-6260,933
818,-5618,968
1194,-5218,1045
1458,-4657,1080
1826,-4194,1169
2180,-4065,1313
2401,-3883,1330
2543,-3819,1395
2447,-3778,1481
2438,-3821,1595
2292,-3822,1601
2136,-3935,1612
2040,-4055,1395
1894,-4464,1520
1457,-4894,1757
1093,-5564,1795
627,-6449,1816
220,-7077,1821
-121,-7984,1857
-598,-8923,1903
-991,-9545,1970
-1210,-10415,1993
-1489,-11225,2076
-1753,-11686,2212
-1945,-12317,2314
-2105,-12894,2457
-2123,-13431,2407
-1994,-13614,2452
-1815,-13659,2510
-1748,-13612,2534
-1690,-13491,2565
-1410,-13234,2501
-1031,-13094,2441
-705,-12814,2436
-349,-12601,2447
-109,-12319,2425
244,-12099,2430
438,-11577,2416
762,-11177,2432
1165,-10911,2396
1354,-10529,2377
1723,-10285,2333
1874,-10147,2406
2016,-10144,2415
2096,-10410,2425
2235,-10753,2375
2280,-10888,2363
2356,-11130,2306
2360,-11219,2335
2458,-11231,2333
2486,-11146,2346
2411,-10909,2352
2374,-10538,2389
2316,-10285,2424
2259,-10130,2440
2360,-9983,2401
2331,-9872,2401
2343,-9772,2314
2318,-9716,2301
2262,-9702,2303
2178,-9627,2214
2324,-9471,2157
2379,-9323,2137
2401,-9233,2075
2403,-9100,1972
2448,-8835,1921
2435,-8581,1826
2388,-8018,1668
2414,-7409,1549
2507,-6979,1277
2924,-6283,997
3128,-5856,837
3444,-5690,646
3550,-5592,599
3386,-5623,622
3223,-5706,491
3080,-5835,442
2937,-5827,345
2607,-5857,269
2349,-5902,291
1994,-5926,368
1673,-5943,487
1423,-6099,537
1014,-6232,614
820,-6552,667
480,-7089,622
140,-7499,652
-83,-8043,641
-390,-8392,620
-499,-8765,542
-731,-8946,394
-870,-9070,196
-925,-9207,206
-950,-9314,338
-896,-9352,471
-825,-9359,651
-735,-9276,678
-628,-9142,800
-420,-8880,817
-8,-8563,846
287,-8006,827
761,-7386,862
1091,-6947,798
1264,-6204,815
1513,-5784,810
1632,-5026,795
2115,-4152,1115
2742,-3983,2839
1756,-3866,3393
-1465,-3702,4372
-4079,-3843,4068
-2769,-4008,2893
-1457,-4157,2231
-569,-4022,2128
-135,-4001,1918
295,-4137,1696
555,-4107,1609
562,-4110,1692
596,-4167,1861
537,-4053,2000
282,-4092,2198
154,-4137,2349
-210,-4147,2597
-551,-4259,2849
-633,-4585,2986
-827,-4889,3112
-1199,-5378,3240
-1499,-5905,3303
-1867,-6549,3317
-2070,-6974,3340
-1804,-7653,3332
-2178,-8226,3375
-2627,-8870,3349
-2574,-9133,3412
-2581,-9400,3443
-2635,-10041,3300
-2534,-10412,3209
-2589,-10474,3199
-2703,-10397,3176
-2712,-10133,3078
-2644,-9810,2970
-2493,-9563,2789
-2419,-9073,2635
-2354,-8809,2430
-2345,-8636,2235
-2281,-8534,2077
-2290,-8400,1922
-2226,-8354,1887
-2066,-8384,1763
-1938,-8383,1662
-1903,-8321,1624
-1857,-8298,1601
-1874,-8257,1638
-1940,-8232,1653
-2042,-8273,1663
-2170,-8399,1633
-2297,-8528,1628
-2470,-8870,1570
-2552,-9457,1515
-2625,-10133,1508
-2670,-10473,1530
-2677,-10909,1555
-2691,-11088,1615
-2665,-10890,1643
-2737,-10580,1614
-2783,-10239,1676
-2881,-9625,1744
-2790,-9135,1762
-2872,-8880,1566
-2561,-8480,1932
-2132,-7949,2115
-2164,-7697,2053
-2028,-7371,1938
-1891,-7030,1845
-1835,-6824,1792
-1708,-6644,1800
-1379,-6541,1845
-1116,-6367,1925
-973,-6220,2015
-803,-6246,2006
-623,-6296,2011
-548,-6412,2066
-459,-6643,2127
-330,-6979,2121
-80,-7667,1937
77,-8112,1984
-86,-8357,2191
-379,-8496,2368
-753,-8656,2591
-1052,-9135,2696
-1269,-9628,2828
-1542,-10389,2858
-1781,-10895,2908
-2042,-11611,2979
-2167,-12123,2962
-2254,-12341,2940
-2243,-12289,2902
-2252,-11906,3000
-2256,-11199,3086
-2308,-10310,3176
-2250,-9446,3225
-2138,-8925,3178
-2018,-8247,3190
-1884,-7685,3147
-1704,-7347,3086
-1402,-7013,3039
-1258,-6881,2882
-1435,-7007,2704
-896,-7127,2737
-379,-7418,2606
-529,-7691,2560
-571,-7745,2561
-449,-7570,2705
-433,-7301,2674
-318,-6997,2591
49,-6640,2509
155,-6293,2451
163,-6248,2437
208,-6189,2360
120,-6211,2311
116,-6319,2331
97,-6378,2323
118,-6396,2304
31,-6407,2323
-70,-6310,2412
-296,-6319,2389
-472,-6516,2399
-647,-6838,2308
-773,-7168,2249
-867,-7892,2051
-1343,-8939,1901
-6087,-11627,2213
-11538,-12171,2069
-11024,-12962,1890
-7913,-13252,1468
-4395,-12965,961
-1974,-12524,883
-968,-11952,980
-105,-11705,885
-270,-11724,581
-798,-11859,645
-1343,-12018,761
-1313,-12056,727
-1206,-12071,492
-1099,-11608,460
-750,-10784,559
-415,-10126,703
-293,-9202,698
-360,-8546,670
-899,-8199,609
-1207,-7975,677
-1407,-7973,628
-1471,-7968,551
-1554,-7836,564
-1495,-7672,599
-1273,-7530,632
-1073,-7305,573
-875,-6948,603
-801,-6525,804
-873,-5919,1023
-1081,-5454,1167
-1159,-5161,1049
-1173,-4869,1020
-1123,-4756,1011
-991,-4711,1084
-832,-4865,1036
-737,-5130,1022
-614,-5366,959
-417,-5621,968
-300,-5934,914
-140,-6147,724
5,-6376,611
253,-6509,554
428,-6446,468
601,-6326,485
826,-6429,339
1132,-6590,146
1489,-6835,42
1665,-6995,-44
1755,-7397,-162
1937,-7565,-250
1916,-7823,-330
1933,-8057,-425
2154,-8186,-581
2273,-8098,-562
2379,-7850,-463
2555,-7519,-481
2632,-7026,-481
2850,-6684,-515
2797,-6379,-533
2735,-6022,-357
2726,-5721,-375
2831,-5505,-399
2890,-5282,-322
2896,-5051,-324
2825,-4975,-361
2916,-4720,-225
2943,-4365,-114
2888,-4046,69
2922,-3699,130
2877,-3346,170
2645,-3160,249
2377,-2952,320
2253,-2712,336
2290,-2632,333
2308,-2571,369
2060,-2625,348
1577,-2807,386
1052,-2939,483
957,-3180,405
857,-3591,123
661,-3880,-1
569,-3994,40
21,-4019,111
-313,-3996,203
-325,-3954,269
-311,-3945,222
-280,-4066,243
-65,-4371,132
100,-4685,-29
199,-5190,-163
421,-5563,-285
553,-6076,-428
640,-6640,-541
847,-7015,-680
902,-7487,-863
1044,-7717,-845
1094,-7811,-839
1213,-7901,-870
1262,-7836,-870
1281,-7829,-789
1261,-7788,-763
1191,-7668,-787
1146,-7622,-775
1106,-7478,-790
971,-7276,-818
879,-7038,-901
873,-6654,-800
724,-6164,-767
618,-5820,-730
518,-5222,-716
336,-4643,-632
135,-4306,-586
75,-3873,-492
-3,-3638,-351
-31,-3201,-268
-113,-2836,-254
-113,-2697,-208
-160,-2520,-165
-171,-2542,-221
-169,-2654,-266
-192,-2997,-326
-161,-3451,-332
-160,-3817,-372
-138,-4305,-338
-121,-4879,-313
-90,-5301,-301
-54,-5831,-282
23,-6300,-254
-17,-6582,-229
-16,-7026,-178
56,-7362,-242
37,-7875,-268
125,-8294,-347
229,-8574,-393
225,-8780,-480
213,-9051,-505
165,-9188,-597
154,-9448,-627
161,-9650,-687
170,-9976,-817
274,-10213,-851
360,-10314,-840
423,-10370,-866
460,-10360,-874
429,-10215,-839
443,-9953,-851
446,-9672,-848
491,-9459,-860
450,-9270,-833
426,-9159,-793
453,-9121,-766
375,-9090,-758
335,-8988,-718
362,-8921,-722
396,-8607,-750
393,-8351,-717
455,-7840,-649
451,-7172,-613
414,-6710,-512
357,-5971,-419
273,-5313,-343
220,-4965,-301
158,-4523,-243
49,-4273,-226
-5,-4198,-197
-42,-4102,-174
-109,-4086,-151
-176,-4098,-105
-105,-4104,-38
-90,-4107,50
-55,-4160,87
-86,-4230,191
-101,-4465,263
-147,-4875,326
-203,-5264,359
-284,-5916,374
-335,-6769,318
-350,-7359,246
-304,-8267,234
-202,-8784,182
-76,-9492,220
70,-9883,234
172,-9999,345
232,-10085,370
334,-10063,420
463,-9899,498
449,-9633,505
477,-9491,576
452,-9306,585
489,-9233,611
468,-9115,589
454,-9064,568
394,-9038,499
295,-8931,509
250,-8792,490
228,-8475,521
190,-8034,544
191,-7375,601
237,-6519,626
174,-5918,771
131,-5112,911
111,-4661,1003
68,-3998,1033
-71,-3571,1004
-214,-3325,873
-244,-2981,835
-256,-2736,734
-239,-2542,705
-180,-2267,684
-81,-2037,622
16,-1748,544
112,-1383,575
191,-1159,551
293,-880,529
329,-774,486
416,-811,510
442,-1012,418
503,-1541,375
570,-2315,247
585,-2935,71
629,-3748,-10
684,-4269,-106
720,-4974,-87
737,-5452,-88
741,-6047,170
677,-6498,293
730,-6741,235
724,-6954,193
707,-7016,152
705,-6983,162
632,-6921,279
499,-6794,254
371,-6835,250
265,-6993,217
191,-7250,180
69,-7497,100
-76,-7854,48
-179,-8001,-31
-219,-8021,-22
-264,-7927,-29
-294,-7757,26
-349,-7354,172
-418,-7094,302
-510,-6942,443
-605,-6945,494
-724,-7085,404
-774,-7430,294
-787,-7782,219
-777,-8006,198
-744,-8273,129
-668,-8381,108
-513,-8370,106
-423,-8256,73
-261,-7981,-3
-242,-7788,0
-173,-7414,-9
-160,-7149,36
-136,-6832,82
-82,-6624,187
-8,-6417,235
-22,-6343,251
4,-6328,297
-39,-6349,332
-93,-6348,369
-138,-6399,454
-164,-6352,506
-210,-6234,601
-208,-6098,680
-181,-6050,759
-158,-5930,838
-135,-5927,889
-93,-5999,974
-162,-6118,994
-270,-6259,987
-380,-6590,912
-413,-7006,824
-436,-7273,746
-468,-7568,646
-379,-7695,588
-240,-7646,649
-64,-7409,679
68,-7174,707
91,-6781,744
54,-6478,772
1,-6358,732
-57,-6333,691
-127,-6535,503
-244,-6988,285
-351,-7402,64
-382,-8088,-209
-346,-8541,-384
-250,-8729,-563
-178,-8850,-681
-109,-8662,-690
-2,-8517,-706
83,-8186,-706
30,-7989,-683
101,-7677,-714
100,-7463,-713
119,-7358,-801
110,-7262,-914
194,-7219,-996
265,-7101,-1027
284,-6912,-1057
285,-6507,-1067
365,-6172,-1010
396,-5558,-991
385,-4890,-867
242,-4410,-785
220,-3827,-637
158,-3463,-462
39,-3361,-339
3,-3375,-301
-79,-3472,-176
-131,-3771,-135
-197,-4086,-79
-320,-4345,-86
-368,-4801,-39
-408,-5140,16
-408,-5339,76
-434,-5591,156
-436,-5710,282
-411,-5809,395
-419,-5860,488
-373,-5853,554
-378,-5818,604
-367,-5784,594
-318,-5706,577
-261,-5649,540
-317,-5650,506
-320,-5738,356
-353,-5835,290
-304,-5883,154
-271,-5872,73
-287,-5708,37
-247,-5540,32
-204,-5261,40
-169,-5095,-59
-25,-4842,-145
67,-4666,-202
84,-4572,-286
182,-4449,-335
165,-4426,-483
134,-4470,-591
184,-4559,-674
219,-4605,-760
277,-4650,-881
307,-4649,-928
344,-4470,-965
417,-4266,-994
430,-4119,-882
417,-3915,-806
407,-3874,-820
412,-3861,-775
407,-3973,-804
405,-4214,-779
366,-4303,-732
378,-4410,-677
403,-4376,-599
425,-4337,-427
419,-4155,-302
356,-3947,-107
242,-3751,86
144,-3468,276
32,-3260,423
-32,-2925,537
-130,-2724,663
-230,-2471,686
-405,-2062,740
-498,-1840,789
-610,-1573,842
-768,-1460,737
-924,-1438,672
-993,-1436,625
-1047,-1462,501
-1108,-1578,364
-1096,-1734,277
-1014,-1828,70
-876,-1997,-136
-811,-2172,-363
-627,-2351,-504
-484,-2553,-574
-453,-2800,-666
-365,-2987,-815
-222,-3289,-1049
-101,-3514,-1155
22,-3757,-1310
197,-3760,-1423
264,-3747,-1495
431,-3631,-1495
593,-3516,-1585
660,-3333,-1597
734,-3072,-1600
715,-2949,-1630
726,-2937,-1622
731,-2926,-1559
715,-2991,-1547
648,-3085,-1471
614,-3125,-1353
616,-3124,-1282
564,-3181,-1106
502,-3127,-1028
447,-3126,-923
307,-3141,-801
217,-3198,-758
97,-3284,-712
22,-3376,-614
-545,-3431,-452
-1490,-4556,-1227
-3380,-5398,-1443
-3802,-5881,-1272
-4013,-5930,-1124
-4089,-5726,-866
-4008,-5273,-820
-3794,-4791,-788
-3881,-4447,-668
-4110,-4075,-495
-4465,-3838,-420
-4479,-3667,-313
-4574,-3629,-291
-4621,-3609,-183
-4607,-3579,-223
-4623,-3594,-230
-4510,-3667,-254
-4499,-3818,-238
-4426,-4024,-229
-4373,-4209,-211
-4222,-4598,-126
-4036,-4767,-102
-3735,-5002,-165
-3423,-5133,-209
-3000,-5321,-218
-2696,-5494,-246
-2250,-5557,-346
-1748,-5590,-486
-1441,-5706,-575
-1033,-5751,-649
-639,-5919,-777
-257,-6673,-966
-147,-6216,-1104
41,-6275,-1239
239,-6390,-1329
360,-6656,-1550
397,-6782,-1640
484,-6881,-1696
440,-6973,-1739
381,-6945,-1788
251,-6888,-1898
202,-6704,-1950
135,-6492,-2006
45,-6317,-2062
-59,-6141,-2085
-282,-5941,-2100
-441,-5889,-1967
-524,-5858,-1805
-773,-5767,-1802
-996,-5633,-1733
-1167,-5595,-1559
-1348,-5386,-1430
-1453,-5242,-1386
-1436,-5164,-1270
-1399,-5085,-1206
-1330,-4973,-1111
-1270,-4901,-1121
-1280,-4950,-1061
-1259,-5000,-1038
-1290,-5158,-1109
-1339,-5366,-1121
-1431,-5647,-1116
-1500,-6002,-1128
-1558,-6208,-1166
-1587,-6630,-1192
-1614,-7081,-1178
-1604,-7481,-1236
-1568,-7722,-1372
-1583,-8068,-1460
-1587,-8390,-1660
-1585,-8671,-1749
-1616,-8837,-1826
-1630,-8963,-1984
-1613,-8972,-2019
-1555,-8878,-2048
-1517,-8701,-2096
-1448,-8560,-2127
-1336,-8406,-2002
-1228,-8201,-1925
-1051,-7939,-1838
-884,-7719,-1687
-605,-7492,-1508
-436,-7146,-1475
-185,-6698,-1336
66,-6379,-1114
272,-5884,-982
513,-5388,-848
797,-5080,-646
924,-4721,-480
1083,-4441,-247
1242,-4283,-27
1263,-4146,35
1366,-3995,111
1449,-3934,190
1706,-3909,210
1815,-3961,180
1915,-4131,27
2021,-4310,-78
2159,-4482,-304
2228,-4837,-448
2271,-5225,-642
2373,-5506,-893
2350,-5939,-1111
2302,-6360,-1377
2244,-6654,-1635
2169,-6980,-1905
2158,-7305,-2023
2013,-7522,-2179
1868,-7600,-2419
1809,-7714,-2525
1701,-7696,-2620
1464,-7582,-2785
1261,-7536,-2849
1094,-7373,-2943
803,-7145,-2926
555,-6980,-2857
369,-6710,-2751
47,-6390,-2601
-261,-6207,-2365
-455,-6013,-2057
-770,-5737,-1861
-961,-5436,-1437
-1303,-5207,-963
-1520,-4962,-820
-1649,-4753,-749
-1803,-4614,-559
-1825,-4571,-401
-1833,-4628,-311
-1772,-4193,-197
-1829,-4079,71
-1905,-4063,286
-1980,-4218,433
-2089,-4328,608
-2198,-4615,902
-2226,-4918,1055
-2359,-5249,1256
-2451,-5443,1300
-2502,-5718,1266
-2536,-6000,1209
-2586,-6206,1136
-2588,-6344,997
-2583,-6592,913
-2565,-6851,859
-2613,-7023,909
-2622,-7324,1168
-2657,-7659,1387
-2760,-7883,1508
-2951,-7965,1395
-3103,-7629,1260
-3288,-7169,1094
-3444,-6903,974
-3612,-6464,1020
-3911,-6090,1151
-4280,-5834,1411
-4696,-5464,1792
-5090,-5165,2202
-5538,-4877,2456
-6161,-4691,2864
-6716,-4496,3180
-7026,-4319,3473
-7653,-4149,3558
-7883,-3993,3721
-8212,-3811,3822
-8441,-3724,3853
-8720,-3825,3885
-8941,-3809,4083
-9096,-3920,4296
-9210,-4100,4357
-9225,-4295,4426
-9042,-4482,4348
-8787,-4678,4069
-8096,-4808,3711
-6864,-4646,2856
-5117,-4479,1895
-4297,-4534,1319
-3735,-5138,1324
-4399,-5540,1788
-3965,-5896,1705
-3587,-6310,1574
-3349,-6977,1706
-2560,-7185,1420
-1539,-7397,891
-1456,-7934,812
-582,-8108,448
-769,-8406,426
-285,-8280,234
548,-8104,-31
753,-8258,40
896,-8322,175
424,-8576,404
87,-8711,601
-72,-8814,878
-238,-8845,1013
-292,-8457,1153
-270,-8106,1324
-552,-7390,1461
-642,-6784,1690
-949,-5931,1868
-1206,-5343,1917
-1886,-5006,2152
-2400,-4860,2193
-2673,-4509,1961
-3203,-4159,1788
-3521,-3634,1615
-3581,-3365,1552
-3646,-3030,1664
-3641,-2875,1816
-3539,-2759,1991
-3351,-2684,2081
-3245,-2525,2200
-3103,-2397,2263
-3033,-2370,2289
-2819,-2336,2236
-2745,-2301,2314
-2618,-2246,2299
-2521,-2316,2395
-2459,-2349,2411
-2402,-2405,2489
-2428,-2479,2518
-2383,-2498,2520
-2376,-2520,2438
-2351,-2425,2426
-2262,-2383,2399
-2175,-2271,2336
-2072,-2208,2337
-1936,-2061,2331
-1718,-1995,2399
-1587,-1943,2499
-1459,-1893,2611
-1180,-1978,2709
-826,-2010,2823
-332,-2126,2956
89,-2250,3076
769,-2291,3256
1233,-2289,3424
1977,-2285,3619
2666,-2318,3979
3043,-2482,4331
3535,-2590,4613
3841,-2704,5052
4092,-2715,5454
4349,-2828,5667
4775,-2880,5953
5067,-2985,6217
5538,-3105,6446
6374,-3519,7103
6572,-3871,7787
6290,-4924,8771
5767,-5723,10328
4422,-7862,12588
3922,-9360,13279
3192,-10329,14101
2866,-10609,14307
3177,-10770,13338
3566,-10637,12270
4118,-10320,11822
4502,-10009,11489
4640,-9605,11431
4672,-9227,11393
4609,-8828,11385
4401,-8489,11404
3939,-8222,11400
3624,-7873,11374
3275,-7455,11251
3139,-7197,10875
3095,-6791,10405
2906,-6490,10155
2700,-6102,9856
2259,-5887,9713
1972,-5614,9580
1606,-5277,9450
1305,-5119,9237
1245,-4757,8996
1037,-4457,8812
917,-4267,8533
857,-4108,8208
781,-4053,8000
661,-4055,7749
538,-4158,7616
305,-4249,7418
92,-4420,7218
-221,-4647,7038
-555,-4798,6773
-837,-5137,6318
-1180,-5460,5979
-1568,-5763,5388
-1924,-6246,4857
-2084,-6727,4374
-2239,-7221,4147
-2269,-7544,3767
-2281,-7928,3457
-2352,-8304,3318
-2328,-8642,3186
-2287,-8877,3214
-2318,-9186,3118
-2218,-9528,2939
-2047,-9866,2571
-1797,-10170,2152
-1607,-10485,1655
-1283,-10649,1383
-946,-10837,902
-759,-10917,489
-531,-11001,130
-313,-11022,-107
-57,-11008,-465
128,-10958,-892
458,-10980,-1238
906,-10827,-1951
1503,-10580,-2780
1890,-10261,-3495
2331,-10232,-3732
2529,-10240,-3897
2557,-10122,-4140
2671,-10450,-4210
2200,-10084,-3631
1958,-9852,-3489
2094,-9691,-3488
2160,-9495,-3717
2197,-9375,-3825
2070,-9351,-4004
1928,-9481,-4168
1590,-11634,-3019
945,-10623,-3333
1027,-10114,-4914
1546,-9327,-5912
1674,-8984,-6322
1565,-9073,-6393
1304,-9208,-6371
1177,-9045,-6434
1284,-8782,-6634
1468,-8458,-6748
1624,-8248,-6797
1655,-7920,-6783
1664,-7620,-6696
1690,-7473,-6552
1660,-7462,-6250
1567,-7537,-5789
1345,-7656,-5353
1136,-7718,-4695
1002,-7859,-4012
932,-8181,-3364
857,-8385,-2965
769,-8458,-2581
654,-8722,-2255
573,-8844,-2132
480,-8970,-2047
435,-9225,-2108
307,-9548,-2279
179,-9759,-2655
89,-10080,-3360
-105,-10391,-3897
-228,-10812,-4608
-452,-11123,-5305
-543,-11456,-6043
-664,-11299,-6617
-436,-10867,-7717
98,-10618,-8668
457,-10491,-9355
1058,-10455,-9649
1497,-10268,-10002
1759,-10135,-10170
1830,-10238,-10021
1685,-10507,-9553
1454,-10656,-9185
1096,-10625,-8505
965,-10544,-7831
992,-10275,-7172
1063,-9876,-6748
1209,-9453,-6071
1368,-9149,-5282
1309,-8770,-4426
1184,-8439,-3839
857,-8251,-3008
475,-8212,-2266
160,-8170,-1822
-502,-8051,-1220
-904,-7988,-736
-1040,-7795,-469
-1172,-7593,-266
-1282,-7468,137
-1346,-7189,499
-1478,-6943,703
-1550,-6784,1013
-1528,-6553,1231
-1591,-6399,1517
-1626,-6284,1676
-1655,-6253,1777
-1576,-6221,1892
-1465,-6362,1927
-1377,-6712,2058
-1211,-7024,2264
-1095,-7731,2463
-886,-8561,2624
-572,-9124,2915
-143,-10009,3225
171,-10779,3426
502,-14643,3177
1032,-13171,4814
1233,-12677,4524
1873,-12532,4232
2332,-12449,3847
2588,-12506,3398
2825,-12641,2807
3694,-12201,2093
6723,-10904,-466
11602,-6780,-3143
10761,-9696,-1734
7631,-14430,1142
3434,-17672,5840
-157,-20789,8814
-1552,-21901,9615
-1808,-21396,9153
-519,-20372,7638
1713,-18023,5710
2992,-15591,4225
4902,-13427,3498
5764,-12283,3167
5255,-11556,4013
4717,-11442,4799
3690,-11360,5906
2655,-11404,6567
2169,-10943,6795
1781,-10215,6714
1880,-9120,6146
1911,-8379,5543
2020,-7630,5272
2094,-6909,4985
2027,-6608,5011
1949,-6165,5038
2895,-4902,4474
2697,-4647,5011
2567,-4387,5453
2371,-3838,5604
2549,-3343,5544
2627,-2754,5570
2666,-2288,5643
2692,-2013,5714
2626,-1557,5673
2657,-1255,5554
2609,-1137,5497
2490,-1113,5465
2363,-1113,5405
2182,-1218,5315
1985,-1578,5316
1673,-2052,5401
1401,-2425,5611
1198,-3225,5880
975,-4105,6092
689,-4715,6406
487,-5452,6621
296,-6057,6876
137,-6317,7002
102,-6611,7036
63,-6800,7130
1,-7074,7183
-24,-7321,7283
-7,-7467,7356
4,-7807,7423
-96,-7985,7457
-152,-8389,7385
-296,-8720,7383
-498,-8966,7415
-583,-9276,7431
-655,-9406,7401
-509,-9438,7238
-442,-9330,6965
-163,-9038,6786
45,-8707,6690
39,-8332,6579
491,-7633,6273
1979,-6823,4962
3279,-5512,3698
4051,-5104,2912
3403,-5038,4038
2831,-5337,4813
1533,-5552,5689
397,-5625,6205
-376,-5489,6360
-690,-5187,5847
46,-4173,4139
729,-2971,2648
1291,-2400,554
1117,-1865,-788
201,-1856,-1450
-757,-1987,-2348
-1533,-2333,-3117
-2620,-2669,-3515
-3363,-2887,-4225
-4010,-3019,-4941
-3831,-2967,-5924
-4099,-3111,-6398
-4268,-3272,-6512
-4644,-3441,-6445
-5052,-3586,-6392
-5153,-3849,-6439
-5058,-4048,-6507
-4691,-3984,-6752
-4108,-3787,-7056
-3663,-3181,-7485
-3015,-2454,-7705
-2391,-2028,-7837
-2151,-2008,-7591
-2038,-2052,-6914
-2118,-2335,-6024
-2514,-3146,-5319
-3143,-3881,-3990
-3982,-5294,-2570
-4563,-6625,-1379
-5385,-7758,-699
-5929,-8515,-35
-6141,-8904,234
-6128,-9256,278
-5922,-9363,304
-5526,-9447,234
-5385,-9659,255
-4981,-9760,237
-4529,-9591,15
-4197,-9329,-240
-3676,-9147,-694
-3000,-8913,-1317
-2414,-8584,-2166
-1839,-8396,-2596
-1599,-8555,-3040
-1886,-8748,-3236
-2143,-8934,-3577
-2132,-8910,-4557
-1883,-8702,-5377
-1711,-8584,-6447
-1140,-8123,-7413
-791,-7765,-7989
-427,-7353,-8193
-87,-7203,-8441
-266,-7180,-8205
-394,-7272,-7931
-597,-7173,-7558
-492,-7080,-7445
-585,-6992,-7129
-416,-6868,-7002
-349,-6665,-6738
-198,-6646,-6454
-216,-6622,-6033
-409,-6674,-5670
-597,-6926,-5209
-567,-7009,-4906
-506,-6957,-4823
-384,-6876,-4868
-121,-6831,-4992
393,-6558,-5140
730,-6556,-5310
1312,-6427,-5615
1861,-6362,-5814
2105,-6426,-6035
2519,-6580,-6106
2668,-6755,-6141
2613,-6779,-6210
2552,-6882,-6201
2383,-6973,-6118
2212,-7015,-5988
2072,-7197,-5841
1988,-7542,-5501
1839,-7981,-5212
1492,-8264,-4645
1113,-8548,-4124
795,-8740,-3561
319,-8802,-3243
-127,-8680,-2761
-291,-8482,-2461
-489,-8194,-2306
-506,-8037,-2202
-673,-7883,-2007
-818,-7775,-1810
-1049,-7952,-1602
-1381,-7999,-1275
-1700,-7961,-926
-1859,-7836,-588
-1941,-7700,-339
-2052,-7628,14
-1976,-7330,299
-1894,-7344,624
-1883,-7260,935
-1841,-7037,1141
-1903,-6797,1267
-1874,-6805,1640
-1789,-6798,1920
-1748,-6754,2209
-1568,-6990,2556
-1445,-7345,3079
-1507,-7659,3699
-1475,-7775,4301
-1607,-8353,4779
-1709,-8640,5231
-1528,-8856,5181
-1272,-8929,4967
-423,-9002,4896
286,-9101,4701
688,-9010,4540
1120,-9109,4548
1248,-9266,4623
1279,-9503,4529
1080,-9634,4460
883,-9760,4317
703,-10006,4207
372,-10225,4148
22,-10334,4087
-153,-10363,3978
-337,-10315,3888
-394,-9868,3452
-417,-9090,3212
-565,-8629,3204
-891,-8368,3106
-1358,-8030,3101
-1964,-7902,3150
-2457,-7724,3202
-2890,-7582,3169
-3092,-7237,2958
-3220,-6672,2796
-3246,-5971,2479
-3217,-5604,2209
-3195,-5045,1940
-3192,-4536,1846
-3169,-4220,1760
-3220,-3837,1913
-3274,-3548,2205
-3347,-3411,2464
-3466,-3360,2917
-3467,-3361,3225
-3482,-3454,3671
-3642,-3562,3957
-3784,-3695,4229
-3958,-3839,4279
-4020,-3965,4343
-4062,-4128,4497
-4065,-4258,4639
-3944,-4397,4907
-3638,-4723,5054
-3094,-5042,5148
-2404,-5320,5165
-1971,-5735,4973
-1398,-5729,4676
-890,-6575,4918
-804,-7180,5218
-788,-7679,5288
-1082,-8188,5339
-985,-8202,5209
-813,-8029,4883
-551,-7842,4629
-231,-7745,4220
-99,-7450,3871
27,-7104,3559
125,-6862,2981
123,-6545,2597
177,-6363,2133
99,-6170,1724
-34,-6021,1402
-229,-5929,1129
-434,-5827,869
-692,-5632,789
-910,-5511,577
-1062,-5145,357
-1168,-4744,-49
-1276,-4408,-450
-1393,-3962,-804
-1715,-3684,-1003
-2049,-3520,-1382
-2373,-3238,-1737
-2627,-3174,-1958
-3131,-3216,-2241
-3749,-3399,-2764
-4380,-3552,-3352
-4884,-3778,-3811
-5621,-4060,-4007
-6145,-4278,-4280
-6521,-4347,-4390
-6579,-4380,-4434
-6406,-4395,-4200
-5992,-4422,-3875
-5490,-4443,-3434
-5106,-4401,-3017
-4935,-4331,-2485
-4626,-4375,-2112
-4312,-4437,-1784
-4251,-4335,-1567
-4432,-4189,-1535
-4464,-4834,-1062
-1834,-5415,126
-1142,-5772,138
144,-5796,65
1280,-5742,329
1727,-5849,1245
1563,-5985,1916
971,-6006,2681
22,-5824,2920
-676,-5460,2802
-1594,-5251,2224
-2062,-4924,1281
-2642,-4761,467
-3112,-4593,-613
-3525,-4336,-1992
-3895,-4361,-2833
-4207,-4642,-3229
-4401,-4716,-4115
-4512,-4639,-5095
-4490,-4413,-5746
-4547,-4125,-5847
-4559,-4050,-5649
-4479,-3959,-5202
-4420,-3642,-4655
-4305,-3374,-3975
-3975,-3085,-3411
-3596,-2873,-2580
-3134,-2654,-1789
-2871,-2459,-1006
-2362,-2240,-554
-1849,-2091,123
-1421,-2004,752
-1181,-1881,1058
-927,-1812,1516
-704,-1767,1821
-622,-1779,2029
-519,-1751,2117
-516,-1716,2122
-550,-1677,2114
-560,-1680,2055
-605,-1638,2013
-646,-1653,1991
-649,-1672,1975
-640,-1685,2051
-694,-1705,2127
-769,-1712,2154
-801,-1702,2327
-885,-1789,2482
-1027,-1907,2678
-1278,-1967,2973
-1431,-2063,3375
-1655,-2203,3670
-1755,-2309,3981
-1718,-2298,4100
-1675,-2201,4088
-1575,-2126,4027
-1578,-2107,4111
-1590,-2138,4228
-1674,-2167,4464
-1748,-2144,4544
-1827,-1910,4433
-1852,-1195,3907
-1985,-1133,3989
-2152,-1362,4340
-2324,-1455,4725
-2339,-1417,4507
-2333,-1142,4166
-2157,-934,3964
-2052,-853,3871
-1915,-774,3957
-1788,-663,4014
-1590,-586,4096
-1520,-396,4205
-1328,-163,4281
-1249,-64,4484
-1174,119,4680
-1062,290,4731
-960,433,4861
-808,538,4887
-719,618,4905
-661,634,4935
-534,645,4938
-428,647,4895
-268,608,4849
-151,572,4791
-41,571,4749
50,531,4767
186,563,4752
262,606,4779
304,628,4762
311,672,4698
286,720,4733
289,781,4767
288,745,4742
195,711,4798
181,753,4916
142,665,4945
204,626,4776
360,613,4399
670,654,3374
806,669,2522
762,620,1253
569,458,256
196,358,-339
-145,108,-1223
-625,-131,-1876
-1152,-240,-2955
-1422,-217,-3991
-1807,-183,-4570
-2101,-197,-5220
-2310,-96,-5603
-2329,-13,-5710
-2277,101,-5657
-1920,243,-5443
-1684,359,-5203
-1247,475,-4747
-704,542,-4046
-396,605,-3561
156,639,-2773
488,772,-2088
916,895,-1713
1558,1065,-1235
1797,1264,-948
2093,1399,-524
2311,1485,-5
2452,1574,317
2485,1674,738
2485,1681,996
2465,1716,1331
2498,1755,1565
2457,1741,1653
2395,1749,1815
2408,1645,1866
2359,1319,1998
2476,999,2223
2652,481,2430
2835,151,2681
2863,-249,2908
3010,-456,2960
2998,-493,2961
2773,-633,3195
2706,-806,3370
1965,-875,3504
1468,-988,3454
636,-934,3232
68,-946,2932
-799,-1055,2721
-1568,-1117,2548
-1996,-1280,2357
-2519,-1391,2181
-2776,-1488,1743
-2663,-1462,1211
-2460,-1395,797
-2038,-1476,685
-1653,-1566,766
-1405,-1713,945
-1272,-1751,1047
-1078,-1730,1049
-1007,-1603,916
-1002,-1257,818
-1096,-1127,709
-1215,-898,733
-1279,-728,810
-1350,-589,876
-1378,-443,1025
-1348,-297,1029
-1121,-221,1037
-986,-99,975
-738,-45,965
-453,-58,1061
-248,-74,1087
-3,-81,1074
183,-84,1016
468,-123,884
568,-57,702
737,-51,323
817,-89,90
854,-102,-272
808,-145,-398
759,-221,-621
693,-287,-833
595,-342,-966
460,-410,-1074
374,-443,-1116
291,-527,-1108
288,-564,-1060
239,-656,-1049
197,-633,-1078
182,-614,-1074
102,-645,-1142
11,-576,-1233
-100,-427,-1334
-289,-382,-1433
-477,-316,-1567
-650,-183,-1684
-858,-114,-1872
-1026,130,-2130
-1163,254,-2260
-1250,320,-2452
-1341,456,-2792
-1349,574,-3023
-1424,677,-3472
-1528,684,-3862
-1590,720,-4082
-1689,640,-4329
-1815,659,-4564
-1939,651,-4646
-1991,644,-4789
-1970,579,-4959
-1943,637,-5050
-1805,642,-5191
-1607,704,-5392
-1494,766,-5562
-1268,781,-5775
-1072,765,-5888
-1000,697,-5876
-826,586,-5860
-685,508,-5755
-557,445,-5700
-447,396,-5534
-360,431,-5438
-162,405,-5315
-62,461,-5065
-5,454,-4837
146,480,-4617
161,468,-4342
215,402,-4215
211,376,-3889
172,289,-3694
208,246,-3417
200,110,-3188
216,78,-3044
208,4,-2873
284,26,-2762
206,9,-2519
123,-38,-2304
29,-26,-1968
-65,-50,-1746
-227,-46,-1412
-282,-24,-1030
-440,16,-799
-531,31,-422
-557,47,-173
-529,121,130
-564,169,380
-495,242,693
-474,281,895
-448,306,1285
-393,405,1485
-349,441,1769
-271,493,1975
-98,603,1996
58,620,1976
161,775,1941
263,779,1823
336,805,1774
436,814,1648
496,760,1565
485,753,1444
454,747,1304
402,723,1182
450,663,1068
433,666,869
492,656,748
613,639,534
635,536,386
682,506,170
722,431,-41
691,391,-188
700,253,-351
573,185,-551
514,92,-658
471,-32,-851
382,-131,-920
335,-212,-1130
317,-356,-1162
273,-465,-1163
340,-547,-1046
424,-639,-907
517,-717,-882
667,-775,-756
757,-791,-673
831,-813,-504
907,-796,-371
903,-795,-212
866,-711,-14
803,-738,101
719,-728,251
715,-661,296
682,-611,329
669,-489,372
648,-415,402
640,-308,478
677,-214,670
663,-95,798
629,15,967
649,130,1046
618,146,1247
632,187,1322
575,233,1515
575,236,1575
556,231,1597
575,278,1614
537,283,1582
506,283,1442
506,274,1398
426,308,1317
348,327,1288
309,322,1332
210,332,1371
136,293,1475
111,285,1521
93,262,1624
44,243,1734
97,229,1882
94,160,2002
154,182,2216
197,189,2348
355,172,2562
486,184,2683
634,232,2654
731,306,2613
786,315,2524
802,220,2507
783,184,2460
689,117,2252
596,88,2143
496,22,1918
324,20,1757
228,16,1673
92,26,1450
16,60,1337
-62,5,1078
-76,20,901
-115,36,606
-79,49,437
-70,80,194
-62,159,124
-109,235,49
-74,284,14
-72,402,18
-147,554,28
-190,650,-8
-237,721,21
-216,843,4
-192,909,-29
-204,934,-123
-237,895,-93
-256,792,-149
-301,703,-217
-303,655,-332
-346,607,-406
-414,634,-578
-464,562,-626
-526,539,-693
-539,523,-665
-571,469,-624
-545,471,-583
-496,356,-540
-455,322,-366
-369,222,-228
-263,170,28
-133,33,289
43,-75,460
156,-164,558
280,-174,641
370,-178,684
361,-190,595
381,-223,597
362,-207,556
298,-192,402
173,-166,241
23,-138,71
-123,-176,-90
-335,-200,-268
-440,-278,-398
-638,-326,-559
-790,-349,-649
-959,-342,-743
-1088,-360,-853
-1167,-343,-924
-1216,-320,-919
-1287,-296,-789
-1262,-282,-638
-1346,-239,-548
-1279,-199,-443
-1265,-132,-302
-1146,-88,-223
-1148,-26,-34
-1088,66,217
-1022,83,366
-1019,206,641
-941,268,807
-824,240,1046
-711,332,1181
-536,326,1421
-453,336,1513
-268,322,1662
-152,269,1834
7,199,1929
52,182,2058
185,78,2132
259,65,2082
318,17,2079
388,-22,1900
394,-50,1745
397,-56,1569
284,-145,1443
198,-196,1167
120,-323,934
106,-359,496
87,-406,138
-9,-417,-397
-98,-485,-712
-204,-597,-1192
-302,-616,-1542
-497,-616,-1809
-698,-621,-2141
-871,-615,-2406
-1154,-588,-2483
-1365,-498,-2551
-1500,-457,-2596
-1557,-318,-2561
-1590,-210,-2456
-1561,-204,-2260
-1455,-172,-2080
-1339,-81,-1845
-1099,-79,-1684
-855,-5,-1443
-726,26,-1268
-435,85,-1008
-334,72,-748
-125,146,-675
82,172,-530
146,224,-400
269,215,-314
282,150,-196
362,159,-99
355,178,-47
386,142,37
445,170,81
449,189,182
590,196,256
615,243,383
645,176,513
679,218,712
668,201,817
635,85,1060
657,58,1167
676,3,1288
738,-127,1378
741,-176,1413
731,-247,1467
716,-275,1378
603,-330,1399
505,-332,1274
355,-356,1238
191,-312,1159
45,-328,1106
-65,-310,1113
-143,-199,1115
-275,-169,1124
-270,-136,1184
-251,-105,1316
-202,-128,1433
-108,-183,1632
-40,-215,1937
104,-306,2084
236,-283,2265
373,-277,2382
612,-205,2476
734,-187,2501
812,-132,2561
902,-69,2663
895,-58,2697
930,-26,2664
961,-38,2705
944,33,2659
928,-20,2621
955,-55,2561
964,-69,2468
994,-81,2402
1035,-120,2373
1048,-156,2323
1029,-177,2306
1027,-282,2362
1061,-346,2264
1184,-367,2148
1270,-328,1882
1307,-269,1623
1307,-191,1468
1202,-121,1103
1147,-71,785
994,-17,608
814,-11,412
610,0,331
481,-1,175
319,-31,164
282,-62,112
148,-109,76
124,-222,2
171,-227,-19
172,-273,-50
228,-303,-12
303,-322,11
421,-341,145
447,-360,263
505,-360,415
535,-337,559
592,-289,618
590,-217,746
537,-107,807
415,-81,882
348,-66,978
201,-34,1002
100,13,998
-36,20,932
-154,29,954
-209,104,850
-312,106,783
-349,149,672
-364,210,589
-340,220,599
-315,232,580
-227,274,569
-242,289,577
-167,319,632
-105,373,664
-51,406,658
-36,409,696
61,455,675
89,400,701
157,341,754
177,226,773
210,231,796
284,135,766
305,88,698
361,55,677
427,20,625
430,58,597
329,65,622
306,19,651
241,82,617
213,87,596
165,73,544
158,98,474
68,60,426
24,11,362
44,-15,249
13,-70,110
-36,-52,-93
-51,-83,-261
-15,-135,-469
-34,-128,-647
-5,-184,-788
-21,-194,-952
-31,-192,-1177
-95,-191,-1322
-131,-143,-1422
-185,-100,-1587
-168,-72,-1625
-208,-85,-1689
-199,-34,-1720
-233,-41,-1668
-143,-62,-1667
-98,-81,-1609
14,-110,-1527
106,-103,-1417
177,-133,-1185
291,-176,-1040
468,-198,-756
570,-202,-599
738,-267,-433
907,-204,-313
1027,-199,-266
1011,-181,-144
980,-186,-3
952,-228,111
867,-244,209
778,-301,255
763,-225,231
752,-217,185
720,-188,131
595,-117,213
511,-133,236
429,-197,287
353,-101,319
293,-57,364
220,-34,386
239,32,476
225,45,579
130,134,649
75,191,781
49,208,926
-19,241,1038
-85,256,1123
-123,278,1188
-163,277,1197
-231,333,1193
-337,343,1160
-389,307,1170
-434,345,1189
-546,334,1202
-523,313,1160
-507,270,1088
-368,299,920
-264,271,885
-128,269,781
-55,263,727
115,272,658
155,272,613
234,346,589
184,361,616
241,342,646
224,287,673
286,267,676
307,211,642
450,159,561
517,78,483
603,68,421
716,27,294
778,54,164
792,94,-35
732,172,-140
698,193,-280
585,234,-409
384,288,-667
197,317,-813
-126,321,-1076
-383,352,-1301
-633,388,-1466
-874,403,-1575
-1005,420,-1724
-1159,414,-1786
-1241,407,-1777
-1289,376,-1669
-1390,322,-1681
-1399,288,-1493
-1410,277,-1449
-1440,216,-1348
-1424,256,-1224
-1336,303,-1104
-1262,302,-1005
-1159,261,-870
-1154,262,-696
-1074,215,-591
-891,186,-468
-795,106,-450
-596,48,-379
-493,-27,-362
-420,-125,-292
-285,-206,-239
-238,-256,-211
-199,-315,-166
-154,-315,-50
-131,-363,65
-91,-333,261
-69,-313,364
69,-328,551
106,-266,690
256,-287,791
369,-308,908
502,-385,974
583,-415,975
732,-466,988
793,-536,1006
765,-601,1132
833,-662,1172
755,-691,1164
701,-684,1168
631,-606,1179
560,-566,1181
481,-459,1229
407,-387,1313
293,-277,1441
248,-188,1487
153,-117,1520
40,9,1532
47,81,1562
-67,158,1569
-84,185,1672
-132,236,1669
-141,209,1747
-108,176,1704
-27,181,1592
23,191,1414
132,94,1258
177,93,994
189,54,831
231,-34,623
198,-63,340
137,-83,216
38,-48,2
-21,-70,-107
-140,-67,-192
-243,-4,-302
-306,27,-472
-278,90,-557
-311,72,-583
-289,78,-559
-295,41,-526
-203,33,-473
-191,15,-454
-160,-7,-390
-45,-26,-370
-46,-35,-224
18,-28,-131
53,-50,32
4,-88,160
-5,-148,302
-3,-178,380
-12,-221,345
60,-201,134
132,-186,35
156,-174,-93
124,-127,-185
75,-90,-124
35,-10,-126
-26,78,-112
-57,186,-65
-212,297,69
-264,414,150
-303,511,296
-247,540,428
-211,540,514
-90,553,585
-16,573,601
60,487,651
213,438,682
358,367,626
388,239,659
466,247,682
558,209,756
624,146,784
609,136,856
639,85,904
611,5,1075
583,-100,1117
542,-163,1177
497,-237,1227
495,-297,1216
490,-368,1165
517,-412,1135
565,-416,1101
573,-385,1106
621,-337,1116
580,-285,1193
599,-273,1366
540,-180,1619
466,-160,1699
512,-136,1843
459,-24,1858
492,-29,1888
523,45,1896
461,58,1873
491,108,1878
464,158,1854
459,240,1856
422,329,1965
438,352,2048
368,360,2109
357,469,2158
394,573,2079
431,614,1932
483,732,1797
492,757,1669
497,731,1555
495,687,1335
468,627,1164
434,545,759
385,488,571
309,414,273
315,344,138
217,284,-38
163,244,-170
96,201,-230
137,220,-247
138,217,-207
171,238,-147
279,223,-62
295,186,-12
387,129,135
484,113,178
562,108,335
636,42,402
667,-16,585
687,-158,698
678,-278,954
626,-498,1074
595,-649,1068
582,-822,982
555,-884,657
517,-854,381
428,-799,-71
311,-725,-488
12,-615,-627
-171,-548,-808
-550,-457,-936
-861,-418,-1043
-1076,-402,-1085
-1296,-382,-1201
-1418,-375,-1322
-1389,-444,-1487
-1301,-485,-1625
-1199,-524,-1682
-1076,-534,-1672
-930,-561,-1612
-802,-547,-1535
-638,-453,-1349
-582,-421,-1067
-533,-304,-845
-458,-209,-527
-369,-98,-271
-244,45,-191
-181,99,-162
-137,135,-115
-135,58,-38
-130,-75,-90
-197,-109,-144
-197,-214,-390
-182,-226,-543
-135,-211,-708
-178,-225,-816
-209,-183,-845
-265,-102,-760
-313,-78,-688
-322,-26,-536
-316,7,-447
-377,56,-347
-366,99,-270
-306,125,-246
-300,180,-185
-251,222,-171
-197,267,-159
-213,301,-112
-248,324,-57
-240,364,-64
-238,381,5
-279,423,46
-277,430,165
-263,449,243
-323,427,249
-320,412,227
-344,241,246
-393,94,190
-385,-81,142
-385,-214,-50
-318,-311,-260
-292,-319,-535
-234,-311,-694
-215,-273,-810
-188,-253,-746
-210,-233,-659
-198,-185,-418
-202,-141,-188
-124,-93,-46
27,-100,216
130,-91,285
397,-60,416
478,-111,447
673,-95,521
760,-120,562
857,-71,579
895,28,625
865,28,712
828,92,741
696,229,791
596,275,773
536,350,743
445,326,719
376,342,515
284,302,355
219,174,100
189,64,-112
128,-62,-322
38,-128,-701
-45,-95,-1051
-134,-26,-1136
-192,26,-1228
-250,89,-1137
-323,124,-1011
-370,165,-840
-437,286,-654
-435,347,-513
-327,362,-443
-244,392,-306
-173,378,-266
-23,419,-297
99,491,-192
182,467,-169
287,454,-17
374,460,97
448,443,220
556,461,404
542,485,534
630,371,768
609,350,924
622,258,953
670,145,963
703,134,994
733,98,918
759,59,819
786,7,789
760,-3,719
709,18,736
617,21,718
565,50,716
492,91,711
335,151,734
233,233,762
177,286,796
70,344,769
47,402,837
13,419,831
-30,442,826
-48,438,792
-69,422,799
-17,415,743
-48,453,701
-57,472,663
-87,459,640
-107,497,628
-160,476,608
-154,526,633
-188,478,586
-261,395,547
-299,298,455
-343,175,441
-377,78,224
-394,5,78
-381,-11,-128
-375,-60,-262
-416,-64,-304
-408,-80,-334
-454,-88,-314
-443,-39,-178
-468,-22,-116
