=~=~=~=~=~=~=~=~=~=~=~= PuTTY log 2021.05.16 18:33:33 =~=~=~=~=~=~=~=~=~=~=~=,,
-58,57,-12
-50,40,15
-102,43,7
-110,45,-18
-38,18,-10
-47,43,-20
-65,31,-41
-86,41,-42
-84,19,-12
-22,21,3
-76,5,-23
-64,26,-16
-39,50,-42
-38,28,10
-38,37,-5
-89,33,-24
-60,6,-1
-99,26,-56
-60,28,-40
-64,6,-10
-79,40,-34
-86,23,0
-67,42,-16
-76,19,5
-52,18,-35
-57,28,-42
-74,21,-25
-50,18,-14
-74,30,23
-93,12,-29
-64,82,11
-72,70,-23
-80,31,12
-57,42,-27
-39,4,-17
-58,12,-19
-49,45,13
-85,11,-12
-30,26,7
-84,26,1
-72,10,8
-92,26,-6
-69,21,26
-45,-1,-24
-79,16,16
-22,30,-30
-53,50,-31
-59,54,-21
-34,27,-3
-53,21,-19
-74,14,9
-81,2,-5
-98,-15,5
-74,-1,13
-60,28,-14
-24,2,2
-62,28,-12
-64,-8,6
-59,38,-5
-62,3,-17
-36,-15,-19
-54,18,-36
-88,11,-15
-40,22,-16
-78,36,-21
-39,52,12
-95,11,-7
-51,14,-34
-49,4,3
-67,35,-7
-64,-3,-15
-29,25,26
-50,30,-20
-68,9,-8
-55,11,-1
-99,21,-1
-100,35,-7
-106,31,21
-48,42,18
-100,9,-6
-68,7,-27
-58,15,-8
-57,52,4
-43,16,-58
-47,20,-24
-79,17,-20
-69,39,-28
-62,50,-38
-62,22,18
-77,-20,47
-24,-56,17
-65,-36,14
-71,-35,5
-107,-44,4
-48,-3,26
-42,30,5
-70,19,-8
-24,36,-38
-26,52,-50
-96,77,-39
-131,56,-36
-104,25,-34
-102,14,-45
-59,41,-31
-56,16,-3
-59,11,-14
-54,22,-22
-41,19,-60
-14,-16,-38
-83,11,-46
-83,30,-29
-76,46,-39
-48,25,-7
-92,6,-22
-101,23,-31
-86,10,-24
-78,5,-11
-44,21,9
-90,42,-19
-72,18,-53
-108,11,-55
-92,42,-44
-64,-12,-29
-71,1,-3
-74,11,1
-91,-17,-3
-88,14,-13
-84,18,9
-95,-10,-17
-57,-6,11
-108,19,4
-114,9,-27
-79,18,-27
-71,19,-24
-121,18,-25
-79,20,-36
-74,7,-42
-62,4,-55
-72,17,-51
-97,-11,-44
-88,-19,-45
-73,14,-98
-95,20,-31
-63,9,-10
-117,-10,-32
-60,-3,-54
-43,-3,-38
-49,-5,-25
-34,-24,-15
-72,14,-57
-97,21,-57
-100,56,-31
-44,9,-39
-81,-15,-60
-88,28,-48
-52,22,-98
-48,4,-70
-72,35,-61
-46,-10,-86
-50,4,-99
-79,21,-79
-93,45,-67
-84,28,-77
-40,14,-96
-88,-14,-76
-79,7,-57
-76,33,-85
-79,20,-83
-44,25,-55
-79,33,-61
-69,4,-39
-87,25,-57
-54,26,-100
-73,28,-57
-78,24,-76
-93,4,-62
-34,16,-83
-60,11,-19
-83,15,-10
-98,23,-46
-57,40,-35
-54,0,-58
-57,-7,-31
-64,-3,-72
-115,7,-66
-76,2,-72
-69,19,1
-87,7,-38
-55,27,-23
-39,-8,-33
-43,10,-22
-38,-5,-15
-38,-21,-57
-98,14,-27
-73,22,-19
-36,10,-27
-65,-14,-24
-64,25,-28
-76,26,-53
-53,9,-27
-55,-7,-29
-79,-11,-36
-83,2,-83
-64,11,-51
-38,8,-67
-37,-25,-24
-116,-8,-27
-77,-27,14
-61,1,1
-83,16,-51
-36,9,-10
-54,42,-27
-69,43,-52
-32,16,-30
-75,17,-1
-70,-32,10
-92,0,-38
-117,12,-23
-55,30,-35
-101,17,-60
-96,16,-17
-76,-5,-34
-69,26,-48
-69,21,-65
-88,1,7
-67,40,-36
-79,-3,-8
-80,-4,10
-34,14,-35
-50,15,11
-67,21,-31
-73,-3,-11
-38,41,-36
-34,-24,17
-80,13,-25
-78,38,-40
-81,18,1
-51,35,-1
-114,21,-38
-83,18,-38
-61,16,26
-64,28,-11
-57,-3,4
-75,0,15
-78,7,9
-61,18,16
-72,-3,-53
-69,18,-38
-79,37,-19
-80,24,-55
-86,20,-45
-70,6,-29
-68,35,-31
-69,37,-62
-101,-2,-45
-67,16,-74
-72,45,-31
-10,29,-90
-40,39,-39
-102,45,-45
-69,47,-10
-95,26,-35
-58,2,-41
-61,21,-12
-64,31,-33
-38,30,-36
-26,25,-36
-98,42,-81
-78,-24,-48
-80,9,-42
-62,11,-34
-79,-24,0
-70,23,-48
-59,1,16
-62,16,-19
-69,2,-14
-62,21,-22
-75,45,-23
-25,41,0
-53,22,-64
-37,24,-22
-69,23,-68
-46,2,-36
-79,26,-13
-59,56,-27
-52,42,37
-52,8,-3
-61,49,-29
-62,43,11
-34,37,-9
-34,18,-24
-64,-8,5
-43,-12,-6
-46,55,-4
-92,47,-23
-73,38,-38
-34,31,19
-55,33,-19
-81,2,-13
-76,40,7
-85,6,-4
-75,30,-5
-45,-6,-39
-71,-20,2
-82,28,-3
-60,7,-3
-34,16,0
-57,30,-29
-55,12,-6
-65,-33,5
-50,13,-35
-33,-14,-39
-65,16,-33
-69,4,-31
-99,0,-37
-69,13,-17
-84,14,-1
-64,7,-19
-113,4,-15
-56,-31,-19
-34,11,-31
-48,38,-22
-73,5,-46
-79,3,-74
-38,57,-3
-57,24,-8
-57,33,-24
-51,44,-7
-69,0,-16
-60,18,-43
-78,41,-19
-57,12,-34
-57,37,-27
-58,-24,-33
-64,4,-36
-86,0,-27
-81,18,-20
-57,2,-15
-48,9,-6
-62,29,-25
-61,37,26
-45,32,-15
-48,20,-22
-34,13,-14
-74,52,-41
-78,7,-13
-53,11,-29
-19,16,2
-44,16,-8
-66,-15,-9
-71,7,-27
-67,64,-2
-75,25,20
-78,5,-20
-73,34,35
-95,27,-16
-81,-14,-44
-48,10,-20
-68,16,0
-36,23,-57
-43,11,-24
-71,2,15
-74,21,-8
-86,33,-48
-7,3,-15
-58,33,-31
-98,19,-21
-67,48,20
-88,9,4
-39,2,-30
-58,4,-22
-43,20,4
-72,14,-4
-87,26,-5
-101,30,-15
-80,16,-10
-73,40,11
-86,15,1
-67,0,9
-69,27,-24
-29,11,-35
-70,27,1
-78,13,-29
-68,-19,-19
-60,24,-22
-54,16,-15
-67,30,-17
-52,21,-57
-35,-14,-31
-90,19,17
-67,21,-38
-57,8,-17
-99,14,5
-80,9,11
-91,-5,-19
-74,26,-48
-80,41,1
-80,37,10
-64,30,-34
-31,23,-34
-75,7,-16
-84,48,16
-67,29,9
-53,-1,16
-80,-14,4
-63,18,-22
-41,23,2
-81,-15,38
-44,11,-17
-72,16,3
-87,18,-34
-52,-12,11
-49,-27,5
-41,-5,9
-108,-5,19
-70,-12,-20
-60,-11,-3
-37,20,-2
-31,-12,-18
-67,58,-12
-98,-14,-40
-40,2,-9
-37,-15,1
-59,-13,-5
-74,-15,15
-72,19,21
-94,46,-29
-57,31,-12
-144,40,21
-76,4,5
-72,-7,-4
-56,11,-15
-76,41,9
-61,-5,-17
-69,9,-12
-72,18,-44
-60,31,-17
-38,33,-18
-56,37,-3
-81,44,17
-88,9,0
-43,35,-3
-75,-4,14
-48,14,6
-81,32,12
-59,18,-10
-50,-21,38
-46,30,-58
-85,28,-43
-83,14,-38
-38,5,-24
-88,11,-8
-67,10,-8
23,-23,-27
27,-55,12
15,-12,0
-2,-20,-12
-16,-22,10
-52,26,4
-74,-8,-49
-17,11,-5
-36,10,-26
-23,-29,-22
4,-53,-1
-4,-83,7
18,-62,-2
36,-93,-7
17,-71,-1
74,-121,-13
66,-78,-20
68,-84,-16
68,-72,-40
101,-86,-26
85,-123,-24
108,-102,0
113,-122,-32
111,-130,22
79,-157,-18
106,-126,-7
87,-96,19
114,-79,2
90,-142,16
73,-90,-30
92,-74,-14
72,-68,-7
66,-45,21
44,-85,-5
31,-58,7
7,-61,-25
20,-75,-29
20,-45,19
11,-17,34
-19,-31,-17
2,-12,-8
-3,-63,-12
-5,-32,-5
-3,-38,26
26,-12,36
16,-43,18
0,-54,-5
-14,-49,51
28,-35,10
20,-4,11
47,-69,29
61,-48,5
26,-59,-18
42,-36,7
33,-35,14
16,-30,42
10,5,38
-8,-27,17
-20,-45,20
-3,-31,16
14,-24,10
-8,-45,23
-10,-34,63
-13,-5,5
0,-12,47
-23,-12,67
5,24,77
-12,-6,81
-31,-5,79
-18,1,103
2,8,92
5,-14,132
-28,14,125
-53,-2,180
-38,4,186
4,27,193
28,8,200
0,-25,251
7,-7,275
-19,2,350
-36,28,360
-4,14,371
-33,42,428
-29,27,480
-43,24,550
-6,24,553
-92,15,622
-61,-5,684
-43,22,714
-60,-8,729
-42,-15,803
-44,7,862
-16,30,907
-17,24,1016
-69,9,1106
-39,33,1208
-69,71,1321
-67,28,1346
-53,43,1493
-47,23,1575
-17,23,1714
-29,26,1845
-29,40,1991
-31,20,2142
-45,30,2272
-39,73,2417
-57,48,2641
-74,45,2794
-39,47,2932
-38,27,3257
-58,75,3390
-26,70,3628
-81,48,3795
-27,30,4033
-62,2,4187
-17,37,4419
-33,90,4592
-45,90,4864
4,55,4999
-3,54,5262
2,58,5461
1,70,5841
28,67,6086
21,54,6246
25,45,6498
14,73,6741
37,27,7026
-7,87,7211
21,87,7492
7,82,7672
4,37,7892
34,61,8038
66,90,8230
19,47,8297
63,47,8416
44,43,8511
28,58,8587
-2,32,8640
53,35,8616
2,54,8554
-19,63,8569
7,56,8497
28,30,8422
16,45,8281
-12,49,8196
-54,25,8126
-25,63,7923
-73,99,7706
44,66,7558
18,70,7389
6,72,7166
-26,59,7005
-14,78,6887
1,63,6745
-23,64,6577
-35,82,6497
-105,119,6415
-70,101,6394
-135,111,6379
-90,111,6367
-133,101,6354
-119,68,6275
-113,91,6221
-86,125,6221
-110,66,6124
-64,54,6010
-163,85,5968
-129,121,5865
-114,72,5806
-102,77,5734
-115,64,5711
-126,101,5622
-104,60,5558
-94,73,5426
-214,53,5388
-81,76,5376
-98,92,5291
-177,81,5201
-100,67,5171
41,35,5074
-158,32,5014
-57,95,4942
-124,86,4899
-154,101,4876
-144,80,4852
-163,63,4839
-98,73,4758
-133,57,4759
-128,61,4713
-131,71,4598
-158,85,4458
-144,48,4459
-146,82,4289
-121,53,4246
-104,82,4159
-114,26,4064
-79,58,3910
-109,32,3771
-92,37,3625
-89,30,3561
-105,4,3397
-55,33,3347
-38,-11,3178
-88,38,3083
-89,7,2954
-81,53,2884
-85,47,2845
-89,26,2806
-53,33,2797
-30,33,2756
-67,35,2740
-88,21,2736
-72,22,2751
-24,40,2714
-35,4,2737
-95,2,2762
-100,46,2768
-85,27,2779
-64,9,2742
-81,3,2681
-95,67,2715
-67,-3,2755
-82,42,2784
-75,25,2877
-4,40,2889
-20,66,3142
-52,51,3187
-101,36,3275
8,21,3334
-37,64,3346
-5,74,3405
-103,65,3450
-50,58,3443
-94,68,3474
-51,59,3417
-70,40,3384
-131,45,3270
-105,49,3225
-93,23,3099
-75,23,3056
-119,40,2927
-73,62,2877
-74,75,2793
-64,37,2763
-76,28,2646
-87,41,2663
-53,47,2590
-84,16,2580
-67,33,2517
-94,2,2533
-53,37,2492
-60,27,2499
-59,46,2495
-91,47,2413
-67,5,2462
-72,29,2454
-85,58,2418
-49,49,2485
-29,52,2516
-10,23,2550
4,53,2530
-53,48,2595
-46,56,2618
-135,18,2668
-51,26,2742
-78,46,2737
-72,28,2777
-18,7,2805
-49,9,2839
-23,37,2876
-111,42,2902
-52,50,2988
-15,21,2989
-17,10,3075
-34,18,3074
-53,30,3085
-107,35,3073
-4,56,3132
-96,38,3117
-84,56,3148
-31,16,3206
-72,75,3201
-96,28,3225
-117,38,3281
-34,14,3351
-75,34,3394
-153,11,3374
-119,34,3393
-56,23,3425
-59,-15,3430
-95,30,3391
-140,37,3392
-64,36,3341
-32,18,3305
-28,26,3277
-59,-15,3248
-100,57,3221
-53,28,3149
-62,12,3142
-56,7,3036
-57,54,3031
-85,7,2936
-38,-6,2842
-76,30,2832
-64,17,2676
-64,26,2646
-38,23,2548
-18,24,2513
-46,28,2403
-46,2,2370
-52,33,2366
-76,-1,2299
-61,25,2254
-51,15,2252
-35,47,2238
-10,7,2257
-44,3,2317
-57,24,2295
-33,16,2328
-23,-3,2304
-57,21,2322
7,31,2312
-36,9,2304
-43,61,2330
-60,30,2353
-45,9,2375
-65,-18,2328
-105,-9,2349
-36,29,2342
-32,38,2335
-86,40,2310
-105,47,2249
-128,59,2223
-55,21,2202
-27,-10,2188
-50,10,2140
-76,7,2091
-45,5,2111
-86,40,2094
-116,46,2069
-27,11,2067
-53,11,2081
-48,54,2085
-43,6,2090
-57,37,2107
-80,38,2158
-44,31,2163
-34,18,2206
11,27,2232
-49,50,2230
-88,32,2278
-100,19,2299
40,17,2355
7,-24,2418
-73,-13,2401
-29,47,2437
-34,0,2457
-44,9,2482
-22,-4,2493
-1,0,2554
-27,11,2568
-15,-5,2584
4,9,2607
-19,-10,2580
7,12,2531
-17,-20,2598
-44,5,2643
-33,35,2579
-35,9,2589
-5,9,2611
-37,28,2641
-45,30,2650
-75,46,2633
-45,18,2754
-27,45,2777
-28,45,2811
-61,29,2896
-58,35,2901
-48,-8,2949
-62,30,3001
-49,13,3090
-57,21,3078
-91,43,3105
-87,45,3123
-49,45,3160
-62,43,3188
-57,36,3178
-116,-10,3226
-91,3,3245
-102,40,3222
-69,47,3225
-104,40,3238
-71,42,3241
-70,68,3199
-45,59,3209
-69,49,3251
-100,38,3266
-16,16,3275
-34,27,3241
-34,46,3230
-74,31,3237
-48,7,3223
-50,35,3214
-74,19,3217
-74,36,3152
-104,13,3102
-51,39,3067
-119,54,3100
-69,14,3116
-75,35,3082
-81,30,3061
-57,49,3069
-43,39,3082
-68,0,3057
-35,48,3069
-50,47,3041
-49,14,3084
-36,9,3114
-53,11,3122
-41,32,3157
-59,0,3128
-23,52,3116
-34,2,3093
-62,-3,3116
-54,-3,3119
-55,28,3110
-133,39,3121
-121,37,3095
-98,4,3189
-78,21,3182
-103,42,3155
-3,71,3150
-84,26,3127
-15,45,3119
-27,-11,3147
-100,51,3206
-145,38,3168
-22,56,3268
-90,36,3233
-49,12,3225
-25,40,3222
-58,28,3203
-110,32,3289
-72,59,3314
-127,21,3314
-103,28,3273
-114,7,3241
-102,16,3180
-79,21,3131
-102,23,3043
-130,30,2923
-157,-17,2740
-146,13,2630
-130,-10,2403
-109,-1,2292
-152,33,2087
-120,-16,1987
-93,4,1826
-102,26,1717
-105,37,1610
-124,35,1593
-140,16,1504
-100,33,1453
-185,22,1427
-119,44,1431
-154,9,1441
-121,76,1427
-99,7,1522
-134,38,1549
-102,34,1533
-150,11,1567
-136,-24,1636
-138,9,1726
-127,53,1803
-126,47,1957
-121,9,2030
-121,14,2212
-125,23,2368
-138,0,2582
-147,21,2751
-135,35,3005
-118,-3,3195
-117,-10,3468
-141,2,3691
-99,24,4055
-67,25,4325
-100,54,4687
-41,26,4941
-48,37,5316
-98,21,5498
-100,78,5748
-88,35,5951
-48,43,6215
-69,84,6418
-30,60,6612
-13,63,6735
-36,98,6911
-59,56,7017
-43,104,7145
-77,111,7245
-85,116,7332
-83,49,7403
-93,56,7504
-90,82,7474
-60,57,7557
-127,68,7638
-90,33,7648
-109,83,7654
-128,54,7690
-132,52,7694
-109,49,7710
-100,65,7782
-117,85,7778
-102,86,7763
-199,75,7680
-164,87,7691
-127,68,7662
-131,81,7614
-117,88,7527
-126,65,7434
-174,73,7380
-150,49,7235
-124,66,7166
-166,43,7033
-114,53,6919
-73,86,6851
-144,99,6776
-151,99,6704
-98,66,6607
-138,82,6543
-78,101,6479
-140,51,6458
-90,59,6446
-73,61,6385
-83,69,6396
-74,70,6359
-106,64,6361
-98,25,6328
-69,59,6387
-124,64,6487
-100,85,6515
-83,63,6586
-94,33,6616
-60,73,6648
-86,95,6714
-110,91,6731
-111,79,6785
-88,42,6814
-112,51,6874
-90,79,6894
-112,65,6884
-75,85,6895
-114,77,6860
-120,71,6765
-128,102,6730
-76,98,6649
-106,98,6557
-76,78,6498
-106,114,6375
-93,94,6193
-48,90,6117
-94,75,6024
-80,40,5843
-98,55,5799
-98,63,5722
-86,47,5681
-71,63,5597
-89,95,5534
-86,86,5506
-60,90,5467
-90,79,5397
-39,50,5347
-46,74,5364
-57,70,5373
-47,94,5422
-55,52,5439
-62,89,5443
-59,87,5516
-100,70,5561
-80,57,5603
-78,91,5639
-86,75,5741
-120,94,5812
-41,59,5916
-54,58,5998
-66,68,6214
-87,85,6383
-78,87,6622
-48,71,6750
-67,97,6977
-59,121,7131
-90,78,7309
-55,99,7365
-56,101,7481
-42,85,7513
-28,86,7535
-36,59,7538
-72,139,7512
213,101,7524
-77,73,7545
2,94,7482
-16,95,7378
-79,73,7312
-78,104,7250
-103,77,7062
-45,63,7009
-105,62,6922
-53,100,6849
-65,116,6859
-45,95,6840
-46,104,6832
-74,65,6917
-80,92,6993
-66,91,7124
-80,84,7223
-88,64,7385
-104,52,7480
-123,85,7617
-93,84,7679
-152,117,7781
-194,77,7839
-199,42,7922
-190,91,7938
-130,66,8014
2,125,8201
-120,133,8473
-200,34,8577
-154,47,8645
-196,57,8687
-178,42,8710
-179,84,8723
-136,84,8753
-115,94,8721
-157,112,8726
-88,78,8623
-104,42,8535
-69,82,8427
-93,99,8312
-88,76,8147
-29,60,8082
-41,70,7868
-35,68,7794
-27,66,7685
-5,84,7568
14,107,7438
11,91,7306
35,69,7171
-34,85,7067
-7,85,7008
-16,72,6901
-20,80,6844
-62,50,6738
-15,66,6650
-77,54,6628
-45,82,6517
-43,72,6435
-77,52,6419
-69,84,6354
-111,80,6291
-100,83,6259
-95,98,6181
-96,43,6177
-90,104,6129
-158,101,6077
-135,62,6043
-102,47,5956
-154,83,5942
-150,73,5799
-112,78,5679
-150,87,5594
-139,49,5527
-107,78,5530
-84,52,5457
-124,41,5378
-141,13,5322
-155,16,5302
-166,26,5210
-119,62,5159
-102,31,5109
-85,59,5054
-113,14,4973
-83,15,4890
-83,60,4756
-85,18,4673
-74,33,4595
-50,55,4518
-54,47,4383
-33,47,4324
-61,55,4166
-44,65,4131
-31,32,3974
-15,61,3927
-25,52,3846
-19,37,3794
-40,60,3695
-53,82,3618
-45,49,3596
0,42,3576
18,41,3564
-50,45,3540
-8,37,3514
-27,39,3470
0,32,3469
-15,45,3516
-19,60,3511
7,40,3536
-1,61,3512
-27,30,3653
-27,63,3744
-1,49,3801
28,61,4041
-22,56,4169
-15,18,4296
-35,47,4379
-43,42,4477
-38,15,4549
-50,-4,4609
-117,28,4604
-133,55,4637
-81,45,4598
-120,56,4620
-143,49,4634
-19,41,4596
-93,-3,4563
-92,49,4537
-119,73,4476
-94,70,4481
-63,47,4500
-95,47,4426
-120,56,4402
-76,21,4402
-51,50,4410
-97,23,4417
-45,46,4423
-55,39,4497
-53,73,4504
-33,51,4563
-74,51,4623
-62,7,4686
-71,42,4791
-88,63,4866
-41,52,4904
-37,42,4926
-83,49,4945
-84,56,5006
-60,52,5054
-50,51,5096
-42,50,5177
-17,37,5191
-41,43,5163
-60,33,5184
-50,27,5130
-38,47,5069
-5,59,5042
-17,37,5089
-10,61,5109
-36,19,5144
-61,72,5118
-43,41,5201
-24,59,5257
-48,73,5272
-27,34,5327
-3,26,5319
-54,31,5366
-53,68,5372
-76,60,5397
-45,45,5397
-86,45,5395
-99,73,5437
-103,78,5420
-88,7,5404
-97,59,5418
-90,83,5442
-112,72,5484
-71,80,5475
-124,57,5450
-81,35,5518
-65,80,5483
-102,78,5539
-83,69,5551
-112,78,5525
-112,65,5501
-82,75,5478
-57,37,5422
-63,51,5390
-16,76,5363
-23,32,5265
-30,42,5250
16,56,5154
33,37,5137
-8,46,5105
-21,49,5075
16,64,4951
12,45,4897
8,40,4871
9,59,4814
33,63,4774
58,21,4758
14,60,4761
-25,43,4730
19,37,4753
13,43,4679
0,75,4710
7,88,4751
-21,37,4774
0,26,4779
6,41,4770
-5,40,4782
-78,66,4851
-41,57,4828
-47,59,4817
-66,54,4848
-50,60,4915
-8,72,4939
-35,74,5000
-22,37,5029
-40,63,5076
-47,30,5156
-74,45,5208
-72,54,5236
-83,62,5201
-100,52,5240
-81,43,5271
-97,69,5279
-122,72,5246
-132,60,5182
-125,27,5178
-81,45,5156
-119,54,5094
-114,85,5092
-119,52,5013
-81,71,5020
-69,80,4883
-97,106,4849
-56,40,4783
-71,46,4753
-94,52,4659
-72,42,4644
-87,51,4642
-93,54,4606
-48,82,4568
-40,36,4507
-55,68,4514
-69,55,4507
-78,56,4527
-38,61,4512
-84,64,4556
-59,81,4569
-110,61,4677
-155,35,4677
-157,45,4706
-133,36,4713
-77,52,4726
-154,45,4767
-74,67,4762
-88,49,4795
-104,68,4848
-60,36,4852
-38,63,4905
-76,42,4952
-75,87,4893
-60,56,4900
-79,43,4933
-84,52,4961
-76,46,4994
-71,56,4954
-85,85,5004
-55,42,4980
-45,19,4990
-50,21,4992
-55,36,4985
-30,86,4967
-74,73,5003
-67,59,5011
-45,84,4945
-75,66,4924
-112,56,4904
-130,49,4840
-77,59,4829
-112,42,4761
-112,27,4750
-105,71,4678
-88,51,4727
-104,32,4746
-69,61,4777
-62,20,4808
-88,55,4878
-112,77,4954
-108,63,4975
-115,56,5006
-130,79,5060
-114,68,5106
-126,41,5089
-135,92,5054
-159,50,5028
-140,63,5007
-94,42,4971
-102,88,4908
-121,58,4888
-127,41,4852
-48,45,4824
-72,108,4904
-58,29,4874
-69,49,4842
-74,54,4815
-43,56,4818
-65,52,4736
-47,63,4720
-47,57,4683
-59,72,4673
-31,22,4643
-21,82,4581
-48,37,4558
-24,68,4562
-29,77,4600
-6,46,4586
-24,52,4620
9,71,4675
0,59,4654
-39,17,4656
-16,27,4684
-56,47,4702
8,64,4732
-34,56,4795
-93,52,4819
-72,59,4788
-52,30,4799
-23,4,4728
10,27,4778
-36,68,4777
-50,64,4780
-51,49,4758
-23,18,4744
-34,-5,4708
-35,0,4729
-43,48,4779
-36,50,4787
-27,62,4811
-85,68,4916
-31,82,4877
-91,56,4846
-79,46,4862
-94,40,4860
-111,87,4851
-86,34,4782
-95,74,4766
-92,49,4725
-111,80,4673
-111,36,4638
-75,59,4613
-72,20,4556
-59,25,4523
-109,56,4487
-98,66,4453
-106,36,4370
-119,27,4348
-112,8,4316
-72,29,4285
-137,43,4319
-145,54,4281
-125,63,4302
-126,46,4290
-139,35,4301
-165,60,4258
-93,65,4250
-138,44,4190
-130,66,4177
-138,66,4185
-105,5,4163
-106,68,4197
-143,68,4182
-86,54,4158
-150,33,4179
-102,51,4190
-90,46,4234
-89,19,4253
-107,13,4251
-68,35,4214
-107,32,4199
-91,61,4173
-72,41,4128
-49,33,4066
-34,35,4045
-24,35,4031
9,51,4012
-27,37,4021
-53,21,3942
-73,41,3937
-63,23,3960
-44,23,3933
-93,47,3843
-53,49,3867
-74,28,3772
-36,40,3735
-69,53,3727
-70,45,3636
-64,30,3600
-91,34,3553
-87,45,3611
-83,14,3585
-60,80,3528
-97,54,3577
-84,14,3568
-122,45,3612
-106,3,3557
-74,35,3543
-109,58,3583
-128,43,3566
-133,66,3606
-99,77,3639
-60,50,3687
-105,65,3751
-100,30,3799
-95,51,3829
-97,46,3891
-69,82,3917
-51,2,4028
-72,36,4043
-69,18,4109
-74,41,4167
-66,68,4227
-50,81,4257
-61,75,4319
-55,52,4354
-46,47,4380
-38,37,4386
-41,97,4419
-32,38,4395
-22,28,4417
-19,40,4366
-20,33,4386
-54,44,4389
-27,49,4383
-38,47,4320
-27,35,4315
-41,50,4314
-57,58,4308
-44,17,4281
-8,34,4299
-36,45,4315
-75,32,4332
-15,50,4366
-52,59,4360
-80,35,4357
-93,44,4415
-112,62,4412
-114,52,4428
-70,52,4417
-98,52,4421
-94,62,4433
-152,57,4415
-120,63,4435
-160,94,4417
-79,89,4438
-131,23,4503
-109,71,4533
-134,34,4562
-164,66,4521
-163,73,4502
-136,46,4548
-157,66,4546
-124,68,4594
-160,14,4613
-133,42,4653
-117,93,4607
-154,16,4606
-94,41,4620
-112,57,4583
-57,46,4625
-75,44,4649
-92,45,4681
-96,2,4715
-56,49,4816
-39,32,4863
-54,62,4895
-24,64,4930
-56,71,4934
-57,80,5006
-74,71,5040
-112,63,5147
-93,66,5189
-71,88,5319
-36,28,5349
-88,63,5429
-127,46,5452
-159,33,5453
-88,42,5482
-107,54,5489
-93,49,5463
-114,56,5449
-138,33,5413
-164,27,5371
-126,61,5357
-123,11,5371
-112,63,5309
-123,68,5222
-102,56,5217
-121,59,5203
-135,63,5160
-150,58,5191
-81,50,5175
-88,21,5153
-67,61,5078
-96,43,5127
-88,57,5056
-98,54,5051
-68,66,5070
-101,53,5026
-107,62,5014
-93,51,5010
-58,49,5026
-88,40,5094
-76,37,5066
-93,39,5119
-94,64,5136
-79,48,5096
-93,92,5147
-106,53,5234
-100,91,5313
-83,88,5330
-93,45,5351
-112,45,5345
-93,59,5402
-83,85,5331
-113,48,5392
-77,90,5411
-101,58,5395
-62,75,5437
-55,59,5450
-107,62,5416
-98,60,5418
-102,27,5417
-107,75,5436
-221,133,5385
-270,161,5170
-258,118,5054
-252,91,4815
-152,21,4657
-148,71,4466
-98,59,4407
-94,33,4368
-72,39,4360
-114,67,4319
-169,66,4319
-139,82,4323
-165,79,4343
-99,61,4318
-107,34,4273
-131,14,4228
-94,63,4268
-136,55,4206
-114,36,4180
-55,43,4128
-59,59,4112
-57,40,4023
-53,52,3994
-95,47,3987
-84,91,4009
-89,76,3993
-97,90,3940
-78,94,3908
-90,47,3836
-145,61,3745
-77,62,3700
-106,64,3566
-122,85,3509
-140,42,3466
-119,60,3405
-135,85,3370
-106,72,3334
-122,75,3311
-108,70,3320
-136,47,3292
-132,47,3275
-100,56,3232
-90,44,3198
-123,80,3204
-89,64,3204
-106,30,3227
-81,75,3191
-81,40,3235
-110,42,3230
-74,54,3268
-76,45,3277
-109,8,3311
-74,33,3428
-76,79,3469
-100,37,3502
-96,37,3648
-100,39,3732
-138,65,3832
-151,69,3839
-129,33,3930
-117,16,4011
-144,39,4050
-136,61,4161
-102,64,4200
-145,60,4281
-131,74,4353
-152,42,4398
-133,42,4455
-79,85,4463
-122,61,4523
-117,85,4518
-149,86,4566
-133,70,4713
-134,62,4832
-145,101,4959
-151,93,4984
-126,109,5160
-91,80,5264
-109,18,5255
-68,63,5374
-60,54,5464
-29,59,5586
-33,69,5698
-52,62,5828
-33,58,5966
-84,33,6078
-82,64,6208
-83,83,6246
-78,92,6351
-68,77,6402
-70,67,6543
-74,88,6620
-118,73,6739
-109,94,6757
-100,105,6851
-85,75,6906
-98,72,6918
-88,55,7008
-74,81,7110
-106,61,7188
-112,71,7244
-67,69,7306
-44,50,7345
-45,36,7331
-68,78,7324
-20,59,7290
-48,68,7290
-53,87,7296
-68,31,7232
-45,65,7234
-74,65,7201
-70,41,7233
-59,59,7226
-53,21,7235
-50,56,7200
-34,82,7119
-74,69,7083
-110,31,7034
-55,85,7017
-50,85,6980
-57,56,6913
-53,56,6916
-68,66,6828
-69,61,6807
-98,56,6776
-86,79,6748
-112,82,6674
-126,82,6697
-73,73,6655
-92,85,6567
-118,99,6500
-79,92,6418
-98,71,6369
-54,99,6332
-130,58,6288
-90,81,6278
-139,49,6225
-101,58,6172
-152,54,6162
-83,79,6141
-135,50,6166
-185,94,6217
-134,111,6214
-156,99,6259
-150,71,6224
-106,103,6266
-126,87,6241
-149,111,6281
-114,58,6291
-102,75,6339
-108,108,6358
-138,98,6414
-104,62,6453
-100,67,6484
-124,97,6492
-103,46,6542
-107,19,6574
-127,97,6609
-127,67,6584
-86,82,6635
-133,75,6612
-86,53,6610
-65,81,6652
-65,101,6722
-113,56,6702
-134,52,6639
-133,68,6640
-139,56,6660
-147,45,6692
-72,31,6697
-57,49,6686
-117,78,6664
-43,68,6645
-105,72,6570
-86,66,6498
-72,48,6471
-91,27,6511
-114,17,6532
-102,56,6607
-86,57,6641
-93,45,6645
-106,63,6634
-107,36,6682
-96,55,6723
-114,23,6847
-114,15,6833
-98,52,6889
-67,69,6858
-101,60,6930
-86,16,6877
-126,20,6938
-140,52,6889
-55,35,6927
-100,50,6875
-102,59,6883
-109,35,6896
-119,84,6893
-120,78,6911
-102,53,6986
-79,47,7014
-176,60,7017
-138,73,7057
-151,54,7028
-112,79,7036
-122,66,7027
-146,114,7031
-152,46,6956
-103,59,6839
-92,73,6745
-179,81,6757
-128,58,6784
-109,43,6729
-131,56,6677
-138,58,6674
-135,71,6657
-145,55,6626
-193,98,6662
-134,93,6678
-100,82,6723
-147,75,6828
-119,77,6851
-131,74,6896
-128,71,7006
-107,31,6991
-119,78,7093
-171,75,7140
-106,42,7169
-118,45,7178
-110,26,7299
-128,47,7292
-133,73,7378
-113,35,7426
-103,82,7466
-93,87,7504
-114,73,7552
-122,70,7538
-89,52,7610
-130,63,7707
-128,39,7780
-133,56,7841
-115,26,7910
-126,21,7920
-110,86,7967
-114,61,7967
-117,63,7958
-126,56,8057
-140,12,8063
-143,37,8084
-140,61,8082
-154,70,8062
-159,71,8066
-131,66,8085
-85,82,8054
-92,52,8062
-91,41,8074
-126,78,8048
-108,55,8090
-154,53,8118
-112,73,8082
-83,84,8109
-131,71,8078
-139,63,8098
-119,75,8086
-132,54,8005
-98,56,7975
-142,92,7943
-133,55,7864
-89,56,7725
-95,71,7642
-87,49,7511
-126,59,7518
-121,42,7395
-157,57,7185
-90,40,7155
-95,49,7096
-117,54,6980
-93,68,6896
-129,66,6839
-100,60,6769
-133,47,6733
-84,82,6655
-101,58,6607
-109,61,6586
-143,76,6497
-77,52,6487
-86,55,6458
-132,77,6436
-81,49,6415
-54,54,6371
-67,2,6364
-57,47,6356
-102,11,6348
-44,33,6321
-121,32,6326
-90,73,6280
-82,72,6333
-55,56,6384
-78,92,6432
-41,30,6427
-103,66,6471
-74,60,6548
-116,54,6577
-88,75,6538
-72,23,6539
-99,63,6543
-129,87,6545
-128,53,6534
-141,95,6525
-140,63,6478
-109,49,6508
-95,58,6529
-81,58,6481
-103,78,6433
-106,48,6409
-70,46,6305
-91,34,6281
-73,80,6228
-90,39,6271
-102,47,6247
-99,43,6266
-91,52,6228
-70,41,6251
-69,72,6281
-66,26,6240
-62,40,6293
-100,30,6287
-76,60,6324
-72,48,6247
-53,47,6197
-54,11,6217
-61,51,6198
-98,34,6155
-100,52,6145
-81,61,6182
-114,59,6150
-78,43,6172
-87,80,6162
-93,63,6129
-95,47,6129
-29,68,6160
-62,35,6165
-60,62,6221
-48,45,6245
-91,42,6270
-98,50,6338
-67,16,6409
-58,9,6425
-61,42,6479
-57,68,6452
-57,46,6567
-76,7,6561
-75,21,6543
-76,28,6557
-76,33,6551
-80,42,6596
-109,37,6578
-108,51,6580
-74,92,6556
-86,73,6553
-105,59,6615
-92,78,6623
-124,86,6715
-118,76,6753
-152,71,6862
-110,85,6901
-129,93,6945
-116,71,6970
-114,68,6944
-115,73,6946
-128,56,6991
-143,73,7003
-104,87,7005
-105,101,7022
-98,107,7016
-84,68,6941
-39,32,6889
-85,75,6885
-93,78,6925
-77,56,6901
-85,41,6960
-75,125,6937
-65,60,6896
-60,73,6856
-95,42,6835
-70,38,6803
-72,36,6870
-48,47,6861
-53,71,6828
-75,57,6854
-61,26,6792
-95,50,6877
-150,94,6831
-67,55,6775
-66,56,6783
-133,29,6813
-63,48,6889
-66,63,6901
-84,66,6955
-74,9,6948
-56,39,7028
-102,45,7026
-100,28,7048
-29,47,6991
-55,35,6926
-69,22,6854
-76,48,6812
-45,18,6785
-57,68,6688
-108,37,6679
-60,49,6614
-125,3,6559
-41,47,6492
-63,14,6408
-36,36,6351
-19,76,6231
-92,21,6153
-85,37,6040
-62,-26,6039
-67,4,5957
-88,42,5936
-25,71,5852
-119,21,5816
-74,26,5733
-106,33,5711
-105,76,5616
-117,60,5592
-62,54,5562
-86,52,5512
-95,74,5458
-54,53,5388
-112,31,5410
-81,61,5388
-90,99,5357
-109,68,5331
-74,48,5304
-143,130,5230
-133,63,5262
-74,45,5299
-131,68,5308
-83,81,5340
-188,104,5391
-106,82,5374
-109,98,5362
-124,107,5402
-133,120,5463
-96,52,5487
-72,107,5558
-89,78,5555
-123,88,5544
-126,99,5607
-99,63,5609
-103,95,5729
-107,74,5705
-127,101,5761
-157,84,5809
-162,73,5845
-113,36,5848
-126,71,5902
-86,63,5882
-107,26,5853
-87,47,5902
-125,78,5901
-85,30,5966
-38,60,5983
-127,101,5932
-118,33,5946
-37,64,5938
-95,6,5897
-43,56,5850
-107,78,5797
-95,93,5879
-109,91,5944
-86,74,5944
-139,73,5887
-121,96,5826
-100,63,5741
-127,68,5807
-109,61,5861
-105,26,5970
-88,100,6054
-124,90,6060
-90,88,5994
-129,63,6133
-90,61,6217
-117,73,6228
-161,97,6137
-160,74,6133
-59,57,6117
-80,65,6077
-113,36,6202
-118,39,6316
-83,37,6354
-104,72,6325
-163,83,6354
-118,65,6418
-125,111,6392
-77,40,6442
-126,59,6452
-97,82,6418
-160,63,6489
-121,59,6550
-53,68,6487
-131,83,6441
-159,73,6451
-112,68,6490
-134,75,6465
-136,68,6390
-157,73,6300
-73,37,6318
-136,21,6241
-102,41,6249
-111,87,6228
-76,28,6240
-119,28,6212
-89,23,6191
-78,56,6191
-68,19,6164
-74,-4,6133
-111,16,6092
-44,55,5958
-79,55,5917
-44,34,5921
-98,14,5933
-86,-16,5955
-91,40,5923
-91,37,5927
-103,-29,6034
-73,-56,6061
-34,-27,5980
-96,44,5874
-83,-5,5904
-7,17,5850
-91,34,5826
-173,39,5878
-87,63,5820
-130,35,5775
-45,55,5786
-102,83,5774
-58,35,5790
-136,70,5818
-73,31,5882
-141,49,5841
-108,61,5886
-72,37,5910
-115,98,5902
-124,75,6067
-74,87,6114
-104,67,6098
-88,56,6189
-126,79,6304
-92,72,6503
-95,32,6666
-80,45,6688
-95,42,6815
-80,52,6899
-52,67,6993
-48,92,6925
-121,104,6878
-109,87,6903
-72,65,7003
-57,95,6976
-90,91,6994
-128,43,7055
-92,21,7072
-98,54,7081
-106,48,7023
-109,101,6981
-138,39,6951
-80,74,6973
-134,54,6971
-63,49,7005
-137,37,7088
-143,39,7064
-34,54,7046
-79,82,7034
-128,33,7067
-109,36,7082
-95,28,7124
-74,49,7094
-109,69,7022
-159,62,6941
-117,116,6866
-83,94,6684
-154,96,6712
-173,35,6649
-59,69,6605
-76,54,6451
-137,22,6418
-159,26,6459
-107,40,6403
-100,30,6258
-136,77,6168
-140,63,6175
-109,37,6221
-83,35,6169
-108,37,6162
-90,37,6141
-96,28,6232
-124,26,6363
-82,32,6420
-89,11,6579
-55,11,6664
-104,35,6770
-112,34,6883
-91,5,6937
-108,66,7020
-176,25,7069
-67,9,7051
-50,48,7078
-143,47,7031
-136,24,6922
-76,9,6873
-114,74,6673
-126,56,6608
-124,-8,6446
-78,0,6320
-126,63,6060
-123,104,5945
-186,82,5820
-136,64,5724
-126,70,5589
-89,33,5497
-117,50,5372
-121,2,5302
-99,16,5166
-116,36,5101
-189,45,4968
-104,137,4902
-159,113,4755
-119,106,4705
-139,64,4711
-50,11,4786
-71,21,4825
-100,9,4893
-121,15,4850
-102,61,4736
-114,94,4707
-124,67,4691
-109,32,4663
-77,-24,4675
-90,-41,4736
-100,-50,4720
-47,-8,4696
-91,29,4642
-110,23,4625
-104,10,4655
-108,-6,4675
-106,-29,4737
-54,-43,4773
-67,8,4803
-53,18,4862
-128,80,4954
-87,-10,5103
-66,-32,5201
-3,-29,5275
-34,40,5303
-118,-6,5252
-75,10,5212
-75,28,5077
-86,24,4971
-103,33,4859
-90,59,4779
-69,31,4682
-114,16,4601
-74,19,4445
-57,1,4388
-109,12,4253
-86,37,4230
-116,42,4131
-88,40,4088
-73,43,4021
-81,49,3938
-78,68,3859
-90,81,3802
-91,50,3757
-86,61,3730
-122,29,3641
-87,47,3571
-76,39,3531
-89,46,3483
-121,90,3509
-123,64,3491
-109,58,3494
-105,54,3508
-81,32,3519
-75,38,3568
-83,16,3561
-109,46,3544
-94,65,3602
-138,56,3649
-98,33,3720
-117,45,3751
-116,45,3841
-59,28,3881
-100,3,3957
-106,26,4003
-78,19,4021
-63,33,4008
-44,2,4068
-56,2,4147
-22,7,4171
-57,16,4227
-55,17,4240
-88,7,4275
-45,-12,4336
-45,-52,4324
-9,27,4371
-41,23,4366
-76,6,4417
-95,40,4506
-34,29,4558
-93,7,4633
-39,0,4655
0,-2,4698
-131,-1,4771
-60,-24,4808
-87,30,4822
-109,16,4822
-78,28,4847
-53,21,4883
-100,28,4873
-101,18,4929
-59,39,4984
-24,49,5011
-69,14,5006
-53,2,4949
-53,26,5016
-63,66,5078
-113,78,5156
-91,97,5198
-117,111,5189
-124,92,5250
-72,73,5175
-105,40,5183
-74,72,5156
-100,30,5139
-115,35,5172
-95,65,5198
-33,63,5225
-108,45,5274
-41,38,5283
-36,58,5301
-63,33,5376
-73,10,5397
-122,56,5430
-76,14,5460
-94,21,5430
-109,47,5408
-79,2,5387
-63,28,5312
-77,26,5349
-101,39,5399
-140,4,5370
-47,18,5342
-91,30,5372
-67,-3,5404
-90,16,5366
-98,5,5310
-63,1,5312
-73,4,5290
-55,15,5350
-81,16,5310
-64,46,5265
-65,6,5268
-57,20,5233
6,-4,5222
-41,40,5284
-55,20,5238
-50,7,5209
-53,0,5234
-61,33,5173
-50,16,5143
-105,-5,5068
-55,-3,4985
-36,-43,4973
-50,-9,5027
-5,12,5000
-19,24,4896
-54,14,4930
-74,30,4900
-74,5,4925
-64,34,4883
-24,26,4819
-53,30,4782
-53,-5,4796
-84,0,4722
-105,13,4672
-94,21,4698
-112,24,4676
-75,23,4653
-57,49,4670
-107,58,4682
-114,24,4673
-64,33,4692
-103,53,4661
-88,43,4639
-102,74,4621
-62,48,4631
-67,47,4606
-101,57,4606
-91,-5,4606
-105,36,4639
-87,61,4722
-47,23,4701
-93,48,4772
-121,62,4812
-64,42,4802
-88,40,4861
-89,34,4897
-105,24,4914
-87,45,4959
-38,29,4985
-109,26,4986
-94,29,5025
-96,30,5070
-106,24,5080
-85,7,5095
-69,-17,5120
-93,41,5126
-107,26,5144
-86,40,5193
-129,28,5182
-90,-1,5281
-119,85,5252
-79,50,5305
-121,18,5344
-67,38,5334
-90,63,5312
-103,35,5355
-125,31,5359
-110,16,5409
-105,33,5435
-89,9,5426
-123,40,5487
-113,4,5483
-126,-15,5487
-128,18,5447
-117,44,5412
-88,23,5402
-96,57,5387
-95,56,5377
-136,30,5383
-66,78,5337
-95,22,5338
-25,34,5305
-49,55,5309
-90,21,5191
-88,49,5175
-136,50,5168
-121,40,5152
-80,4,5093
-60,7,5069
-79,26,5026
-72,33,4990
-61,-4,4967
-65,63,4985
-79,10,4921
-92,33,4922
-84,71,4925
-48,44,4878
-86,27,4867
-98,33,4817
-64,18,4787
-11,72,4701
-67,35,4606
-83,45,4589
-76,28,4560
-65,42,4521
-62,47,4540
-64,-4,4532
-105,35,4500
-83,26,4500
-63,63,4478
-62,48,4443
-45,47,4431
-79,86,4410
-98,57,4364
-86,21,4327
-88,19,4311
-62,52,4334
-80,37,4324
-101,76,4284
-104,31,4269
-110,83,4233
-58,90,4241
-72,39,4239
-97,30,4279
-89,38,4338
-90,30,4388
-99,11,4409
-81,33,4379
-69,30,4386
-76,64,4355
-131,60,4426
-91,52,4441
-81,46,4497
-124,80,4594
-128,51,4617
-81,65,4618
-36,33,4663
-90,17,4665
-67,8,4697
-86,29,4687
-88,8,4687
-46,27,4674
-45,13,4642
-102,-1,4637
-98,30,4592
-90,30,4565
-86,52,4618
-74,67,4634
-79,37,4651
-90,11,4570
-93,73,4607
-106,47,4598
-88,35,4536
-50,33,4590
-76,26,4560
-95,6,4535
-64,38,4525
-108,30,4490
-123,26,4495
-85,26,4487
-76,26,4464
-9,46,4455
-92,2,4450
-89,19,4383
-72,6,4412
-93,14,4371
-82,31,4388
-85,-1,4353
-55,23,4410
-62,43,4367
-55,-1,4386
-57,47,4398
-83,60,4421
-103,9,4430
-55,47,4419
-77,44,4466
-95,33,4485
-96,50,4445
-105,17,4484
-79,56,4561
-96,19,4550
-83,38,4587
-98,42,4653
-100,21,4675
-128,78,4751
-130,71,4757
-103,65,4840
-93,52,4941
-81,54,4984
-83,92,5005
-93,75,5027
-100,39,5082
-97,61,5095
-74,54,5054
-74,39,5113
-62,14,5088
-83,11,5138
-86,37,5123
-66,48,5090
-57,42,5052
-107,29,5093
-95,11,5035
-86,8,4981
-47,45,4945
-59,-13,4929
-81,28,4859
-102,5,4828
-74,21,4748
-54,26,4698
-42,28,4678
-57,38,4669
-67,50,4593
-73,9,4504
-80,67,4500
-44,44,4445
-49,11,4438
-55,30,4509
-98,35,4471
-90,51,4483
-102,36,4447
-94,65,4447
-95,51,4480
-84,50,4443
-78,9,4493
-76,56,4483
-85,37,4493
-94,33,4521
-80,-8,4549
-100,23,4568
-104,23,4575
-62,24,4585
-95,18,4606
-90,12,4551
-81,2,4528
-92,18,4547
-99,49,4509
-72,14,4541
-74,32,4495
-58,26,4466
-85,35,4451
-53,7,4502
-98,0,4424
-55,29,4350
-32,30,4244
-80,14,4218
-75,10,4168
-86,22,4098
-80,23,4031
-87,36,3962
-58,45,3860
-100,41,3794
-71,70,3729
-51,20,3705
-78,11,3654
-69,37,3576
-80,20,3510
-13,16,3483
-75,12,3434
-76,28,3351
-95,46,3344
-31,26,3275
-74,7,3217
-52,22,3160
-62,-10,3128
-57,16,3150
-69,11,3100
-71,29,3063
-58,31,3050
-90,33,3010
-69,40,3015
-67,23,2938
-67,4,2972
-68,40,2970
-95,22,2953
-111,33,2919
-96,33,2882
-107,-5,2877
-86,54,2884
-81,11,2838
-41,28,2771
-64,48,2750
-68,28,2763
-55,23,2733
-63,42,2724
-53,51,2683
-66,36,2674
-93,33,2688
-34,16,2648
-56,28,2644
-52,24,2625
-83,14,2576
-18,21,2572
-64,23,2590
-71,36,2599
-58,-6,2626
-79,9,2643
-112,24,2626
-55,23,2593
-91,16,2581
-48,28,2572
-60,13,2569
-64,16,2647
-46,3,2642
-75,32,2624
-74,35,2659
-61,74,2652
-45,4,2728
-62,58,2763
-80,16,2852
-29,61,2918
-53,28,2970
-95,41,2985
-75,4,3039
-95,10,3086
-100,-5,3192
-51,54,3265
-120,34,3306
-93,38,3363
-100,71,3446
-128,39,3479
-79,29,3589
-89,43,3599
-106,33,3569
-101,21,3538
-37,36,3571
-66,21,3566
-57,18,3548
-43,21,3578
-60,49,3609
-94,25,3600
-33,28,3680
-67,13,3669
-88,37,3660
-62,14,3647
-46,14,3688
-80,-3,3660
-57,26,3573
-83,43,3493
-57,38,3403
-37,22,3374
-70,78,3338
-56,11,3294
-97,11,3232
-72,12,3145
-73,31,3084
-53,63,3031
-62,51,2965
-65,55,2933
-76,8,2917
-91,54,2896
-84,48,2910
-39,61,2881
-72,52,2887
-72,56,2910
-90,25,2903
-70,30,2906
-64,75,2925
-74,12,2978
-71,41,2935
-53,61,2988
-48,23,3029
-81,6,3017
-61,17,3038
-72,51,3070
-41,45,3107
-65,57,3145
-62,45,3107
-67,26,3185
-88,75,3200
-72,20,3210
-79,37,3222
-67,45,3240
-40,70,3223
-87,9,3228
-64,45,3208
-30,29,3157
-39,45,3119
-47,10,3125
-57,39,3077
-74,7,3015
-31,3,3015
-60,32,2998
-71,48,2967
-89,18,2935
-79,26,2839
-50,33,2781
-80,16,2771
-60,25,2811
-78,49,2755
-83,63,2677
-64,42,2635
-62,45,2632
-99,4,2633
-102,64,2613
-73,46,2628
-93,49,2642
-137,90,2542
-48,10,2509
-100,45,2449
-93,6,2361
-100,33,2339
-97,33,2333
-130,63,2344
-38,48,2283
-96,16,2323
-150,37,2289
-95,4,2246
-83,22,2226
-100,-10,2233
-100,40,2117
-93,50,2082
-75,39,1979
-76,40,1972
-95,71,1909
-67,39,1896
-88,33,1823
-109,78,1811
-73,63,1743
-100,58,1747
-78,56,1679
-35,40,1579
-104,34,1501
-65,35,1485
-76,42,1431
-78,26,1432
-95,59,1378
-75,58,1347
-74,54,1309
-82,46,1312
-50,55,1316
-55,35,1301
-82,12,1262
-76,25,1259
-46,32,1264
-65,35,1220
-38,28,1206
-62,28,1225
-88,0,1203
-66,49,1160
-78,26,1202
-65,54,1176
-38,33,1167
-55,45,1172
-113,23,1139
-83,30,1099
-72,39,1142
-86,43,1099
-39,16,1125
-70,4,1112
-43,15,1137
-62,47,1146
-95,16,1124
-100,2,1125
-62,38,1105
-62,54,1136
-72,-5,1108
-42,40,1091
-67,14,1054
-29,45,1039
-81,36,994
-38,42,970
-84,42,1001
-82,45,929
-71,49,872
-36,49,850
-32,28,765
-69,57,760
-67,42,727
-65,10,648
-51,30,594
-73,37,630
-27,31,597
-62,27,535
-78,-16,531
-62,23,524
-92,20,480
-89,-2,461
-100,14,468
-68,5,438
-86,-1,438
-55,11,418
-57,22,381
-81,35,377
-61,-16,343
-53,-2,303
-55,19,296
-73,53,317
-106,37,289
-90,10,279
-86,45,253
-91,35,266
-74,40,275
-53,36,206
-83,19,220
-58,18,208
-96,-7,175
-86,9,167
-112,5,163
-13,22,150
-72,59,139
-58,29,153
-90,47,175
-69,18,176
-64,41,136
-58,36,71
-44,7,101
-38,41,58
-74,30,42
-76,49,40
-53,9,80
-79,28,39
-57,64,68
-73,49,2
-69,42,2
-66,49,3
-43,62,-24
-45,56,-6
-28,66,-19
-59,42,-8
-84,16,0
-63,26,-3
-74,68,21
-77,26,-2
-83,6,6
-60,-5,-29
-47,34,5
-44,36,5
-67,33,-31
-37,72,-8
-98,26,-18
-61,42,14
-67,52,16
-44,28,-4
-57,38,-17
-34,9,-31
-91,51,-18
-104,78,-36
-59,89,-32
-17,14,-5
-18,22,-55
-15,42,-67
-52,35,-46
-17,43,-64
-60,36,-60
-60,23,-100
-55,16,-95
-79,22,-109
-71,15,-135
-83,-6,-130
-44,49,-171
-98,25,-159
-54,33,-145
-14,18,-202
-45,20,-158
-44,27,-159
-35,13,-164
-57,9,-209
-24,28,-214
-83,36,-235
-64,4,-229
-59,39,-218
-69,14,-225
-75,49,-199
-4,21,-185
-70,-2,-174
-51,16,-208
-43,35,-233
-67,16,-222
-46,45,-198
-77,20,-213
-80,2,-188
-73,10,-200
-68,41,-190
-64,42,-209
-83,34,-137
-79,70,-178
-69,40,-197
-80,50,-155
-69,68,-177
-56,19,-109
-47,29,-110
-55,25,-143
-52,39,-164
-43,1,-157
-64,47,-132
-89,36,-174
-46,28,-183
-49,11,-160
-85,75,-137
-124,38,-121
-62,30,-190
-66,21,-152
-43,14,-92
-74,44,-150
-38,33,-127
-53,32,-102
-68,-15,-85
-65,-19,-69
-74,27,-97
-55,31,-91
-69,19,-98
-42,55,-91
-40,5,-102
-48,18,-64
-50,28,-86
-79,52,-85
-48,17,-55
-48,14,-55
-35,40,-69
-15,41,-67
-66,32,-62
-85,48,-81
-48,14,-57
-66,7,-77
-33,29,-82
-80,23,-43
-34,18,-70
-49,26,-45
-90,14,-111
-70,11,-93
-33,8,-85
-102,30,-48
-67,31,-77
-36,23,-93
-55,-1,-43
-62,30,-79
-59,2,-63
-64,35,-60
-49,28,-79
-35,52,-64
-29,45,-56
-55,42,-64
-30,26,-93
-60,22,-68
-69,51,-88
-74,18,-92
-86,22,-60
-43,27,-78
-38,37,-67
-67,31,-82
-88,29,-40
-38,9,-48
-29,9,-46
-57,42,-55
-60,22,-36
-70,23,-48
-72,14,-33
-38,43,-19
-40,14,-61
-62,36,-35
-31,14,-13
-45,23,-23
-70,12,-46
-80,-8,-34
-43,42,-19
-30,24,-25
-58,7,-11
-69,12,-19
-38,15,-65
-42,40,-43
-73,27,-28
-52,5,-20
-65,0,-48
-42,-2,-66
-86,10,-22
-44,17,-69
-62,71,-27
-88,20,-49
-93,30,-39
-51,1,-67
-56,23,-50
-74,28,-45
-53,30,-69
-73,23,-72
-102,32,-83
-51,93,-88
-48,36,-62
-48,-5,-82
-35,42,-112
-39,28,-84
-76,24,-93
-46,19,-95
-67,17,-98
-98,14,-124
-48,40,-121
-86,52,-97
-76,40,-81
-37,27,-88
-86,-18,-49
-45,7,-83
-63,14,-72
-69,-6,-62
-76,8,-76
-77,35,-100
-54,21,-92
-53,18,-98
-25,23,-56
-64,3,-102
-48,47,-111
-33,52,-83
-38,-2,-90
-86,-17,-67
-96,-24,-64
-78,9,-55
-54,4,-98
-84,-15,-94
-73,10,-99
-53,4,-106
-63,10,-124
-28,-4,-104
-60,14,-126
-50,29,-148
-43,13,-139
-88,40,-160
-56,21,-156
-62,5,-169
-91,27,-176
-39,26,-187
-57,23,-188
-62,39,-167
-102,9,-190
-65,21,-228
-96,28,-238
-60,21,-214
-55,-10,-218
-22,49,-214
-40,61,-209
-66,1,-233
-92,25,-247
-83,26,-242
-59,37,-254
-72,40,-238
-95,32,-260
-80,1,-256
-23,32,-253
-50,-2,-256
-38,-2,-252
-41,9,-268
-86,52,-235
-17,18,-228
-45,61,-249
-39,41,-215
-69,30,-193
-48,30,-245
-69,23,-231
-81,0,-195
-53,13,-214
-28,9,-238
-65,9,-218
-64,37,-211
-39,33,-237
-50,7,-237
-80,-1,-222
-107,4,-237
-17,18,-287
-64,23,-285
-58,-24,-287
-56,5,-310
-50,29,-319
-29,-16,-315
-39,-4,-263
-11,31,-289
-64,17,-285
-74,46,-308
-31,20,-317
-72,14,-291
-81,48,-348
-41,33,-273
-69,-6,-294
-74,-8,-245
-57,4,-268
-77,20,-253
-83,35,-256
-62,2,-270
-107,18,-261
-67,7,-244
-48,9,-207
-78,17,-212
-59,47,-173
-64,26,-226
-49,-4,-197
-59,3,-207
-60,7,-200
-59,35,-172
-51,24,-175
-36,1,-185
-55,49,-182
-59,48,-172
-75,22,-141
-52,33,-159
-64,-11,-132
-40,33,-141
-56,32,-195
-62,19,-164
-65,50,-180
-50,0,-177
-94,18,-180
-53,13,-144
-48,60,-166
-29,6,-202
-9,-8,-191
-60,39,-157
-73,21,-199
-81,41,-219
-69,25,-246
-70,33,-228
-42,40,-215
-19,24,-209
-64,20,-247
-31,35,-255
-82,18,-259
-85,-19,-234
-62,4,-270
-44,12,-301
-42,16,-265
-65,35,-272
-51,23,-292
-76,13,-328
-55,6,-307
-58,30,-318
-76,25,-275
-57,21,-283
-68,-1,-298
-71,4,-272
-90,41,-235
-78,0,-241
-62,19,-219
-60,28,-224
-56,10,-208
-35,21,-242
-43,19,-219
-52,23,-224
-56,-20,-228
-20,11,-200
-32,17,-201
-27,-2,-240
-60,11,-239
-61,11,-252
-48,9,-215
-77,16,-182
-57,26,-209
-60,-27,-247
-87,21,-219
-65,20,-223
-77,26,-207
-48,47,-240
-38,37,-204
-60,18,-256
-69,49,-219
-49,2,-269
-102,20,-262
-46,22,-267
-49,-3,-243
-31,35,-261
-55,48,-292
-57,35,-269
-63,29,-296
-53,6,-297
-43,30,-276
-67,52,-330
-11,26,-303
-34,7,-264
-33,32,-292
-70,52,-353
-76,52,-334
-112,34,-325
-72,1,-318
-54,40,-325
-58,-5,-319
-69,32,-315
-48,6,-327
-45,34,-347
-45,4,-346
-68,42,-349
-20,28,-360
-17,35,-373
-48,38,-384
-44,1,-334
-48,33,-360
-38,20,-327
-59,23,-295
-74,35,-384
-67,12,-344
-50,15,-351
-48,-1,-375
-81,37,-394
-52,59,-385
-70,25,-396
-50,35,-403
-59,40,-371
-56,14,-410
-66,35,-404
-24,26,-429
-49,4,-404
-34,2,-356
-15,-13,-387
-25,-10,-348
-74,10,-418
-93,47,-449
-62,-5,-446
-34,9,-426
-27,48,-453
-79,53,-469
-76,27,-446
-55,49,-472
-45,37,-501
-74,38,-503
-61,39,-487
-59,30,-473
-74,12,-488
-38,0,-486
-96,8,-484
-60,29,-530
-62,3,-555
-55,38,-570
-64,23,-551
-53,28,-583
-76,50,-578
-79,43,-610
-34,25,-647
-31,33,-608
-31,12,-614
-57,31,-616
-20,3,-647
-67,26,-631
-67,25,-655
-39,7,-647
-27,32,-706
-98,10,-722
-69,34,-661
-39,31,-670
-83,26,-694
-66,33,-694
-61,5,-682
-68,16,-702
-67,12,-739
-65,63,-673
-56,3,-734
-18,-15,-747
-57,41,-729
-83,19,-720
-52,11,-756
-46,-9,-765
-45,18,-806
-95,35,-828
-69,0,-844
-88,-1,-867
-36,11,-834
-55,29,-830
-50,28,-832
-66,24,-761
-51,32,-748
-74,39,-770
-29,-3,-737
-50,18,-777
-24,-12,-740
-92,18,-720
-39,-8,-744
-70,26,-683
-52,40,-735
-48,42,-743
-61,34,-754
-69,2,-812
-50,41,-772
-55,35,-815
-83,-15,-826
-45,45,-872
-52,9,-886
-60,19,-864
-24,23,-919
-61,15,-932
-45,3,-979
-38,-2,-967
-55,8,-989
-28,-10,-1003
-48,1,-1043
-90,-16,-1062
-60,18,-1054
-38,37,-1118
-50,8,-1145
-46,6,-1150
-78,3,-1166
-48,-20,-1204
-63,-48,-1214
-46,9,-1227
-56,-8,-1268
-30,23,-1288
-45,20,-1307
-57,22,-1337
-55,-3,-1368
-25,30,-1353
-38,11,-1341
-23,4,-1332
-62,24,-1328
-41,-9,-1389
-60,34,-1343
-75,-6,-1396
-19,-11,-1441
-34,28,-1412
-53,5,-1418
-7,18,-1402
-62,12,-1393
-36,4,-1395
-45,17,-1403
-31,42,-1377
-26,28,-1407
-42,-3,-1414
-52,34,-1457
-32,27,-1456
-34,29,-1487
-61,3,-1532
-30,26,-1526
7,22,-1547
16,43,-1522
-41,23,-1501
-56,36,-1526
-45,12,-1549
-15,32,-1568
-65,18,-1574
-35,5,-1523
-19,29,-1493
-29,18,-1514
-39,16,-1496
-46,25,-1529
0,28,-1507
-51,42,-1496
-55,33,-1509
-53,14,-1484
-15,-5,-1483
-51,33,-1468
-56,6,-1483
-45,23,-1412
-17,21,-1408
-23,0,-1463
-60,-1,-1433
-113,22,-1400
-54,-2,-1429
-57,25,-1421
-76,27,-1423
-58,16,-1418
-60,61,-1449
-54,13,-1524
-45,39,-1521
-44,-22,-1533
-74,20,-1580
-40,33,-1563
-95,3,-1585
-65,14,-1624
-34,-17,-1654
-62,18,-1694
-70,6,-1681
-84,7,-1680
-79,33,-1630
-27,0,-1649
-75,29,-1728
-22,-3,-1748
-32,-15,-1712
-31,9,-1772
-90,-8,-1784
-52,10,-1774
-47,-7,-1784
-5,29,-1793
-31,7,-1818
-57,-6,-1818
-36,-1,-1799
-55,5,-1820
-50,-1,-1849
-57,-10,-1869
-88,-16,-1896
-64,-4,-1900
-58,18,-1880
-74,20,-1882
-28,-23,-1910
-36,9,-1891
-41,21,-1935
-36,28,-1869
-68,32,-1917
-14,28,-1910
-48,9,-1953
-65,16,-1928
-45,9,-1973
-55,-17,-1995
-58,-22,-1939
-34,38,-1966
-15,14,-1963
-54,4,-1941
-40,26,-1992
-60,29,-2003
-34,37,-1987
-33,37,-2023
-65,2,-2022
-66,41,-2030
-34,21,-2021
-26,-4,-2016
-45,12,-2031
-40,21,-2034
-38,-5,-2020
-88,-14,-2035
-76,0,-2046
-38,-1,-2029
-48,27,-2083
-74,26,-2079
-37,-8,-2116
-48,-27,-2177
-46,22,-2207
-89,22,-2257
-27,27,-2245
-54,-3,-2241
-28,33,-2308
-40,-3,-2310
-61,-6,-2321
-53,2,-2273
-72,29,-2280
-16,3,-2282
-33,-2,-2216
-17,28,-2217
-48,18,-2284
-42,-17,-2350
-70,44,-2348
-57,42,-2373
-59,26,-2360
-50,20,-2371
-40,4,-2368
-23,14,-2330
-53,33,-2343
-54,2,-2390
-28,3,-2390
-20,-15,-2365
-80,0,-2406
-48,26,-2449
-38,2,-2428
2,7,-2479
-55,26,-2493
-53,-10,-2500
-59,-3,-2485
4,-27,-2494
-61,18,-2497
-86,10,-2477
-50,-2,-2423
-64,18,-2421
-98,9,-2471
-57,-2,-2456
-41,8,-2429
-29,31,-2472
-49,33,-2495
-93,18,-2485
-50,14,-2495
-76,29,-2559
-49,11,-2554
-83,14,-2530
-59,40,-2540
-79,9,-2507
-80,26,-2525
-57,4,-2529
-22,20,-2511
-62,-32,-2509
-40,-3,-2475
-21,16,-2442
-23,18,-2506
-29,14,-2498
-65,11,-2511
-42,-5,-2519
-77,-5,-2548
-43,15,-2513
-81,7,-2629
-51,48,-2700
-74,11,-2696
-57,22,-2734
-52,-19,-2774
-60,0,-2826
-59,4,-2803
-64,14,-2877
-38,-3,-2916
-42,-3,-2918
-32,-15,-3015
-34,4,-2996
-33,-21,-3041
-71,-12,-3021
-76,-14,-3057
-36,48,-3111
-26,27,-3098
-50,32,-3125
-69,7,-3096
-47,40,-3136
-33,9,-3118
-72,-17,-3166
-78,21,-3201
-57,-4,-3198
-57,-17,-3228
-28,23,-3234
-43,33,-3314
-55,16,-3339
-83,-14,-3347
-35,20,-3417
-50,35,-3493
-38,39,-3529
-57,16,-3550
-86,27,-3598
-88,39,-3657
-45,23,-3702
-57,37,-3767
-72,9,-3791
-30,-12,-3811
-49,23,-3846
-80,4,-3856
-88,-54,-3880
-38,21,-3906
-60,18,-3915
7,-19,-3965
-36,-16,-3967
-88,18,-4036
-49,8,-4069
-79,9,-4093
-47,-10,-4054
-34,20,-4080
-52,21,-4050
-49,19,-4089
-12,18,-4163
-3,27,-4113
-38,-25,-4162
-31,7,-4173
-52,11,-4238
-62,28,-4167
-29,4,-4155
-9,-12,-4092
-78,-6,-4135
-72,-10,-4142
-25,-20,-4140
-55,-1,-4112
-35,18,-4105
-10,28,-4152
-23,-3,-4157
-24,20,-4154
-30,-11,-4143
-34,-24,-4167
-15,13,-4205
-32,38,-4194
-38,27,-4229
-45,27,-4284
-34,37,-4420
-83,43,-4449
-40,45,-4474
-50,16,-4428
-50,20,-4477
-18,16,-4476
-40,23,-4440
-53,39,-4483
-37,28,-4522
-60,18,-4615
-21,7,-4650
-27,26,-4697
-47,10,-4760
-37,-4,-4797
-67,-8,-4851
-33,-20,-4934
-68,-31,-5012
-87,21,-5236
-105,1,-5797
-90,-31,-6111
-45,-19,-6165
14,-60,-6002
-10,-50,-5894
-16,-19,-5753
2,-18,-5824
-59,-3,-5850
-7,-17,-5994
-33,-9,-6070
-65,7,-6274
-37,4,-6352
-62,2,-6519
-39,-42,-6575
-60,-23,-6730
-74,-21,-6732
28,-31,-6881
-43,-42,-6975
-12,-5,-7006
-37,-57,-7091
-12,-11,-7150
-34,-4,-7151
-34,-65,-7186
-12,-52,-7217
-3,-16,-7263
4,-19,-7305
-31,-47,-7328
-15,-38,-7549
-47,-17,-7819
-36,-41,-7952
2,-65,-8190
38,-65,-8303
41,-57,-8495
53,-67,-8584
2,-41,-8659
27,6,-8738
-11,19,-8897
16,-42,-9002
37,-53,-9047
1,-72,-9085
7,-47,-9154
16,-15,-9135
22,-21,-9097
37,-75,-9102
9,-70,-9083
-10,-56,-9064
12,-86,-8959
66,-64,-8996
8,-67,-8950
0,-70,-8872
19,-31,-8818
11,-35,-8742
30,-53,-8749
-15,6,-8613
-25,-64,-8560
-48,-10,-8501
7,-10,-8413
-21,0,-8352
-57,-5,-8264
-16,8,-8136
-39,-19,-8041
-41,-32,-8004
-55,-36,-7942
-28,-11,-7872
-3,7,-7793
-47,-36,-7731
-17,-36,-7705
-24,-17,-7591
-60,17,-7539
-32,-24,-7591
5,-45,-7582
-21,-5,-7432
-37,-24,-7402
10,7,-7418
-48,-3,-7402
-41,-38,-7304
-31,0,-7272
-48,12,-7250
-17,-4,-7176
-49,0,-7078
-57,-22,-7010
29,-18,-6857
-27,2,-6814
-17,-12,-6750
-53,10,-6684
-60,-15,-6621
-24,-3,-6585
-29,-7,-6509
-17,-45,-6449
-19,-17,-6369
-36,-8,-6367
-30,-40,-6279
-30,6,-6233
-36,18,-6248
-2,-24,-6220
-27,-17,-6179
-8,-25,-6177
-24,-7,-6161
6,-19,-6157
-15,14,-6170
3,-15,-6232
-17,-27,-6175
-32,-11,-6109
-12,-2,-6208
-38,-65,-6267
-27,-28,-6305
2,-41,-6282
-17,-60,-6260
7,-45,-6255
16,-10,-6131
-28,-26,-6082
2,-13,-6120
-31,-5,-6115
5,-24,-6277
-71,-48,-6370
-24,0,-6480
-12,3,-6518
-28,-21,-6518
-8,-28,-6544
25,-38,-6548
-50,-16,-6463
6,-42,-6483
-10,-19,-6411
-3,-7,-6443
-23,0,-6406
-6,-13,-6489
-3,-28,-6478
-27,-37,-6478
-19,-17,-6483
-43,-7,-6405
-14,-5,-6433
-18,-24,-6428
-14,-8,-6421
-19,-24,-6332
11,-19,-6360
21,-13,-6342
1,-8,-6331
29,-53,-6327
-10,-18,-6369
24,-22,-6398
-30,-14,-6437
-15,-31,-6476
-8,10,-6458
-1,-45,-6504
4,-17,-6578
-39,3,-6578
11,-44,-6662
29,-38,-6738
9,-35,-6885
4,-40,-6948
1,-23,-6971
-12,-6,-7031
-37,-17,-7056
-36,-29,-7132
-5,-36,-7196
-58,-29,-7251
-32,-33,-7340
20,-62,-7447
-27,-48,-7522
-19,-41,-7569
-5,-15,-7565
-20,-25,-7624
-29,-18,-7640
-2,-27,-7683
-15,-28,-7774
-4,-65,-7817
48,-64,-7861
16,-41,-7925
7,-47,-7971
30,-25,-8002
14,-31,-8015
12,-17,-8025
-43,-22,-7979
-47,-90,-7870
11,-86,-7790
36,-48,-7771
-43,-62,-7773
-5,-30,-7647
-31,-63,-7605
-22,0,-7479
21,-32,-7494
-9,-3,-7395
1,-64,-7411
18,-26,-7354
3,14,-7250
-53,7,-7179
-79,-15,-7200
-43,-15,-7144
-11,-36,-7196
9,-38,-7198
-10,-20,-7232
22,-19,-7317
-39,-44,-7352
-19,-49,-7448
-18,-48,-7534
12,2,-7519
-10,0,-7592
-49,-8,-7650
-40,-50,-7673
-48,-43,-7703
-26,-43,-7654
-5,-41,-7621
-23,-30,-7622
0,-47,-7633
-2,-20,-7624
-30,-23,-7580
9,-30,-7558
1,-29,-7570
-28,-17,-7544
-60,-17,-7497
-20,-39,-7486
-37,-34,-7459
-31,-41,-7497
2,-48,-7428
0,-10,-7421
-51,-31,-7415
-22,14,-7456
-41,-86,-7488
-19,-18,-7430
-35,-17,-7465
5,-19,-7436
-34,-33,-7394
2,-14,-7437
3,-7,-7370
7,-44,-7331
-13,-35,-7323
13,-26,-7333
7,7,-7382
2,-25,-7357
16,-10,-7331
-5,-22,-7364
2,-43,-7358
14,-6,-7413
-12,-20,-7411
14,-27,-7481
-35,-48,-7551
17,-27,-7577
4,-14,-7584
54,-27,-7635
23,-5,-7686
33,-33,-7658
-19,-60,-7693
-76,0,-7689
35,2,-7627
-27,-90,-7636
-46,-48,-7613
-17,-9,-7578
2,-35,-7506
-42,-34,-7439
-36,-21,-7372
-41,-27,-7213
-32,-50,-7170
-64,-8,-7118
-25,-15,-7075
-31,-66,-6972
-34,-7,-6883
-38,-17,-6774
-64,-34,-6667
-55,0,-6615
-37,17,-6457
-30,-3,-6390
-81,-22,-6315
-62,4,-6222
-23,-25,-6224
-38,-27,-6146
-38,10,-6124
-9,-11,-6125
-43,-63,-6111
-43,-31,-6005
-34,-13,-5993
-15,2,-5973
-15,7,-5948
-19,-5,-5818
-17,-14,-5778
-65,-17,-5720
-31,-24,-5680
-52,12,-5569
-45,-33,-5520
-50,-9,-5512
-60,-3,-5469
-47,-54,-5453
-37,-4,-5405
-39,-23,-5408
-12,-24,-5386
-50,11,-5393
-57,-23,-5371
-72,-34,-5347
-13,-38,-5334
-41,-15,-5261
-26,-12,-5227
-24,-7,-5161
-50,-23,-5173
-87,-9,-5085
-10,6,-5065
-37,-12,-5033
-76,-13,-5036
-41,9,-5043
-67,-40,-5186
-25,-24,-5240
-19,-26,-5322
6,-26,-5354
-31,-10,-5372
-3,-10,-5455
-48,-17,-5443
-41,-4,-5483
-43,20,-5488
-28,-9,-5524
-25,-18,-5526
-90,-11,-5529
-36,9,-5528
-39,25,-5546
-70,11,-5535
-37,-19,-5482
-105,7,-5452
-64,-4,-5497
-84,-3,-5511
-29,-8,-5500
-15,2,-5503
-39,-32,-5522
-77,-20,-5528
-20,28,-5601
-45,-4,-5672
-81,-26,-5716
-66,11,-5772
-46,-5,-5777
-69,23,-5794
-81,-3,-5869
-64,23,-5862
-55,-5,-5855
-66,-10,-5829
-57,5,-5770
-68,-31,-5808
-67,-29,-5730
-84,6,-5719
-45,6,-5698
-40,-41,-5763
-54,-18,-5749
-53,-41,-5756
-39,2,-5699
-62,35,-5645
-65,8,-5651
-97,3,-5654
-43,17,-5602
-66,-12,-5582
-69,9,-5540
-49,-43,-5443
-98,19,-5435
-55,9,-5358
-62,-21,-5341
-65,7,-5287
-62,-11,-5253
-31,-5,-5176
-72,7,-5137
-74,47,-5170
-63,-10,-5152
-47,-4,-5200
-69,0,-5252
-50,-6,-5251
-76,18,-5301
-59,-7,-5341
-79,-27,-5411
-44,-5,-5421
-58,10,-5459
-48,-5,-5529
-39,0,-5526
-85,-3,-5578
-64,1,-5599
-51,-2,-5614
-21,-24,-5650
-9,20,-5668
-59,-25,-5673
-78,-35,-5750
-64,0,-5706
-17,-8,-5654
-33,2,-5552
-41,17,-5556
-65,6,-5540
-38,33,-5529
-42,-4,-5498
-43,11,-5444
-28,7,-5457
-10,14,-5428
-29,39,-5382
-28,23,-5365
-49,4,-5319
-54,-7,-5278
-42,16,-5277
-34,-4,-5209
-68,18,-5224
-33,9,-5141
-64,12,-5085
-39,22,-5033
-49,11,-5010
-27,42,-4986
-29,13,-4979
-22,-3,-4961
-23,-59,-4982
6,-27,-5026
-21,-22,-4986
-16,-36,-5100
-36,-11,-5137
-23,-50,-5123
-22,-26,-5182
-51,7,-5192
-45,14,-5171
-4,1,-5204
-15,5,-5257
-60,29,-5260
-14,-17,-5289
-34,-28,-5251
-12,38,-5331
-45,-11,-5363
-32,-33,-5355
-35,-13,-5374
-79,-13,-5351
-106,22,-5325
-45,23,-5327
-54,20,-5320
-79,11,-5251
-55,40,-5164
-78,11,-5117
-70,24,-5034
-36,37,-4943
-28,26,-4880
-58,-9,-4841
-59,19,-4763
-90,-10,-4629
-38,37,-4576
-81,-4,-4472
-53,4,-4458
-64,-8,-4365
-19,31,-4330
-41,-15,-4313
-50,11,-4337
-43,-8,-4257
-16,-27,-4242
-36,8,-4221
-54,16,-4200
-34,-5,-4169
-17,4,-4137
-20,40,-4133
-47,-43,-4105
-57,-17,-4124
-17,-17,-4099
-10,-19,-4115
-12,-17,-4129
-50,20,-4163
-8,-12,-4141
-45,-4,-4105
-64,-19,-4169
-7,-24,-4173
-48,33,-4177
-19,18,-4262
-70,3,-4251
-12,-14,-4320
-10,-13,-4355
-23,16,-4358
-19,-15,-4390
-29,-17,-4422
-43,-34,-4485
-72,2,-4552
-4,7,-4560
-31,-44,-4645
-24,-3,-4717
-39,-12,-4770
-47,-22,-4815
-48,-7,-4867
-14,-5,-4907
-15,17,-5050
-19,17,-5109
-45,-37,-5153
-55,13,-5236
-54,-20,-5269
-31,-12,-5340
-29,7,-5421
-70,30,-5445
-43,-18,-5476
-87,21,-5528
-39,-18,-5500
-46,8,-5569
-79,14,-5592
-74,-12,-5592
-55,5,-5582
-45,29,-5569
-66,22,-5573
-92,-5,-5502
-45,4,-5493
-110,41,-5469
-55,11,-5370
-56,9,-5361
-72,36,-5364
-112,28,-5313
-59,-8,-5252
-48,-24,-5300
-83,9,-5261
-32,45,-5280
-72,-25,-5261
-12,21,-5270
-45,29,-5355
-78,-11,-5343
-52,-5,-5346
-55,-27,-5367
-24,7,-5385
-13,7,-5400
-70,1,-5397
-41,-3,-5396
-33,0,-5388
-28,-40,-5370
-37,-16,-5401
-22,-3,-5450
-12,-60,-5422
-10,-47,-5403
-29,-17,-5490
-74,-48,-5481
-86,-21,-5497
-69,17,-5579
-22,-10,-5609
-49,-31,-5650
-76,26,-5630
-75,-5,-5589
-85,2,-5616
-105,8,-5663
-17,-22,-5647
-37,35,-5630
-62,30,-5693
-114,50,-5723
-97,26,-5762
-126,4,-5753
-72,23,-5767
-107,25,-5846
-80,-16,-5880
-95,7,-5895
-127,28,-5940
-25,20,-5971
-42,3,-5997
-95,-3,-6067
-72,-12,-6067
-70,4,-6113
-65,19,-6192
-15,21,-6154
-31,-12,-6175
-85,11,-6205
-38,-38,-6214
-94,-17,-6206
-71,-2,-6233
-74,19,-6234
-95,-8,-6196
-34,5,-6181
-23,0,-6145
-90,24,-6118
-9,-35,-6035
35,22,-6009
-38,-3,-5889
-32,18,-5867
-37,7,-5825
-66,-8,-5743
-36,-28,-5685
-53,-3,-5637
-24,12,-5606
-27,-8,-5497
-53,-13,-5470
-20,-20,-5413
-55,-16,-5383
-69,0,-5334
-55,32,-5288
-97,-3,-5231
-41,9,-5197
-25,34,-5177
-89,-6,-5142
-16,15,-5141
-36,17,-5050
-44,13,-5024
-41,34,-5052
-44,4,-4980
-75,49,-4939
-115,59,-4865
-53,2,-4818
-38,21,-4766
-77,17,-4754
-48,50,-4729
-48,21,-4676
-58,6,-4565
-88,76,-4533
-93,59,-4489
-42,67,-4434
-285,96,-4339
-89,9,-4337
-78,16,-4322
-39,4,-4243
-49,9,-4273
-46,37,-4242
-72,18,-4156
-61,23,-4098
-68,28,-4035
-12,-6,-4012
-64,0,-3956
-48,-7,-3879
-76,63,-3842
-38,43,-3752
-56,28,-3676
-75,20,-3614
-22,-24,-3570
-90,4,-3499
-37,-1,-3362
-51,30,-3343
-103,35,-3231
-50,4,-3161
-86,31,-3092
-16,30,-3092
-77,29,-2996
-76,30,-2954
-54,49,-2838
-67,9,-2715
-41,33,-2682
-121,31,-2598
-89,64,-2481
-74,-6,-2500
-55,-3,-2426
-74,18,-2447
-8,-2,-2512
-9,-4,-2622
15,-8,-2643
-12,-13,-2603
-18,52,-2581
-48,21,-2539
-61,35,-2557
-90,4,-2602
-12,-7,-2651
-26,33,-2741
-63,-3,-2730
-60,37,-2906
64,23,-2945
-38,-15,-3018
14,3,-3084
-1,21,-3206
-51,7,-3302
-8,-12,-3253
-102,47,-3256
-13,-1,-3274
67,-10,-3285
40,2,-3383
64,-14,-3426
3,-23,-3430
-29,42,-3456
-2,-8,-3544
-6,-1,-3667
-52,40,-3737
14,25,-3889
-189,140,-3983
31,-38,-4272
40,5,-4425
32,-31,-4534
0,-21,-4600
45,9,-4761
7,-8,-4851
-22,36,-4943
23,5,-4998
25,-22,-5031
-10,3,-5098
-5,-11,-5225
19,-26,-5301
-8,-6,-5410
30,14,-5440
4,-31,-5532
11,-30,-5562
-3,20,-5622
-7,28,-5660
26,-15,-5710
-22,11,-5746
-6,-8,-5752
-14,0,-5796
4,-5,-5779
-2,25,-5722
-29,27,-5635
30,21,-5668
-19,11,-5699
-5,21,-5634
19,21,-5554
13,-17,-5452
-16,4,-5342
-3,23,-5320
-26,-19,-5180
-41,-13,-5117
-4,-34,-5059
23,-19,-4969
1,8,-4906
0,30,-4872
-16,4,-4913
-10,-19,-4933
-9,14,-4908
43,-9,-4905
30,11,-4974
0,23,-5033
-13,-15,-5109
-27,11,-5173
-31,-2,-5282
10,-19,-5351
-19,67,-5479
-19,7,-5573
-55,-20,-5694
-7,39,-5804
-38,-23,-6028
-54,26,-6209
-43,12,-6387
-24,45,-6655
-7,4,-6734
-29,-8,-7004
15,-7,-7102
-13,16,-7274
19,2,-7352
-21,68,-7472
-8,-8,-7589
-1,-3,-7709
11,5,-7700
-12,8,-7778
-19,-5,-7764
43,-5,-7762
-38,10,-7733
-38,-1,-7665
-43,17,-7651
18,-32,-7576
47,-5,-7556
-11,-27,-7447
-21,15,-7374
2,-17,-7231
13,-11,-7147
14,-6,-6976
20,-21,-6844
21,-2,-6677
-31,4,-6551
1,-22,-6464
0,-36,-6346
26,11,-6206
2,-15,-6175
-38,-19,-6142
45,5,-6135
35,9,-6198
-15,14,-6204
-45,23,-6303
-1,-13,-6345
50,4,-6400
-12,-50,-6436
34,-3,-6452
-25,-17,-6433
-49,-34,-6543
11,-29,-6531
-4,-25,-6623
-17,-12,-6615
-2,10,-6688
-36,-3,-6772
10,-12,-6822
10,-39,-6987
16,-34,-7070
8,-12,-7184
48,-72,-7293
-10,-19,-7546
26,-46,-7676
50,-19,-7880
48,-11,-7961
72,-32,-8119
59,-34,-8175
45,-36,-8271
9,-34,-8427
11,-8,-8479
-35,28,-8526
-43,63,-8641
-42,33,-8901
11,24,-9124
28,-47,-9438
2,7,-9536
5,-11,-9589
-12,-36,-9481
30,-13,-9206
37,39,-9047
-48,9,-8816
-57,4,-8674
24,6,-8453
-15,-9,-8310
-29,1,-8194
-22,-3,-8015
15,28,-7802
1,16,-7660
-12,-10,-7491
-3,-19,-7426
21,-24,-7333
-40,-34,-7206
-14,10,-7039
33,23,-7025
-25,-19,-6893
-41,-1,-6843
-52,-26,-6736
-10,5,-6681
-22,11,-6714
-45,3,-6698
-84,-7,-6642
-53,19,-6642
-43,-19,-6564
-2,-8,-6583
-52,-13,-6598
-14,-25,-6604
-45,-9,-6602
-66,-11,-6567
-69,-2,-6576
-37,11,-6569
-109,-24,-6557
-45,-8,-6642
-26,-7,-6665
-60,17,-6753
-30,47,-6839
-45,-15,-6852
-48,-31,-6914
-72,9,-6939
-47,-10,-7030
-81,-29,-7019
-19,-19,-7103
-3,4,-7198
-45,-8,-7210
-79,-12,-7208
-24,23,-7211
-24,-8,-7220
-38,-5,-7210
-26,-9,-7255
-60,12,-7243
-16,-14,-7238
-51,-20,-7206
-50,-10,-7275
-31,-4,-7262
-55,-20,-7288
-44,-29,-7242
-58,-31,-7245
-32,-15,-7209
-13,-15,-7227
-23,-17,-7232
-74,-19,-7241
-40,-38,-7250
-17,18,-7240
-43,3,-7238
-31,-56,-7167
7,-47,-7164
-82,2,-7155
-36,0,-7098
-27,-8,-7041
-4,-17,-7006
-56,-12,-6921
-49,-5,-6902
-10,2,-6840
-2,9,-6817
-36,9,-6746
-14,-15,-6687
-5,3,-6609
-16,-5,-6608
-10,0,-6407
-33,4,-6367
-41,-3,-6369
-33,33,-6323
-42,30,-6288
-40,12,-6184
-17,0,-6174
-15,18,-6142
-3,14,-6132
-3,-6,-6116
-36,2,-6113
-50,35,-6158
-25,-27,-6141
-30,1,-6144
-19,-8,-6173
7,-38,-6110
-13,-16,-6116
-38,11,-6123
-47,39,-6155
-1,-5,-6137
12,-3,-6159
6,4,-6151
25,-47,-6201
47,-27,-6158
2,7,-6109
-36,-10,-6030
16,-42,-6016
-27,-41,-5986
30,37,-6055
16,-27,-5999
7,-8,-5936
-3,-15,-5851
-18,-17,-5851
-31,10,-5798
-45,-17,-5825
4,9,-5799
-5,-21,-5777
-17,-3,-5817
-28,0,-5720
-22,-8,-5725
2,5,-5596
14,-2,-5569
-36,26,-5538
-15,8,-5568
-19,1,-5493
13,3,-5474
-13,-22,-5467
-23,9,-5417
-8,1,-5375
-19,16,-5343
-2,17,-5363
-42,-7,-5350
-12,28,-5315
-45,3,-5246
-10,-5,-5276
-11,-11,-5230
-22,-4,-5192
-22,9,-5184
-14,-15,-5088
-12,-58,-5048
11,-30,-5225
9,25,-5325
-3,-4,-5363
-37,-13,-5357
-38,-12,-5318
-41,10,-5347
-3,18,-5320
-31,-22,-5339
-39,-10,-5412
-26,18,-5420
12,-34,-5474
-41,-13,-5470
-31,-8,-5462
-39,3,-5515
-74,-19,-5479
4,-13,-5457
-55,-62,-5490
-69,16,-5480
-66,-26,-5514
-51,-1,-5490
-8,13,-5444
-5,-7,-5441
-16,-3,-5410
-11,-11,-5412
-37,1,-5464
-45,11,-5583
-8,-28,-5640
-50,-36,-5738
33,-37,-5824
-5,14,-5829
31,7,-5865
-42,-1,-6014
-18,21,-6046
-12,-21,-6104
-2,-19,-6206
47,-45,-6250
-30,-2,-6271
-39,-43,-6331
35,4,-6320
27,-41,-6215
-35,-22,-6201
-67,9,-6203
5,21,-6270
16,-43,-6189
63,-44,-6253
12,-17,-6201
16,-13,-6216
-63,-5,-6323
18,-6,-6390
80,-60,-6255
-19,8,-6160
-86,14,-6179
-45,18,-6172
-8,-33,-6124
-29,-15,-6111
-37,-2,-6158
4,-55,-6127
-95,34,-6103
-39,36,-6128
-14,-29,-6107
-33,-21,-6005
-88,-10,-6071
-51,48,-6109
-12,-29,-6147
-10,-40,-6208
15,-5,-6181
-43,-12,-6221
-29,-2,-6277
9,-30,-6330
14,-37,-6351
2,-34,-6432
-7,-3,-6440
47,7,-6399
12,-26,-6391
-6,-26,-6449
-23,-19,-6507
-4,-31,-6465
14,-34,-6453
16,26,-6473
-9,-14,-6521
-14,-33,-6552
44,1,-6601
32,-8,-6605
20,-17,-6615
30,-39,-6589
-2,-27,-6640
-15,4,-6665
24,-33,-6686
-23,9,-6649
-20,-15,-6708
-12,-70,-6565
54,-87,-6413
39,29,-6376
161,-36,-6364
-154,45,-6526
-45,-9,-6630
63,-54,-6498
-165,6,-6470
38,-56,-6244
-45,50,-6236
93,-27,-6026
-24,26,-5895
-103,4,-5909
-57,2,-5910
-38,-29,-5779
26,-39,-5734
-5,-14,-5559
-42,-31,-5460
-15,-54,-5308
-4,-29,-5280
-100,-3,-5332
24,-10,-5317
-27,39,-5327
-24,-17,-5332
-20,-19,-5296
-53,1,-5327
-52,-33,-5343
-17,-20,-5304
-25,45,-5353
6,-12,-5326
-10,-10,-5355
-27,-21,-5293
-29,-26,-5294
0,-5,-5307
-19,-37,-5322
-15,-40,-5318
-3,-17,-5357
36,4,-5327
-57,-50,-5367
-35,9,-5392
-22,-17,-5393
-14,-48,-5345
-45,-56,-5342
3,-36,-5358
-25,-57,-5333
-60,-34,-5371
-26,5,-5353
-24,-48,-5339
-52,-17,-5388
-72,-18,-5407
-72,-14,-5432
-64,-34,-5407
-43,-12,-5419
-50,-19,-5409
-41,3,-5417
-35,-6,-5325
-69,29,-5289
-15,-30,-5259
-36,-53,-5190
-37,-5,-5146
-67,-5,-5128
3,-31,-5069
-16,-24,-5025
7,-15,-4901
-52,11,-4928
-25,-19,-4931
-79,-27,-4773
-41,-5,-4802
9,-2,-4851
-43,-41,-4780
-32,41,-4806
-61,4,-4832
-70,6,-4815
-29,-53,-4773
-64,16,-4688
-24,26,-4733
4,-8,-4705
-22,-24,-4759
-16,-19,-4761
-53,14,-4783
-27,8,-4784
-1,6,-4829
-13,4,-4874
-34,8,-4879
-12,0,-4912
11,-16,-4922
9,-48,-4865
-32,-6,-4865
-34,-50,-4849
-25,-26,-4813
-15,0,-4777
5,-31,-4752
-43,-11,-4740
-18,9,-4691
-6,-36,-4702
-56,-2,-4797
11,9,-4969
-6,-48,-4998
-3,-22,-5093
-36,-53,-5246
31,-27,-5273
5,12,-5309
12,-22,-5299
33,7,-5296
5,-15,-5349
-38,-19,-5351
2,-3,-5304
-42,21,-5202
-61,47,-5112
-95,35,-5104
-29,29,-5188
-41,9,-5403
-19,-22,-5542
28,-38,-5614
27,-3,-5592
11,-20,-5562
-14,25,-5452
-17,23,-5401
-70,11,-5434
-34,-21,-5431
-67,-13,-5438
-6,-6,-5351
-30,-20,-5213
-55,17,-5150
-55,30,-4993
-63,40,-4951
-30,8,-4914
33,-7,-4848
-35,-7,-4775
-25,11,-4694
-40,-8,-4616
-53,3,-4494
-32,14,-4362
-64,25,-4250
-19,9,-4138
-57,-3,-3947
-59,-27,-3894
-73,-12,-3776
-87,38,-3645
-92,40,-3546
-83,16,-3520
-67,48,-3480
-65,2,-3504
-67,16,-3544
-30,37,-3622
-13,53,-3727
-38,25,-3742
-36,0,-3810
-55,7,-3804
-59,36,-3802
-79,36,-3813
-49,-16,-3762
-57,-24,-3750
-49,5,-3681
-41,-8,-3650
-84,-1,-3559
-39,3,-3457
-36,11,-3383
-57,-36,-3264
-35,20,-3167
-55,-19,-3077
-76,-13,-3039
-48,-29,-2936
-33,5,-2803
9,-11,-2822
-43,-3,-2761
-54,35,-2717
-15,-24,-2705
-29,-31,-2665
-55,-27,-2628
-31,-3,-2660
15,-13,-2719
-50,33,-2750
-9,4,-2762
-12,49,-2759
-22,12,-2822
-29,29,-2910
-22,11,-2955
1,-7,-3048
-19,0,-3096
-22,43,-3171
-12,-4,-3241
-10,33,-3347
-52,6,-3426
-62,-4,-3572
-71,28,-3579
-39,54,-3733
-74,28,-3728
-45,27,-3838
-34,7,-3863
-15,26,-3925
-48,21,-4001
-26,20,-4031
-24,42,-4100
-53,12,-4119
-55,18,-4148
-19,13,-4157
-38,25,-4189
-41,0,-4245
-17,-7,-4291
-12,0,-4422
-24,11,-4448
1,27,-4545
-56,10,-4556
-45,22,-4542
-34,-12,-4517
-32,2,-4482
4,-35,-4452
-41,-26,-4453
-16,-23,-4440
-29,3,-4365
-43,11,-4351
-43,-6,-4288
-56,-20,-4255
-43,-5,-4209
-43,21,-4210
-50,-7,-4223
-53,7,-4143
-86,10,-4126
-44,8,-4167
-98,2,-4244
-89,29,-4253
-67,53,-4278
-87,49,-4242
-78,16,-4251
-122,6,-4253
-34,-9,-4247
-77,22,-4252
-44,17,-4318
-86,44,-4337
-48,-10,-4361
-33,18,-4393
-32,29,-4519
-45,4,-4590
-76,-2,-4562
-43,7,-4584
-43,30,-4650
-62,-20,-4664
-17,-7,-4662
-55,4,-4642
-50,-34,-4554
-52,14,-4520
-55,26,-4436
-61,20,-4366
-60,-5,-4324
-29,14,-4347
-39,-33,-4302
-87,9,-4256
-74,-3,-4201
-43,-24,-4175
-74,-10,-4193
-36,-2,-4149
-71,-8,-4075
7,-16,-4099
-20,-12,-4032
-30,-22,-3968
-51,-15,-3919
-45,13,-3962
-27,-4,-3942
-36,15,-3974
-45,-5,-4053
-46,8,-4078
-31,15,-4088
-17,-17,-4117
9,0,-4060
-2,2,-4043
-24,63,-4056
-6,7,-4039
-29,-29,-4001
-36,-7,-3958
-76,-6,-3898
-58,-19,-3901
-38,8,-3823
-26,-13,-3823
-32,24,-3783
-29,-3,-3807
-41,-10,-3793
-57,-47,-3806
-24,0,-3848
-72,30,-3888
-84,8,-3922
-62,-1,-4043
-55,38,-4102
-42,38,-4182
-47,28,-4144
-45,60,-4210
-29,-7,-4216
-62,-12,-4304
-62,21,-4308
-50,64,-4280
-60,22,-4266
-70,11,-4282
-94,3,-4285
-38,21,-4296
-64,15,-4362
-41,-14,-4432
-41,5,-4479
-44,-5,-4497
-71,-21,-4631
-48,13,-4662
-19,12,-4785
-27,2,-4863
-50,12,-4953
-12,1,-5011
-34,24,-5170
-25,-2,-5294
-38,30,-5431
-28,2,-5607
-69,-34,-5741
-34,-27,-5817
-24,-42,-5914
-22,-27,-6031
-38,-48,-6064
-29,-15,-6083
-36,-40,-6113
-8,-43,-6055
-19,-36,-6076
-41,2,-6078
-23,-27,-6093
4,-11,-6111
-36,-39,-6135
-29,7,-6196
-44,-37,-6188
-12,9,-6234
-34,-27,-6194
-6,-24,-6153
-24,2,-6138
-19,-42,-6096
15,-45,-6068
-41,-17,-6053
-52,9,-6056
-7,-10,-6109
-18,-35,-6050
-18,-38,-6054
-17,-12,-6012
-31,-3,-5995
-10,-32,-6011
-27,-11,-6012
-22,-68,-5993
20,-24,-6017
28,-30,-5991
9,-40,-5994
-3,-45,-5981
2,-72,-5915
10,-63,-5821
63,-34,-5746
90,-55,-5609
-42,-98,-5538
38,-76,-5353
29,-38,-5227
102,-51,-5048
21,-71,-4759
14,-35,-4621
35,-62,-4360
25,-48,-4194
32,-58,-4027
15,-27,-3872
9,-24,-3802
-10,-62,-3737
39,-62,-3669
4,-21,-3668
-5,-38,-3698
15,-72,-3634
13,-28,-3612
33,-79,-3700
-39,-60,-3692
-16,-43,-3818
-64,-43,-3816
-38,-17,-3846
-43,2,-3922
-1,-40,-4034
0,-47,-4053
6,-19,-4079
-34,-38,-4027
-1,-38,-4022
-5,-18,-3964
-47,-9,-3963
-63,-30,-3998
-5,6,-4073
-12,-37,-4112
-105,-40,-4193
-130,-7,-4473
-76,-16,-4635
-135,-44,-4857
-66,-23,-5025
-84,-18,-5094
-102,-22,-5109
-111,7,-5116
-84,26,-5095
-69,20,-5110
-114,17,-5123
-86,4,-5206
-57,-50,-5169
-49,-22,-5147
-79,9,-5112
-26,-16,-4986
-94,6,-4929
-117,6,-4827
-60,-1,-4775
-71,-8,-4677
-69,18,-4595
-97,-8,-4519
-60,9,-4489
-29,49,-4388
-36,22,-4362
-81,47,-4381
-42,26,-4422
-51,-2,-4478
-49,19,-4510
-48,33,-4538
-63,-5,-4613
-56,-2,-4654
-89,9,-4652
-65,-4,-4646
-81,-5,-4666
-69,2,-4697
-58,-6,-4783
-84,22,-4834
-67,24,-4882
-61,-2,-4865
-74,8,-4811
-41,1,-4832
-23,-5,-4773
5,-5,-4788
-20,18,-4780
-41,22,-4770
-91,3,-4772
-69,0,-4804
-72,-34,-4789
-81,4,-4780
-60,15,-4836
-45,-20,-4891
-44,0,-4919
-38,-1,-4986
-69,6,-5026
-51,-26,-5023
-28,19,-4964
-57,-8,-4934
-85,-43,-4872
-77,12,-4934
-53,-34,-4910
-45,-15,-4915
-43,-32,-4922
-62,0,-4870
-44,-2,-4811
-43,-23,-4672
-59,-2,-4616
-55,14,-4500
-13,3,-4451
-52,5,-4399
-51,0,-4301
-24,30,-4187
-47,16,-4126
-28,11,-3958
-19,-5,-3793
-29,16,-3695
-36,-20,-3507
-61,22,-3402
-37,-36,-3308
-22,36,-3248
-27,9,-3165
0,-17,-3153
13,-31,-3106
-34,16,-3062
5,20,-3087
26,-7,-3126
-29,-8,-3157
-23,7,-3188
11,-3,-3241
-24,-38,-3264
10,-3,-3276
-33,-1,-3288
-24,17,-3374
-53,-39,-3350
-3,18,-3352
-23,34,-3402
-30,49,-3392
-17,-8,-3410
-8,-5,-3405
-34,-5,-3411
-29,-17,-3392
-31,-3,-3347
18,-49,-3317
-48,13,-3307
-22,-28,-3314
0,-24,-3245
-14,-26,-3212
-9,7,-3194
-10,-11,-3187
-31,-15,-3120
-16,4,-3078
-33,8,-3091
-17,-27,-3037
-10,-8,-3027
-11,-29,-3010
-29,4,-2998
-24,-18,-2968
-21,-15,-2930
-7,-24,-2839
-33,-9,-2755
-53,-54,-2654
-25,-3,-2530
-11,-22,-2492
-59,-6,-2442
-60,-5,-2373
0,15,-2305
-55,-15,-2316
-5,-24,-2288
-12,-50,-2279
-45,-29,-2284
-25,-31,-2272
-15,-43,-2232
-61,7,-2237
-33,-29,-2263
-67,-18,-2213
-17,-34,-2250
-29,-64,-2219
-29,-19,-2210
-5,-32,-2173
-69,-38,-2179
-25,-17,-2189
-19,-51,-2139
-10,-22,-2135
-12,-11,-2143
-38,-34,-2130
-41,-43,-2136
-21,-10,-2119
-15,-5,-2151
-7,-8,-2118
-3,4,-2160
19,-17,-2123
-11,4,-2124
-15,-15,-2108
-5,-14,-2081
-34,-47,-2080
-47,-4,-2019
1,-78,-1973
-37,-64,-1962
-24,-37,-1890
-56,-36,-1893
6,-14,-1928
-88,-15,-1944
-39,13,-1960
-48,-21,-2028
23,12,-2025
-21,12,-2101
2,-10,-2123
-41,30,-2160
-43,25,-2181
-69,-2,-2209
-46,-4,-2246
-84,-20,-2338
-37,-13,-2384
-23,3,-2407
-42,-34,-2469
-41,-15,-2477
-30,-3,-2549
-75,20,-2554
-2,10,-2605
-13,0,-2580
-9,-32,-2575
-1,-17,-2561
-8,-5,-2553
-31,48,-2585
-47,-7,-2605
-28,-1,-2552
-69,4,-2627
-77,18,-2595
-59,6,-2647
-36,-10,-2654
-95,-18,-2672
-78,-16,-2671
-76,35,-2618
-59,-10,-2629
-38,-20,-2626
-50,-18,-2580
-1,-7,-2588
-78,30,-2596
-36,23,-2619
-47,-11,-2589
-22,-16,-2594
-38,45,-2590
-77,-10,-2615
-89,-12,-2578
0,-74,-2596
-64,18,-2586
-49,25,-2589
-99,8,-2644
2,9,-2674
-13,-43,-2700
-41,7,-2715
33,-2,-2829
2,-3,-2934
-94,-22,-2992
-63,23,-3063
-32,-8,-3110
-52,-3,-3162
-11,-8,-3254
-79,-7,-3345
2,-28,-3405
-29,16,-3442
-53,10,-3518
-15,0,-3532
-105,20,-3577
-21,24,-3547
-96,-31,-3634
-34,-7,-3709
-61,4,-3766
-95,5,-3769
-64,-2,-3897
-12,13,-3946
-58,-21,-3969
0,-18,-3961
-47,2,-3963
-50,3,-3995
-70,0,-3955
-73,-1,-3927
0,-25,-3865
-34,0,-3842
-27,13,-3823
-37,-27,-3833
-52,-26,-3854
14,-15,-3866
-69,1,-3880
-68,25,-3854
28,-22,-3861
-26,-38,-3895
11,19,-3928
-25,21,-3865
11,-29,-3833
-76,0,-3879
-2,-23,-3840
-95,-9,-3803
-31,9,-3777
-65,-36,-3717
-42,-2,-3690
-48,-3,-3609
16,-62,-3549
-19,-21,-3421
-29,-14,-3419
-49,-39,-3330
-77,-8,-3241
2,-8,-3179
-107,-12,-3117
-18,-27,-3015
-112,-30,-2893
-63,-3,-2817
-2,32,-2693
-24,9,-2580
-41,-4,-2476
-15,41,-2235
-76,8,-2164
-56,19,-2032
-33,-10,-1909
-130,28,-1746
37,12,-1632
-76,-20,-1487
37,-17,-1465
-107,8,-1355
-36,28,-1303
-105,2,-1244
-55,11,-1192
-58,-9,-1125
-24,-8,-1073
-44,38,-1062
-37,-5,-1019
-71,23,-1057
-21,10,-1045
-24,7,-1054
-53,-17,-1073
-80,-6,-1111
-66,-3,-1163
-60,0,-1188
-105,0,-1154
-70,-12,-1220
-80,1,-1259
-71,-41,-1288
-72,2,-1364
-92,-35,-1396
-82,-13,-1475
-116,-45,-1551
-80,-50,-1586
-54,-12,-1633
-36,6,-1670
-79,30,-1785
-62,-13,-1853
-84,2,-1905
-69,-10,-1950
-87,-17,-2006
-88,-17,-2096
-83,-5,-2097
-76,11,-2145
-98,12,-2213
-89,0,-2254
-52,32,-2323
-58,-19,-2336
-83,4,-2362
-72,-50,-2366
-57,-38,-2319
-50,-13,-2293
-14,5,-2301
-21,-23,-2316
-31,-13,-2305
-29,8,-2252
-48,9,-2257
-63,7,-2222
-60,7,-2165
-42,26,-2136
-17,29,-2105
-46,-34,-2096
-13,-28,-2064
-16,-24,-2044
-38,-5,-2023
-31,7,-2011
-29,19,-1977
-73,-12,-2028
-6,23,-2039
-48,12,-1988
-42,-24,-2025
-69,1,-2016
-59,-2,-2086
-56,3,-2087
-29,-22,-2110
-64,-1,-2177
-43,9,-2202
-37,21,-2215
-69,-19,-2239
-57,14,-2262
-50,12,-2295
-49,21,-2331
-71,-17,-2322
-32,-39,-2407
-86,-15,-2416
-19,0,-2440
-23,16,-2436
-21,-41,-2418
-6,1,-2435
-44,-48,-2423
-19,-27,-2378
-64,-4,-2315
-36,-40,-2241
-6,23,-2214
-22,-20,-2163
-15,-29,-2066
-32,62,-2011
-5,-17,-1904
-24,44,-1857
9,37,-1770
14,3,-1710
-13,9,-1659
-27,9,-1621
-34,2,-1571
-18,21,-1541
-42,28,-1489
-29,23,-1481
-62,15,-1495
-29,14,-1515
8,6,-1488
-49,2,-1519
-27,-2,-1524
-24,-21,-1526
-64,-22,-1552
-95,32,-1568
-49,-2,-1564
-60,18,-1608
-53,17,-1635
-57,-12,-1601
-83,2,-1610
-66,10,-1637
-48,27,-1610
-74,19,-1645
-31,-4,-1694
-39,16,-1692
-48,-41,-1694
-49,-10,-1760
-34,-31,-1777
-15,47,-1815
-13,-31,-1820
-37,-10,-1841
-3,-3,-1810
-1,29,-1814
-14,-20,-1812
30,-27,-1848
-10,33,-1832
-13,-1,-1799
6,-14,-1800
16,11,-1782
-51,12,-1855
-27,9,-1877
-73,3,-1924
-38,14,-1950
-20,-15,-2048
-53,-26,-2058
-5,-12,-2111
-11,-28,-2168
-39,3,-2229
-40,-19,-2275
-56,-10,-2289
-55,-6,-2319
-43,16,-2356
-8,21,-2287
-34,11,-2329
-59,27,-2292
4,-5,-2208
13,-27,-2187
-35,-27,-2154
-61,-5,-2160
-72,-35,-2139
-60,45,-2098
-54,18,-2109
-45,57,-2075
-54,6,-2109
-64,16,-2149
-65,-19,-2125
-111,-32,-2140
-86,-23,-2210
-83,-8,-2234
-50,10,-2282
-50,22,-2327
-55,-8,-2369
-45,-10,-2408
-67,37,-2518
-61,2,-2602
-77,1,-2674
-46,0,-2749
-69,-13,-2783
-86,-15,-2855
-31,-24,-2903
-28,-17,-2950
-43,-16,-2978
-21,-10,-2985
-17,-20,-3020
17,-46,-3013
-6,-21,-3051
-62,11,-3054
18,-8,-3098
-15,18,-3101
-35,-5,-3124
-25,-38,-3083
-57,-8,-3098
-11,-12,-3082
3,-45,-3092
-61,-22,-3028
-22,-14,-2964
-38,-15,-2939
-11,-15,-2850
-50,-61,-2782
-6,-7,-2745
20,-10,-2667
-41,-6,-2584
-35,-13,-2494
-47,-21,-2494
9,16,-2410
-1,0,-2387
-33,-55,-2318
-58,23,-2250
-45,-25,-2228
-34,-9,-2177
-26,0,-2144
-40,0,-2110
-39,-1,-2064
-22,-22,-1987
-49,-15,-1954
-4,-10,-1920
-5,1,-1885
-43,30,-1890
-27,7,-1861
-87,15,-1908
-50,14,-1888
-41,-1,-1850
-33,39,-1876
-29,60,-1891
-9,7,-1936
-29,21,-1941
-24,0,-2013
-61,40,-2070
-35,8,-2165
-37,42,-2225
-107,7,-2288
-81,2,-2338
-17,16,-2474
-48,33,-2519
-66,48,-2599
-80,50,-2651
-69,29,-2775
-12,22,-2837
-101,3,-2944
-67,29,-3009
-102,13,-3089
-95,17,-3176
-74,-5,-3326
-43,-1,-3357
-78,-41,-3437
-88,-5,-3432
-49,-41,-3534
-32,-27,-3605
-37,-25,-3648
-45,-32,-3745
-73,26,-3779
-37,16,-3833
-29,2,-3845
-47,-10,-3890
-67,-22,-3935
-53,-42,-3925
-52,-10,-3947
0,-10,-3960
-5,4,-3932
-33,-6,-3968
-48,27,-4012
-50,-7,-4014
-50,5,-4048
-79,18,-4062
-16,7,-4065
18,28,-4076
6,37,-4081
-29,21,-4065
-38,10,-4054
-41,16,-4011
-49,-20,-4063
-3,18,-4056
-53,40,-4013
-17,28,-4009
-39,11,-3979
-16,-10,-4000
-32,23,-4038
-19,33,-4033
-39,4,-4069
21,4,-4065
-29,-6,-4020
-34,-5,-4116
-22,-3,-4064
-14,-34,-4030
-22,45,-4035
-51,11,-4031
-39,-10,-4036
-37,-7,-4074
-7,19,-4114
-38,-34,-4139
-5,-10,-4179
-10,-20,-4214
-27,-8,-4246
-53,-5,-4288
-53,-19,-4293
-23,0,-4342
-11,-25,-4395
-20,-25,-4429
-19,-43,-4478
5,-10,-4491
-45,-15,-4517
-39,-55,-4513
-53,-8,-4527
-41,18,-4531
-34,0,-4514
-64,-43,-4530
-50,-5,-4526
-41,-20,-4602
-62,-29,-4548
-19,-37,-4536
-52,-27,-4547
-12,-14,-4545
-69,-19,-4555
-71,7,-4538
-41,-21,-4545
-52,-29,-4542
-36,-31,-4534
-57,-7,-4530
-64,-9,-4506
-14,-62,-4482
-5,-10,-4428
-46,-36,-4462
-62,-46,-4461
-32,5,-4412
-74,-22,-4376
-29,0,-4339
-44,-13,-4377
-38,-12,-4332
-15,7,-4381
-26,-15,-4301
-25,-17,-4263
4,-19,-4225
-34,-15,-4150
-19,-3,-4166
-24,-27,-4129
-8,-1,-4078
-35,-19,-4028
3,-39,-4043
-40,7,-3949
-53,3,-3967
-35,-4,-3874
-53,6,-3889
4,2,-3853
-41,-21,-3875
-1,31,-3870
-57,-2,-3818
-62,-9,-3839
-46,4,-3862
-27,-3,-3868
-8,5,-3881
-34,18,-3927
-19,24,-3957
-24,-3,-4014
-19,4,-4097
-22,-27,-4164
30,-26,-4223
-17,10,-4199
-98,-22,-4152
-212,-18,-4047
-244,28,-3865
-179,-17,-3883
-49,-30,-3930
1,-29,-4105
5,-58,-4177
21,-32,-4259
-35,-34,-4279
-48,-39,-4358
-35,-31,-4365
-42,4,-4335
7,-5,-4342
-48,-17,-4365
-81,-33,-4347
-60,-41,-4344
-29,-20,-4396
-57,-10,-4398
-71,-12,-4344
-53,-23,-4302
-78,-22,-4309
-87,-24,-4301
-40,-34,-4302
-37,-37,-4273
-4,-4,-4246
-12,-4,-4206
-34,-13,-4223
-74,-20,-4157
-4,4,-4121
-61,14,-4020
-43,5,-4010
-27,-8,-3989
-3,-24,-3965
-41,5,-3961
-48,22,-3959
-36,-15,-3946
-22,-39,-3928
-81,-12,-3904
-81,18,-3810
-36,-23,-3811
-95,5,-3752
-59,12,-3768
-60,2,-3707
-70,-10,-3674
-39,-13,-3599
-16,-33,-3658
-70,-12,-3646
-38,-14,-3584
-54,-10,-3610
-54,-36,-3591
-81,-22,-3561
-80,-5,-3572
-53,-29,-3549
-45,-31,-3532
-50,-11,-3464
-34,-2,-3456
-17,-10,-3379
-19,-11,-3343
-18,-5,-3259
-47,-7,-3263
-52,-12,-3174
-17,-10,-3135
-45,1,-3142
-57,17,-3072
-67,-15,-3025
-52,14,-3003
-22,-16,-3044
-40,12,-2949
-68,-29,-2947
-58,6,-2923
-92,-50,-2874
-68,-13,-2790
-45,18,-2738
-110,2,-2730
-69,14,-2696
-109,-12,-2611
-63,-14,-2584
-98,7,-2573
-65,33,-2539
-100,-2,-2514
-60,16,-2494
-121,25,-2425
-75,-7,-2478
-105,-4,-2426
-89,37,-2426
-62,16,-2379
-97,25,-2386
-62,14,-2362
-57,-12,-2385
-67,-27,-2411
-60,12,-2378
-90,45,-2371
-55,18,-2389
-70,2,-2427
-41,-13,-2440
-60,28,-2494
-44,-34,-2494
-67,-48,-2554
-77,-27,-2557
-40,8,-2599
-60,6,-2622
-88,-23,-2660
-78,16,-2676
-60,-4,-2693
-53,-4,-2755
-57,28,-2753
-38,24,-2776
-62,-41,-2847
-22,-15,-2802
-67,13,-2839
1,21,-2832
-57,-20,-2873
-21,-3,-2868
-35,18,-2885
-45,18,-2892
-70,-17,-2865
-36,-2,-2858
-71,2,-2863
-79,33,-2804
-87,-2,-2785
-70,4,-2730
-34,2,-2743
-31,-12,-2686
-53,17,-2708
-94,-17,-2659
-52,8,-2622
-41,-9,-2533
-36,33,-2574
-66,20,-2512
-63,22,-2456
-69,3,-2350
-77,-7,-2336
-100,33,-2256
-81,7,-2203
-38,-35,-2127
-73,0,-2095
-54,-12,-2027
-64,18,-1888
-113,-32,-1851
-91,-16,-1739
-74,14,-1649
-66,9,-1534
-79,-5,-1538
-95,-9,-1486
-93,13,-1390
-78,22,-1398
-98,15,-1350
-76,7,-1305
-97,-2,-1282
-90,2,-1215
-86,-5,-1212
-128,23,-1246
-38,47,-1225
-112,-24,-1239
-93,2,-1284
-89,16,-1294
-93,28,-1276
-88,4,-1280
-94,8,-1310
-117,35,-1323
-117,-5,-1331
-98,28,-1358
-62,5,-1400
-96,16,-1439
-125,18,-1413
-124,2,-1473
-84,40,-1469
-105,16,-1523
-86,25,-1498
-117,6,-1482
-82,0,-1488
-84,-12,-1474
-129,29,-1467
-109,23,-1396
-102,-7,-1391
-113,23,-1350
-150,6,-1365
-95,-10,-1282
-115,34,-1202
-101,-27,-1220
-87,18,-1132
-84,7,-1131
-98,24,-1075
-98,25,-1032
-106,42,-969
-90,27,-913
-116,33,-857
-90,0,-764
-115,-17,-782
-55,-26,-700
-119,24,-630
-87,-3,-635
-90,-17,-600
-76,-14,-555
-75,18,-496
-69,26,-430
-76,-13,-418
-95,23,-334
-80,45,-337
-34,50,-298
-65,45,-291
-86,29,-237
-72,20,-238
-58,1,-162
-105,18,-155
-113,21,-147
-66,28,-173
-102,43,-124
-77,66,-117
-54,29,-100
-67,8,-83
-45,18,-71
-85,29,-47
-96,15,-44
-67,16,-12
-57,20,22
-24,31,-4
-82,26,-19
-89,53,-12
-76,-3,68
-72,30,84
-98,31,79
-107,27,54
-90,79,82
-90,24,82
-72,14,112
-76,46,104
-73,23,134
-75,21,108
-79,50,137
-86,79,133
-110,61,126
-92,56,186
-113,111,225
-136,110,215
-187,82,274
-206,90,270
-158,75,316
-199,115,297
-228,104,333
-217,154,290
-382,147,120
-402,156,113
-339,157,109
-395,194,-79
-744,196,-202
-567,296,-52
-558,228,55
-550,251,151
-621,300,125
-693,338,221
-728,357,227
-839,385,331
-912,457,405
-1035,487,478
-1141,536,603
-1242,544,741
-1272,511,867
-999,295,1091
-367,132,1319
-154,26,1445
534,-145,1719
538,-116,1818
30,-25,1869
-273,94,1935
-203,95,1979
-122,75,2021
-107,52,1995
-128,43,2023
-83,53,2038
-129,11,2083
-105,47,2022
-107,33,2010
-126,44,2019
-136,40,1994
-139,48,1975
-131,39,1951
-121,61,1934
-88,47,1897
-114,51,1873
-118,34,1849
-126,37,1835
-152,62,1724
-132,52,1704
-55,2,1609
-112,45,1564
-119,52,1539
-109,37,1482
-88,14,1352
-111,23,1387
-87,32,1320
-102,57,1239
-82,47,1177
-77,27,1080
-61,20,1042
-131,34,1032
-94,16,959
-74,5,925
-87,18,879
-96,3,860
-113,17,825
-64,24,805
-95,9,755
-82,69,730
-77,71,682
-93,14,653
-63,47,622
-96,19,637
-101,11,582
-68,40,580
-41,11,585
-53,17,555
-32,39,621
-35,5,638
-3,14,630
-48,18,672
-18,40,718
-58,27,793
-64,28,791
-90,24,818
-37,16,831
-63,-5,838
-82,16,873
-47,49,851
-70,-11,831
-78,-8,847
-62,30,872
-47,30,824
-51,25,764
-53,-3,786
-69,21,761
-58,68,746
-88,-8,720
-79,-4,684
-53,10,669
-95,-1,646
-109,0,586
-89,-12,607
-78,25,535
-72,8,551
-93,-5,537
-87,26,521
-96,35,473
-73,-9,451
-60,16,447
-55,4,425
-74,12,447
-88,9,352
-56,3,380
-77,-10,343
-72,14,300
-53,-33,280
-60,6,290
-100,30,288
-49,18,286
-76,45,309
-75,34,297
-85,23,272
-107,38,262
-88,44,256
-81,31,247
-88,21,250
-51,54,236
-122,18,243
-104,26,244
-60,4,239
-85,46,296
-77,49,261
-93,21,267
-107,24,243
-86,56,292
-77,26,304
-75,37,304
-56,49,299
-57,28,333
-74,56,325
-65,30,329
-88,25,358
-64,45,329
-56,79,364
-79,34,348
-34,44,457
-53,63,426
-33,44,476
-13,106,519
-74,35,557
-51,76,581
-51,45,613
-46,87,676
-35,66,736
-71,45,780
-48,65,836
-54,82,942
-55,62,1034
-48,24,1030
-53,63,1082
-90,92,1145
-90,52,1172
-48,77,1177
-87,68,1274
-124,40,1216
-100,33,1219
-70,56,1245
-51,14,1224
-18,45,1188
-26,32,1198
-69,44,1203
-22,68,1199
-52,45,1158
-70,36,1115
-80,44,1106
-46,40,1086
-10,14,1050
-20,44,1011
-61,85,997
-80,42,1030
-62,47,979
-80,23,954
-60,61,910
-44,25,920
-38,55,885
-63,53,887
-48,10,851
-59,23,826
-62,35,823
-31,44,783
-90,44,736
-56,16,698
-93,28,700
-58,41,677
-67,27,658
-43,20,641
-55,54,599
-65,40,622
-72,56,662
-60,40,622
-57,47,661
-37,71,664
-3,35,696
-62,59,727
-18,84,783
-48,66,791
-43,70,792
-53,78,798
-58,52,790
-58,54,791
-48,80,833
-38,96,892
-67,75,921
-33,65,937
-30,75,938
-62,43,952
-34,41,985
-46,59,968
-24,77,936
-62,100,923
-49,111,927
-22,81,787
-88,70,451
-196,116,74
-86,85,-2
9,66,26
-15,40,23
-89,25,99
-65,44,47
-55,37,51
-19,5,49
-98,20,73
-116,-53,57
38,-26,118
-59,3,40
-34,0,55
-69,52,77
-3,-23,52
-36,35,47
-55,23,71
-27,19,68
-81,-10,21
-72,41,56
-60,49,16
-36,31,26
-48,11,32
-43,45,70
-77,41,47
-109,18,52
-108,54,23
-64,31,34
-111,13,39
-86,42,40
-28,40,30
-64,57,-16
-61,19,-11
-53,32,16
-39,40,28
-85,58,38
-79,42,27
-51,59,47
-48,34,10
-55,47,-2
-58,12,16
-47,-3,29
-86,29,42
-84,0,6
-45,31,22
-88,40,-3
-76,14,5
-50,-12,13
-43,4,-14
-46,26,-17
-8,39,9
-76,21,7
-28,23,3
-104,9,18
-85,24,-16
-81,18,50
-71,22,32
-109,-1,26
-60,0,14
-63,14,33
-69,25,2
-45,-1,23
-62,11,-10
-59,21,-5
-68,25,-10
-40,-34,15
-97,-24,-1
-45,21,29
-63,33,29
-53,18,8
-124,38,14
-55,30,34
-24,-2,71
-74,0,33
-62,21,11
-35,35,36
-48,15,48
-46,-8,44
-59,3,-3
-62,47,48
-77,37,-18
-68,36,18
-71,28,20
-72,24,24
-72,56,25
-86,-1,30
-97,47,34
-53,47,-2
-54,27,13
-90,13,23
-77,41,6
-81,5,17
-82,15,-5
-50,3,4
-93,21,46
-86,30,9
-62,-15,49
-54,41,-22
-92,19,0
-63,52,-8
-66,7,32
-54,-3,7
-83,8,35
-84,54,23
-36,15,21
-64,35,-2
-69,15,18
-65,45,17
-68,-7,-1
-72,6,29
-49,5,-14
-51,27,26
-43,-24,40
-76,-43,-2
-67,22,30
-53,37,18
-76,37,46
-58,15,4
-48,33,33
-86,4,35
-49,20,0
-82,0,20
-19,23,9
-66,40,52
-74,26,30
-103,27,0
-36,21,-29
-57,48,-4
-35,9,9
-119,-17,52
-91,16,30
-38,27,11
-64,16,-8
-71,46,44
-51,7,23
-102,4,21
-81,13,9
-56,37,29
-55,40,-8
-64,-9,18
-60,20,38
-16,41,-4
-24,-17,21
-77,11,46
-60,31,37
-94,49,1
-53,25,7
-56,71,57
-45,39,-21
-38,-2,-7
-39,51,-14
-101,18,18
-78,41,-1
-48,47,24
-95,-17,9
-92,24,23
-48,26,11
-41,29,54
-76,54,21
-37,11,-13
-38,28,2
-36,16,-11
-69,10,9
-112,40,5
-72,29,2
-16,37,0
-64,5,20
-53,23,22
-67,29,4
-72,34,33
-81,27,-12
-51,21,30
-72,56,28
-88,47,-10
-95,45,3
-83,11,19
-83,-11,0
-72,4,23
-98,2,-21
-72,16,-7
-83,54,-22
-55,14,7
-78,51,4
-86,8,7
-63,8,42
-64,-10,0
-96,34,9
-28,59,32
-58,52,7
-76,40,-38
-69,18,-31
-47,24,27
-82,46,6
-28,45,34
-53,28,35
-43,61,25
-58,63,-11
-55,25,-14
-74,56,3
-73,7,4
-98,69,-18
-64,42,-8
-51,-15,-2
-74,31,8
-72,40,35
-19,30,21
-80,-6,40
-79,10,42
-39,4,3
-50,47,9
-102,7,14
-40,42,4
-66,-1,14
-55,10,13
-59,42,-15
-80,-15,-31
-22,5,0
-61,-15,-4
-54,11,6
-46,24,42
-77,0,30
-53,15,18
-57,4,50
-68,-2,-54
-77,6,35
-58,14,38
-72,-1,-12
-36,9,9
-43,-9,-7
-57,17,-8
-48,-3,23
-62,-22,26
-41,-2,49
-60,-11,37
-76,-10,27
-54,-13,-3
-84,26,33
-90,35,0
-54,33,29
-54,64,49
-67,17,34
-81,33,11
-62,5,8
-68,44,-5
-54,28,15
-68,4,21
-60,49,6
-53,66,33
-58,4,15
-81,32,14
-54,37,79
-86,11,53
-100,49,10
-76,31,34
-57,42,58
-40,23,-2
-43,9,23
-61,26,54
-83,26,52
-88,73,27
-75,16,10
-52,49,10
-76,4,58
-41,2,46
-63,9,11
-67,11,10
-66,-17,-30
-59,33,25
-71,-6,28
-73,37,30
-71,11,-26
-64,35,-5
-79,14,19
-64,-33,22
-17,36,39
-79,28,6
-93,-2,21
-64,32,51
-77,25,58
-65,-8,21
-80,31,18
-53,4,21
-78,34,17
-14,22,4
-79,4,21
-68,34,54
-91,32,41
-106,30,33
-55,28,-19
-55,36,33
-57,26,2
-67,16,16
-88,44,33
-34,9,26
-41,39,-24
-83,29,4
