=~=~=~=~=~=~=~=~=~=~=~= PuTTY log 2021.05.15 16:52:41 =~=~=~=~=~=~=~=~=~=~=~=,,,
2,-257,-2,0.130771188
4,-262,0,0.620686723
-1,-261,-3,0.144141782
0,-269,-2,0.515765141
-2,-259,-4,0.332546774
0,-259,0,0.450390793
0,-262,0,0.240280126
-3,-258,-3,0.44576079
-3,-261,-3,0.595732464
3,-263,-1,0.830379776
2,-264,-4,0.495358304
0,-267,-4,0.661485834
-2,-264,-4,0.163792324
-3,-258,-3,0.003944984
-1,-261,-3,0.8814085
-2,-254,2,0.53526998
2,-264,-4,0.050457187
4,-255,-2,0.03294516
0,-262,-4,0.703687009
4,-269,-2,0.950212449
0,-267,-4,0.152820075
0,-267,-4,0.033412196
-2,-259,-4,0.539022352
4,-259,-4,0.569886188
1,-273,1,0.125878441
0,-267,-4,0.803166566
2,-269,0,0.756583691
1,-263,-3,0.333599881
0,-269,0,0.307973004
0,-259,-2,0.299392854
-3,-258,-3,0.359458706
0,-269,0,0.138487799
0,-259,-2,0.098249319
-1,-272,-3,0.753780973
-1,-257,-1,0.616460748
4,-259,-2,0.084288846
2,-257,-4,0.263678417
-1,-258,1,0.369583995
2,-257,2,0.121397495
-3,-253,-1,0.841286608
1,-266,-1,0.386866525
-1,-258,1,0.132975281
2,-257,-4,0.571058377
-3,-253,-1,0.049037364
4,-269,-4,0.651779849
2,-264,-2,0.683518691
0,-264,-2,0.98204484
0,-267,-4,0.490752673
4,-259,-2,0.474340192
-1,-261,-3,0.720802265
-4,-259,-4,0.771584918
0,-269,0,0.01405897
4,-269,-4,0.038175759
-2,-269,-4,0.856472515
4,-264,3,0.470538819
3,-258,-1,0.784034382
0,-259,2,0.562521882
4,-259,-2,0.428834789
3,-258,1,0.759438964
3,-257,-1,0.513904717
-2,-259,-4,0.465733147
0,-259,-2,0.734875992
0,-252,-2,0.205921555
0,-269,0,0.264843414
2,-259,0,0.485063179
1,-257,3,0.204318384
3,-261,-1,0.311872426
3,-258,-3,0.206741929
3,-253,3,0.00090014
-2,-254,0,0.641124328
-1,-266,-1,0.655496799
2,-259,-4,0.820554821
2,-268,2,0.794835064
-3,-261,-3,0.398638224
3,-261,-1,0.673202415
0,-269,0,0.894469309
-4,-262,0,0.378930755
0,-252,-2,0.00147235
0,-269,0,0.098115568
0,-269,0,0.930497618
0,-259,-2,0.715999611
2,-264,-4,0.099341125
2,-258,0,0.776312942
-2,-259,-1,0.346531282
-1,-258,-1,0.757536636
4,-269,-2,0.642190967
-4,-259,-2,0.199526137
0,-269,0,0.725012294
2,-262,2,0.729577864
3,-258,-3,0.995548289
1,-263,-1,0.305539423
0,-252,-2,0.934953662
4,-263,-4,0.406454329
2,-257,-4,0.378126791
4,-269,-4,0.532114701
-2,-248,-4,0.027473857
-2,-264,0,0.470100856
0,-267,-4,0.807550538
-1,-258,1,0.042644213
3,-268,-1,0.80635616
-3,-255,-1,0.573454543
-2,-254,2,0.395911057
4,-259,-4,0.31226198
3,-258,-1,0.775080167
-1,-261,-3,0.623627574
3,-271,-3,0.320705497
0,-259,-2,0.873595971
4,-259,-2,0.915261
3,-252,1,0.269406174
-3,-268,-1,0.912540284
2,-262,0,0.974647398
3,-258,-3,0.801785966
2,-264,-2,0.948849883
2,-264,-4,0.914589049
-4,-267,-2,0.7629715
0,-269,0,0.230580768
4,-269,-2,0.018194834
3,-261,-1,0.029397137
-3,-253,-3,0.417065073
-3,-250,3,0.138807609
0,-262,-4,0.137869779
0,-267,-4,0.482975625
3,-261,-1,0.025865627
0,-259,-2,0.774329892
2,-262,-2,0.852268286
4,-257,-2,0.973817829
-1,-261,-2,0.871190686
2,-259,-4,0.391859528
-3,-258,-3,0.887984131
2,-269,-2,0.868504057
-1,-258,1,0.615840753
-3,-255,1,0.823422596
-3,-255,1,0.108440298
0,-269,0,0.669641465
-4,-262,0,0.226519602
-3,-255,1,0.442999584
0,-269,0,0.563182315
-3,-255,1,0.334281614
0,-269,0,0.982771408
0,-249,-4,0.497823413
3,-258,-1,0.240533831
-1,-255,3,0.989153163
2,-264,-4,0.57075108
-3,-261,-3,0.23937212
4,-269,-2,0.858293839
0,-264,0,0.330742679
0,-259,0,0.359790263
-3,-255,-3,0.675040094
2,-264,0,0.368237042
4,-264,-4,0.068295901
0,-267,-4,0.336957394
-4,-262,0,0.085727557
0,-262,-4,0.658676515
2,-264,0,0.823059784
1,-268,-3,0.711190599
0,-264,0,0.846832791
2,-264,-2,0.711627352
2,-264,0,0.139473627
-2,-254,2,0.028228343
0,-259,0,0.33741676
-3,-255,1,0.409967629
-2,-254,2,0.232529873
2,-264,-2,0.772750969
0,-269,0,0.30681773
2,-264,-3,0.716016789
-2,-262,2,0.924702702
-3,-253,-1,0.893994325
-1,-258,-4,0.038445219
-1,-261,-3,0.458268807
-2,-254,2,0.50654093
3,-258,-3,0.400940835
2,-264,-4,0.259576011
1,-261,1,0.434535975
-1,-266,-3,0.553295305
2,-264,-2,0.713460036
1,-255,3,0.770805931
4,-269,-4,0.334697636
4,-259,-2,0.49318742
1,-261,-3,0.92690158
3,-258,-3,0.546915412
-3,-271,-2,0.243687401
0,-264,-2,0.82811209
-2,-262,2,0.210547721
3,-258,-3,0.306932712
2,-254,-2,0.381774781
0,-264,-2,0.329093158
-1,-266,-3,0.97931501
-3,-253,-1,0.753262186
-2,-267,-2,0.261495191
1,-255,1,0.531956087
0,-269,0,0.49150422
-4,-262,0,0.1965416
0,-269,0,0.467188905
2,-264,-4,0.340467275
2,-262,0,0.003552544
-1,-261,-3,0.83416315
0,-269,0,0.395106929
2,-264,-4,0.156238067
-3,-255,1,0.264645708
2,-269,0,0.902644676
3,-258,-3,0.988838739
4,-269,-4,0.414526608
0,-264,-2,0.072370098
0,-262,-4,0.29319985
0,-269,0,0.472953616
4,-269,-4,0.815098673
0,-267,-4,0.397479181
-4,-262,0,0.075417113
2,-264,-2,0.637494016
-3,-255,-3,0.412915744
0,-262,4,0.811028087
1,-255,3,0.001919394
-4,-262,0,0.764127997
0,-259,-2,0.832054812
1,-255,1,0.073269986
4,-269,-4,0.188404128
4,-259,-4,0.216442894
4,-259,-2,0.118481873
3,-261,-1,0.442425901
0,-269,0,0.829576748
0,-267,0,0.294500641
2,-247,-2,0.365640577
2,-267,2,0.412720423
0,-269,0,0.059398811
3,-263,-3,0.785150078
2,-264,-2,0.16120029
-3,-268,-1,0.457587878
2,-264,-2,0.083540635
3,-255,-1,0.378082492
0,-269,0,0.043850092
-3,-253,-3,0.663222085
2,-264,-2,0.727930026
2,-257,2,0.121286104
3,-258,-3,0.226575859
1,-250,3,0.08491537
0,-259,0,0.284800552
2,-257,-4,0.32158629
0,-269,0,0.487770624
1,-261,-3,0.084693419
3,-255,-1,0.176022411
3,-253,3,0.585601343
2,-259,1,0.606992914
2,-264,-2,0.524730979
2,-262,-4,0.863494534
-2,-254,-4,0.3890872
2,-257,-4,0.356879456
4,-269,-2,0.352941718
3,-258,-3,0.090241645
0,-269,0,0.539857875
-2,-262,-4,0.27894119
0,-267,-4,0.133097654
0,-269,0,0.926414414
4,-269,-2,0.066123652
-3,-255,1,0.959694742
-1,-266,-3,0.186990626
-1,-258,1,0.966668001
2,-257,-2,0.599452936
3,-258,-1,0.591097168
0,-269,0,0.350195465
4,-257,-2,0.283916177
4,-259,-2,0.008596355
3,-261,-1,0.425679474
-2,-264,0,0.484830915
-1,-266,-3,0.868655036
-3,-255,1,0.549140264
1,-250,3,0.420483614
0,-259,-2,0.63919842
-2,-262,-2,0.31614578
-3,-253,-1,0.977938801
-3,-253,-1,0.567548695
3,-258,-1,0.173918604
0,-269,0,0.718419538
2,-247,-2,0.629693595
0,-269,0,0.435579106
3,-263,-3,0.307386135
2,-257,-4,0.369218541
-3,-261,-3,0.32185668
1,-263,-3,0.043133391
4,-269,-4,0.424587071
3,-258,-3,0.30198144
-4,-257,-2,0.627098632
3,-263,-3,0.269019854
0,-269,0,0.962192322
1,-263,-3,0.088406916
-4,-259,0,0.505850167
0,-269,0,0.9809839
2,-264,-2,0.710074102
0,-252,-2,0.683236553
-1,-261,-3,0.526091867
3,-258,-1,0.774182196
0,-269,0,0.991458456
3,-258,-3,0.833334087
4,-259,-2,0.209127885
-1,-261,-3,0.789906735
4,-259,-2,0.123078218
2,-264,-2,0.791580257
1,-255,1,0.73788371
2,-264,-4,0.533147112
-2,-259,-2,0.701890713
-1,-258,1,0.952741481
-2,-262,-2,0.72545519
-3,-255,1,0.259499558
3,-261,-1,0.206292263
2,-259,2,0.016221715
-1,-261,-3,0.656010038
1,-263,-3,0.052003421
0,-267,-4,0.951235135
2,-264,-4,0.517972433
1,-273,1,0.506120204
2,-257,2,0.225834404
0,-267,-4,0.035568915
4,-257,-2,0.513118704
-4,-262,0,0.896686428
3,-261,-1,0.19640837
-4,-259,-4,0.524818932
2,-257,-2,0.61286715
-2,-259,-4,0.579598271
0,-269,-2,0.930383914
-4,-262,0,0.901887082
4,-269,-4,0.520619646
4,-259,-4,0.850642141
1,-255,3,0.85752927
2,-247,-2,0.899893353
2,-262,0,0.333527647
1,-263,1,0.982880213
2,-262,0,0.839682871
3,-258,-3,0.273895935
-1,-261,-3,0.164516489
-1,-261,-3,0.237617399
3,-258,-3,0.432612135
3,-258,-3,0.318826786
2,-264,-2,0.517884552
0,-267,-4,0.564398477
3,-258,-1,0.005186556
-2,-259,-4,0.395307449
3,-258,-3,0.867908129
-2,-264,-4,0.133633667
0,-252,-2,0.208606099
1,-255,3,0.133479204
-3,-258,-3,0.959944526
4,-262,0,0.113215139
-1,-266,0,0.932629221
-1,-258,1,0.992716461
3,-261,-3,0.336738141
4,-257,2,0.555164588
1,-258,-3,0.197843811
0,-269,0,0.738190015
-1,-266,-3,0.55773597
-3,-261,-3,0.99941539
3,-258,-3,0.583101902
-4,-259,-4,0.066262202
4,-262,0,0.366351369
0,-252,-2,0.049172127
4,-259,-2,0.431887764
3,-258,-1,0.653577882
2,-264,-2,0.057500614
2,-257,-4,0.482047947
1,-250,-3,0.110714351
3,-263,-1,0.839088132
0,-269,0,0.927340681
0,-269,-2,0.128494381
0,-269,-2,0.324376542
2,-268,0,0.689660621
2,-264,-2,0.148609554
2,-262,-4,0.080952829
2,-247,-2,0.947466847
-3,-261,-3,0.332790021
4,-259,-2,0.868078315
2,-269,-2,0.796752784
1,-263,-1,0.337755043
1,-250,3,0.93975148
0,-269,0,0.618613298
4,-259,-4,0.202727787
-1,-258,-1,0.550375838
-4,-262,0,0.186240348
-1,-261,1,0.804262106
3,-269,-3,0.680270558
3,-258,-3,0.40050356
0,-269,-2,0.404461459
3,-268,-3,0.800769582
0,-267,-4,0.182664838
4,-269,-4,0.33614562
-3,-258,-3,0.083971781
3,-258,-3,0.99860477
-3,-261,-3,0.448804137
4,-257,-2,0.80549698
3,-263,-1,0.801995569
0,-269,-2,0.229970601
3,-255,-1,0.996285722
0,-269,-2,0.714018369
3,-261,-1,0.121205738
2,-264,-4,0.672474213
-2,-254,0,0.552009925
3,-258,1,0.815622146
0,-269,0,0.90414713
-2,-254,2,0.355474804
1,-263,-3,0.967499179
0,-259,0,0.107329101
2,-257,-4,0.870238416
2,-254,-2,0.053868608
-2,-254,-4,0.196787569
-2,-267,-2,0.330360778
-2,-249,0,0.612755339
0,-264,-4,0.508329622
-1,-253,3,0.859539269
2,-264,-2,0.707131167
-1,-261,-3,0.049365434
1,-263,-3,0.154312641
3,-255,-1,0.745249866
3,-255,-1,0.508120488
3,-261,-1,0.591466905
0,-267,-4,0.239675822
2,-257,-2,0.168628219
-3,-253,0,0.278645737
4,-269,-2,0.151045282
2,-264,-4,0.91372564
3,-263,-1,0.562762926
0,-267,0,0.553894315
-4,-259,-2,0.898805763
0,-269,-2,0.812118434
2,-247,-2,0.734446504
0,-259,2,0.995984135
-1,-261,-1,0.608318679
2,-264,-4,0.532845685
0,-259,-2,0.845535498
2,-257,-4,0.398655427
0,-269,-2,0.237218926
0,-259,0,0.784955088
3,-263,-1,0.243402046
0,-269,2,0.760363609
2,-262,2,0.53764208
-1,-268,-2,0.125705809
3,-261,-1,0.251541672
0,-252,-2,0.965805847
2,-247,-2,0.388700483
1,-273,1,0.686091366
-3,-258,-1,0.003225979
4,-259,-4,0.085465699
4,-259,-4,0.332688165
-3,-253,-1,0.100027271
0,-269,0,0.991610285
0,-269,0,0.126409738
0,-259,-2,0.039237451
3,-255,-1,0.244587779
1,-261,1,0.617370365
0,-267,-4,0.013704842
-3,-255,1,0.715763074
0,-269,0,0.809306886
0,-262,0,0.371837494
0,-269,-2,0.131192452
2,-262,-4,0.040289289
2,-264,-2,0.426957641
4,-269,-2,0.616533784
2,-259,-4,0.96999465
3,-258,-1,0.744554618
0,-264,-2,0.059551261
2,-259,-4,0.747755804
3,-258,-3,0.744560921
3,-261,-1,0.53372295
0,-269,0,0.023344405
0,-259,-2,0.733016528
3,-255,1,0.320553134
0,-269,0,0.462162913
-1,-258,1,0.194218268
0,-259,-2,0.668646907
3,-261,-1,0.765034543
0,-264,0,0.92250145
-3,-253,-1,0.264660488
-4,-259,-4,0.325510848
-2,-262,2,0.231333447
-1,-258,1,0.049415711
3,-258,-3,0.79886713
3,-271,-3,0.291471562
4,-257,-2,0.322058515
0,-259,2,0.77701947
-1,-261,-3,0.889645152
-3,-258,-3,0.859719787
3,-258,-3,0.751094623
4,-254,-4,0.142820418
-1,-258,-3,0.822965329
-4,-259,-2,0.753782073
-2,-259,-4,0.226886653
4,-269,-4,0.812294023
-2,-272,-4,0.059730713
3,-258,-3,0.692034299
1,-255,-1,0.838913491
-3,-261,-3,0.237180816
3,-258,-3,0.752057894
2,-254,-2,0.373790903
2,-257,-2,0.381808756
-4,-262,0,0.839511319
-2,-259,-4,0.921198222
0,-269,0,0.551140621
-1,-261,-3,0.965630457
-1,-261,-3,0.432456132
-2,-267,-3,0.715595391
1,-255,3,0.883450139
2,-264,-2,0.415829121
3,-255,-3,0.557115279
3,-258,-1,0.28421956
-3,-255,-1,0.548276767
2,-259,-4,0.835887788
-2,-267,-2,0.982971731
2,-264,-4,0.037902161
0,-267,-4,0.886049512
2,-257,-2,0.613545497
4,-268,-4,0.357006837
4,-269,-4,0.224935893
3,-255,-1,0.61747936
0,-267,-4,0.418700663
3,-268,-3,0.33071661
1,-263,-3,0.663186402
0,-267,-4,0.081161454
2,-264,-4,0.119445189
3,-258,-1,0.985432165
4,-257,0,0.459250066
2,-264,-2,0.571751587
4,-259,-2,0.586417749
-3,-258,-3,0.682141877
2,-264,-4,0.771093703
2,-257,-4,0.489594471
2,-267,2,0.247468268
1,-268,-3,0.645106017
4,-259,-4,0.041122895
4,-264,-2,0.081625422
4,-269,-4,0.866261268
-2,-254,-4,0.588745958
4,-269,-2,0.316074072
2,-264,-2,0.990780371
1,-266,-3,0.066917064
2,-262,-4,0.082341077
3,-258,-1,0.355711153
4,-269,-2,0.102289063
2,-264,-2,0.158555836
-1,-258,1,0.398518967
3,-269,-3,0.344359981
2,-262,-2,0.425333862
0,-259,-2,0.20815307
3,-255,1,0.582419493
4,-259,-4,0.229746846
2,-253,-2,0.275762444
-2,-267,-2,0.057564538
-3,-253,-1,0.886266763
1,-263,-3,0.015850773
-3,-253,-1,0.876805305
-2,-254,-4,0.932795497
3,-258,-3,0.215523812
3,-261,-1,0.312458322
-1,-261,-3,0.926969496
0,-269,0,0.444718785
4,-262,0,0.449659663
-1,-258,-1,0.458327459
0,-259,0,0.18070604
2,-259,-2,0.882769579
-3,-261,-3,0.634959904
0,-269,2,0.475034659
3,-258,-3,0.963886483
0,-269,0,0.18230425
2,-247,-2,0.613142815
0,-262,0,0.115457193
-4,-262,-3,0.093248651
4,-269,-2,0.591598634
0,-269,-2,0.892082638
0,-267,-4,0.230813467
0,-252,-2,0.828348731
0,-263,-4,0.155715147
-1,-266,-3,0.012657818
1,-273,1,0.048349138
4,-257,2,0.073631169
-1,-266,-3,0.770507291
-3,-261,-3,0.749889656
2,-262,2,0.525984421
4,-262,-4,0.582313924
0,-262,-4,0.80170657
-1,-261,-3,0.237110426
1,-273,1,0.934691743
-3,-253,-1,0.045856477
3,-253,-2,0.713030579
2,-259,-2,0.543288135
-4,-267,-2,0.15668099
-1,-258,1,0.596532428
-1,-258,1,0.671443525
0,-264,-4,0.700797269
0,-269,0,0.628309229
0,-269,0,0.373171497
2,-262,0,0.856757669
-2,-252,-2,0.606810974
-1,-266,-3,0.279165335
-2,-254,2,0.252294051
0,-269,0,0.587906796
-1,-255,3,0.041138797
0,-259,0,0.725255036
2,-262,0,0.606262878
0,-269,0,0.10258693
2,-257,-4,0.869214047
1,-258,-3,0.496449162
2,-264,-4,0.104401535
3,-258,-3,0.776178631
2,-264,-2,0.387966775
0,-267,-4,0.987730936
-1,-261,-3,0.599096173
-4,-259,-4,0.695344784
2,-264,-4,0.622052538
0,-258,0,0.608722819
2,-262,0,0.89187431
0,-267,-4,0.959388056
-4,-259,-4,0.921388601
-2,-249,0,0.390103668
-2,-259,-4,0.20970225
2,-264,-2,0.515988588
2,-264,-4,0.544934644
4,-259,-2,0.052761583
2,-264,-4,0.855176217
2,-264,-4,0.181243905
2,-267,0,0.120320898
-1,-263,1,0.628303886
-1,-261,-3,0.988964474
0,-267,-4,0.715143856
-2,-252,-2,0.240067215
0,-262,4,0.645317595
3,-261,-1,0.323214329
-3,-258,-3,0.865539368
4,-262,0,0.948683895
2,-264,-2,0.294488904
-2,-254,2,0.1954201
2,-247,-2,0.294502038
4,-259,-2,0.100152059
2,-264,-2,0.938322887
0,-269,0,0.374530056
0,-269,0,0.214244328
0,-259,-2,0.982191548
4,-269,-4,0.60543277
3,-261,-1,0.917488845
0,-269,0,0.369979774
4,-259,-2,0.810037417
4,-269,-4,0.984874385
2,-257,2,0.460747256
1,-255,3,0.297307707
3,-258,-3,0.851045447
2,-264,-2,0.828674498
2,-257,-4,0.527824503
3,-261,-1,0.000831215
0,-259,-2,0.41491741
1,-255,3,0.896285311
3,-263,-1,0.602159714
3,-255,-1,0.59588559
0,-252,-2,0.413795508
-1,-258,0,0.049009195
0,-259,-2,0.531582132
2,-269,-4,0.759360625
3,-258,-1,0.150901362
-2,-259,-4,0.08097913
3,-255,-1,0.268517131
-4,-262,0,0.75777993
2,-264,-2,0.804434381
0,-259,2,0.327915878
1,-263,-1,0.220188044
3,-261,-1,0.865630624
3,-263,-3,0.944467338
3,-258,-3,0.308955373
3,-261,-1,0.312859034
0,-269,0,0.271032209
-2,-259,-4,0.707021158
3,-258,-1,0.095990524
2,-264,-2,0.03335091
3,-261,1,0.893917614
2,-264,-4,0.036309591
3,-258,-3,0.668823731
3,-261,-1,0.334142782
1,-263,-3,0.247420683
2,-257,-4,0.997576122
0,-269,0,0.985813412
2,-259,-4,0.76563991
1,-266,-1,0.070541902
2,-262,0,0.600171269
3,-258,3,0.22019195
0,-249,-4,0.959029671
-2,-259,0,0.903362451
-2,-259,-2,0.213756623
-1,-266,-3,0.082215655
2,-264,-4,0.930574123
-3,-258,-1,0.671070608
3,-253,-3,0.454011351
-4,-259,0,0.428370303
-1,-258,1,0.807380097
2,-247,-2,0.968586078
-4,-259,-2,0.319915129
0,-267,-4,0.668153725
0,-264,-4,0.265625607
4,-269,-2,0.321855165
0,-269,0,0.405257459
2,-247,-2,0.274184109
3,-263,-1,0.155617387
3,-255,-1,0.714783859
4,-262,0,0.799194232
-1,-261,-3,0.057411368
0,-267,-4,0.76491025
0,-267,-4,0.880451166
2,-264,-4,0.355002983
-2,-254,2,0.250520841
-3,-255,-1,0.301241374
4,-259,-2,0.167553371
1,-259,-3,0.289589642
-4,-263,-4,0.234159552
4,-269,-4,0.407964039
1,-268,-3,0.077307838
2,-264,-2,0.670969425
2,-259,-4,0.391756428
4,-259,-4,0.046365312
-3,-252,-3,0.264649294
2,-264,-2,0.229416693
-2,-259,-2,0.653981726
1,-250,3,0.120184599
1,-258,-3,0.658669467
2,-247,-2,0.394837452
0,-252,-2,0.570978362
2,-247,-2,0.769697786
-2,-254,2,0.83954754
1,-255,3,0.506184548
2,-259,-4,0.710711432
0,-267,-4,0.939591174
3,-255,-1,0.485107457
-1,-255,3,0.065735457
1,-255,3,0.32257178
-2,-254,2,0.258071866
-1,-266,-3,0.433672378
2,-257,-4,0.337720519
0,-259,2,0.014982237
-4,-259,-2,0.217733076
3,-255,-3,0.380047139
1,-255,-1,0.934454463
-1,-258,1,0.198288607
0,-269,2,0.538401306
2,-257,-4,0.120856618
0,-267,-4,0.547396324
0,-267,-4,0.2846242
-3,-262,-3,0.40423237
0,-252,-2,0.491571808
2,-271,-2,0.578195868
2,-262,0,0.126877629
3,-258,-3,0.355528738
2,-264,-4,0.134429351
1,-261,-3,0.638816612
1,-266,-3,0.552507685
2,-266,2,0.908076285
-2,-257,-4,0.799338734
3,-253,-3,0.777529201
1,-250,-3,0.026993686
-2,-264,0,0.696365831
4,-257,2,0.812304083
4,-257,2,0.645816438
-2,-259,0,0.899441523
-4,-259,-2,0.911061946
3,-261,-1,0.523143315
-2,-269,-4,0.179458176
2,-264,-2,0.342247149
2,-264,-2,0.825649784
4,-259,-4,0.48208354
0,-269,0,0.596850866
4,-269,-4,0.262638324
3,-258,-1,0.945182795
-2,-262,-4,0.300940137
-2,-254,2,0.860661571
2,-257,-4,0.801850269
0,-252,-2,0.130591898
3,-255,-1,0.192858274
2,-257,-4,0.825960066
2,-262,0,0.269956771
3,-258,-1,0.626545505
-3,-255,1,0.889040773
2,-267,0,0.996637745
3,-261,-1,0.877879204
2,-247,-2,0.855110739
4,-269,-4,0.571238898
2,-247,-2,0.22939943
-2,-254,-4,0.298158593
-4,-259,-4,0.119020716
0,-267,-4,0.6517786
1,-250,3,0.79973068
4,-269,-2,0.234973945
-1,-258,1,0.413510938
-2,-249,-4,0.038655927
4,-257,2,0.524201412
-2,-254,-4,0.60849919
-1,-258,-1,0.718575272
0,-267,-4,0.002607503
3,-261,-1,0.317154109
0,-269,0,0.771016244
1,-250,-3,0.705001889
4,-259,-4,0.783561623
3,-261,-3,0.495073323
2,-264,-2,0.404526753
0,-258,0,0.580613572
0,-262,0,0.352785378
0,-267,-4,0.499613913
4,-269,-2,0.045258481
2,-267,2,0.39114893
4,-257,2,0.539908938
-3,-255,-1,0.903018523
2,-264,-2,0.981392824
-4,-259,-4,0.695129921
3,-261,-1,0.073135576
2,-264,-2,0.040759744
2,-259,-4,0.42953726
3,-255,-1,0.617176936
0,-269,0,0.010317371
-1,-261,-3,0.735705424
-2,-254,-4,0.030706686
2,-264,-4,0.926144915
2,-264,-2,0.139706767
2,-262,0,0.365122769
0,-269,0,0.109230039
3,-255,-1,0.487331414
2,-264,-2,0.691494482
1,-263,-3,0.483643698
3,-258,-1,0.789533889
2,-259,-4,0.614465996
4,-259,-4,0.202700582
-2,-262,-2,0.077730791
1,-266,-1,0.530144159
3,-258,-1,0.330091249
0,-259,-2,0.061035825
4,-259,-2,0.090741179
2,-257,-4,0.60590351
4,-259,-2,0.295610353
-4,-257,-2,0.141153065
1,-258,-3,0.477917016
0,-264,-4,0.116837389
-2,-267,-2,0.764409689
3,-268,-3,0.911631117
3,-268,-1,0.693304838
4,-264,-2,0.695222154
-3,-255,1,0.572960959
-3,-255,1,0.496842681
0,-262,0,0.025596649
-3,-258,-3,0.366525617
-3,-258,-1,0.610044277
-1,-261,-3,0.76584223
1,-255,3,0.515308542
-4,-262,0,0.429641448
2,-264,-2,0.458287928
0,-269,-2,0.534060271
2,-264,-2,0.380127621
-4,-259,-4,0.54850374
0,-252,-2,0.863596847
-1,-253,3,0.44418673
-3,-253,-1,0.738333287
3,-261,-1,0.644067464
2,-264,-4,0.234588164
2,-247,-2,0.281372918
0,-259,0,0.665817498
1,-268,-3,0.985804508
4,-258,0,0.275985748
2,-264,-2,0.647607329
2,-262,0,0.253648444
0,-267,0,0.803991977
-3,-255,1,0.27444153
2,-264,-2,0.532309415
3,-258,-1,0.516058441
2,-264,-4,0.099305681
-4,-267,-2,0.070455517
4,-257,2,0.89358484
-2,-262,-4,0.31621622
0,-269,0,0.599460821
0,-264,-1,0.177623246
3,-261,-1,0.409014776
2,-247,-2,0.608075025
-1,-261,-3,0.160408285
3,-258,-3,0.367459369
-3,-255,1,0.307061787
1,-268,-3,0.282197957
-3,-258,-3,0.207688592
-1,-266,-3,0.645359153
-4,-259,0,0.688275079
3,-261,-1,0.82822662
4,-257,2,0.79232406
-2,-257,-4,0.72431282
0,-267,-4,0.01157208
2,-264,-2,0.793230806
-3,-255,1,0.903840976
2,-262,0,0.789712676
2,-259,-2,0.77751671
0,-264,0,0.173113959
2,-264,-2,0.782520732
1,-263,-3,0.128362286
-1,-258,-1,0.090946352
-2,-254,2,0.887200378
0,-269,0,0.163766854
-2,-254,-4,0.357791659
0,-267,-4,0.27096716
2,-259,-4,0.661361194
-4,-259,-4,0.778877607
3,-261,-1,0.861512779
-2,-254,0,0.593376134
0,-264,-4,0.727349261
0,-249,-4,0.876644502
2,-262,-2,0.08287418
-1,-266,-3,0.508996599
-3,-250,3,0.42585987
2,-264,-2,0.563210818
2,-266,2,0.155358987
-1,-261,-3,0.256181089
3,-261,-1,0.239021098
3,-258,-3,0.617561163
2,-259,-4,0.576840178
-1,-258,-1,0.179376216
4,-259,-4,0.935340107
2,-257,-4,0.887742673
2,-264,-2,0.998483358
0,-259,0,0.426223036
-1,-253,3,0.886354949
4,-259,-4,0.690945276
2,-264,-2,0.544922372
1,-266,-3,0.607100926
-3,-261,-3,0.867519642
-3,-255,1,0.688020818
-2,-254,-4,0.542468739
3,-261,-1,0.167873053
-1,-266,-1,0.308761897
-1,-266,-3,0.096063272
3,-268,-1,0.699297628
3,-253,3,0.990402142
-1,-261,-3,0.153076935
-4,-257,-2,0.454494798
-4,-259,-2,0.042599839
3,-258,-3,0.473379095
1,-263,-3,0.649164348
-3,-250,3,0.223696008
4,-264,-4,0.114715014
0,-267,-4,0.512928183
2,-257,-4,0.137649898
4,-262,0,0.535402841
-4,-262,0,0.213816366
-4,-259,-4,0.103681654
4,-259,-2,0.959512267
-2,-254,-4,0.94956624
3,-261,-3,0.493703605
-3,-261,-3,0.946687494
-4,-262,0,0.777580462
2,-262,-2,0.309773287
-1,-266,-3,0.864388862
2,-264,-2,0.830816081
1,-255,3,0.097906745
0,-269,0,0.451249043
0,-269,0,0.073588854
1,-263,-3,0.470934166
3,-261,-1,0.334310441
1,-263,-3,0.04782343
-3,-271,-2,0.177510218
4,-269,-2,0.772599338
3,-258,-3,0.675522917
2,-264,-2,0.687053391
4,-257,2,0.956276157
3,-258,-1,0.748187319
0,-269,0,0.383756448
-4,-259,-4,0.472693477
3,-271,-3,0.151835044
2,-264,-2,0.55665013
-3,-255,1,0.108423963
-4,-259,-4,0.374980384
0,-269,-2,0.455487768
0,-259,-2,0.253247503
-1,-261,-3,0.116388712
0,-267,-4,0.190012669
-3,-258,-3,0.056539963
-3,-255,1,0.009531402
1,-263,-1,0.433458701
2,-264,-2,0.561711621
3,-261,-1,0.102353987
2,-257,-4,0.261007587
1,-258,-3,0.098889798
0,-259,-2,0.537195413
2,-257,-2,0.186099582
0,-267,-4,0.194114803
0,-269,0,0.416384248
2,-262,0,0.556805699
-3,-261,-3,0.193193277
4,-259,-4,0.738413385
2,-264,-4,0.796937704
2,-259,-4,0.172607545
2,-264,-2,0.219426641
3,-255,-1,0.197887082
0,-264,-4,0.910746525
-1,-258,1,0.546586243
-3,-258,-3,0.938092934
0,-269,0,0.567457043
4,-269,-2,0.71439343
2,-257,-4,0.351480825
1,-263,-3,0.081304415
0,-264,-4,0.642692795
-3,-261,-3,0.341694613
2,-269,-4,0.930450156
2,-259,-4,0.104431572
0,-267,-4,0.404303623
-1,-258,1,0.071632486
2,-259,-4,0.744069068
0,-262,-4,0.312469445
1,-263,-3,0.169748755
-3,-255,1,0.849502782
3,-255,-1,0.920353208
2,-264,-4,0.837019403
3,-261,-1,0.968640981
1,-255,-1,0.270686881
1,-263,-3,0.395118976
1,-273,1,0.744318068
3,-258,-3,0.343709578
2,-264,-4,0.105963797
0,-269,0,0.50553266
3,-258,-3,0.447274139
1,-268,-3,0.908187071
-2,-259,-4,0.284374704
0,-262,-1,0.291289148
2,-257,-4,0.985662369
0,-259,-2,0.848112566
0,-269,-2,0.308604663
0,-264,-4,0.260208844
-4,-259,-4,0.793933002
2,-259,-4,0.385091015
-3,-253,-1,0.473518162
4,-269,-4,0.135800002
1,-263,0,0.976073222
3,-258,-1,0.655295149
3,-258,-1,0.296573609
4,-259,-4,0.289686038
-4,-259,-4,0.965834633
0,-262,4,0.540176291
2,-259,-4,0.182265525
2,-268,-2,0.027320635
2,-259,-4,0.081584097
-2,-254,2,0.010340863
1,-263,-1,0.539744283
-1,-261,-3,0.714335828
0,-262,0,0.342923156
3,-268,-1,0.351058793
0,-264,-2,0.828968401
-1,-258,-1,0.151917944
3,-261,-1,0.533992254
-2,-254,-4,0.671996274
2,-247,-2,0.319639575
4,-269,-2,0.047668461
-1,-258,1,0.924301247
0,-252,-2,0.246827984
3,-258,-3,0.247080938
-2,-264,-4,0.202967256
4,-259,-2,0.375655582
2,-264,-4,0.578244087
-4,-259,-2,0.682304631
3,-258,-1,0.039762634
-1,-261,1,0.845078761
-3,-258,-3,0.530058189
2,-264,-2,0.947580796
