=~=~=~=~=~=~=~=~=~=~=~= PuTTY log 2021.05.16 18:34:35 =~=~=~=~=~=~=~=~=~=~=~=,,
-71,26,31
-61,47,-19
-56,11,16
-75,34,23
-65,30,4
-64,62,12
-101,4,8
-61,48,-6
-84,21,9
-81,24,1
-100,11,-10
-72,24,3
-88,24,4
-57,34,20
-60,37,13
-37,13,-22
-83,39,-6
-72,46,-15
-61,37,-7
-55,6,-24
-62,-10,-19
-79,23,8
-43,-29,-8
-74,5,14
-87,60,11
-55,4,28
-83,7,-7
-69,40,24
-69,30,-14
-96,5,18
-119,3,1
-63,26,7
-36,45,29
-37,18,26
-55,26,2
-45,16,-26
-68,33,-12
-78,9,11
-76,9,-12
-41,2,-14
-68,30,-3
-81,12,4
-90,19,2
-73,14,29
-74,-16,4
-133,-10,18
-111,35,31
-63,7,-1
-49,11,-4
-66,27,-5
-54,30,-12
-64,16,18
-39,2,-2
-55,71,11
-89,42,40
-55,24,22
-50,31,-50
-45,18,-33
-55,11,-5
-41,16,-1
-32,16,27
-100,32,2
-114,5,18
-60,46,16
-115,41,-8
-53,-7,-15
-38,2,-17
-76,-2,-11
-92,23,-22
-64,37,5
-41,16,1
-48,-2,-2
-35,9,-22
-68,26,4
-93,1,11
-63,26,11
-96,8,-9
-49,21,-8
-73,49,4
-74,2,52
-60,12,-2
-83,40,11
-76,45,11
-75,9,11
-88,22,14
-69,28,15
-69,16,5
-66,35,11
-62,28,2
-75,5,-8
-74,18,12
-89,46,18
-76,52,-8
-82,7,-4
-56,35,-26
-52,0,-23
-39,30,19
-64,16,38
-69,25,21
-86,33,40
-72,38,-3
-53,58,37
-66,-5,-20
-79,55,11
-91,52,-11
-63,47,-6
-38,26,12
-41,12,-36
-44,57,-21
-28,40,-7
-27,33,-6
-68,30,0
-44,30,51
-55,12,35
-48,-6,10
-61,51,-8
-62,2,3
-49,3,4
-69,10,2
-79,-13,8
-80,39,4
-61,29,71
-72,-17,-9
-49,1,24
-53,45,18
-70,-3,21
-27,15,33
-52,46,-6
-69,39,-8
-79,56,16
-54,43,11
-92,22,16
-74,10,-8
-60,8,14
-31,2,6
-36,11,28
-56,22,21
-59,21,24
-44,-16,47
-62,45,-13
-56,30,-22
-107,26,18
-84,30,4
-51,25,4
-64,68,5
-82,59,-21
-48,-4,24
-93,18,-5
-48,55,15
-35,7,28
-32,35,14
-79,40,-13
-31,26,29
-87,6,16
-72,51,-19
-48,-1,33
-31,-19,51
-73,0,-5
-88,7,10
-31,2,6
-100,0,7
-70,0,14
-105,62,5
-64,-3,4
-75,-13,22
-114,10,-29
-90,15,-11
-26,16,-34
-108,29,-34
-55,36,13
-65,18,1
-74,42,14
-54,34,-6
-74,7,9
-35,-3,4
-54,42,0
-93,-5,48
-45,37,-19
-109,56,14
-84,0,14
-74,23,56
-52,16,-34
-38,8,-12
-68,14,-11
-80,32,9
-47,57,21
-100,31,-1
-46,17,7
-72,-18,-31
-48,34,47
-81,24,21
-68,0,-7
-44,11,49
-53,16,47
-54,34,9
-69,52,7
-108,47,8
-66,17,11
-74,5,68
-43,10,23
-74,29,16
-10,-2,19
-43,28,55
-56,25,-17
-45,6,14
-70,37,30
-66,4,34
-60,11,7
-48,18,7
-76,57,-27
-86,16,28
-67,28,-7
-54,-22,0
-76,12,16
-81,4,11
-54,32,15
-58,21,5
-10,1,9
-30,29,-19
-50,20,-9
-88,23,-21
-42,19,-38
-63,-16,41
-91,2,22
-85,-7,1
-50,21,-4
-56,-5,18
-60,38,59
-79,35,21
-72,10,-12
-65,-28,36
-54,29,4
-38,11,-5
-29,26,-2
-63,12,37
-45,24,2
-81,40,9
-62,20,30
-83,20,17
-64,23,17
-57,7,6
-62,-3,-8
-34,10,25
-58,62,18
-19,5,14
-56,16,-22
-57,6,-26
-85,26,3
-74,23,-12
-35,-8,25
-59,35,12
-47,38,23
-76,3,-11
-59,35,14
-64,71,-38
-44,54,1
-41,34,14
-60,31,-24
-57,27,9
-93,0,5
-69,23,18
-67,23,22
-52,40,-8
-59,10,-15
-88,35,-10
-92,21,-55
-85,35,-1
-30,16,-15
-78,47,0
-15,3,-17
-50,63,-2
-66,14,4
-73,53,20
-82,42,15
-45,58,2
-79,56,-19
-81,-8,15
-69,28,11
-43,-2,-52
-65,22,-19
-55,37,2
-90,26,0
-45,33,-5
-76,-19,-10
-71,21,-4
-106,40,16
-84,50,9
-67,33,2
-55,4,-17
-25,-12,48
-46,-14,30
-83,-19,31
-57,6,51
-82,28,65
-62,33,24
-69,0,-8
-50,26,19
-49,42,25
-79,-8,34
-73,32,23
-79,11,48
-48,36,-2
-69,-4,14
-51,8,-11
-49,18,-10
-57,18,-8
-81,41,4
-59,47,17
-63,21,12
-74,48,-36
-46,56,-9
-61,36,27
-17,39,0
-67,23,-20
-63,17,-8
-64,-7,17
-66,11,-6
-96,17,0
-64,-1,28
-54,29,7
-53,22,-12
-43,11,15
-64,26,14
-60,24,0
-40,39,2
-66,60,-14
-85,34,-12
-52,18,16
-72,45,46
-70,41,31
-64,25,15
-45,28,40
-68,25,20
-35,49,-10
-43,21,18
-40,41,54
-31,-13,18
-31,52,35
-66,74,26
-50,58,42
-89,32,2
-61,21,33
-18,40,-9
-57,33,55
-108,0,27
-98,33,81
-53,-19,113
-83,0,127
-55,-28,119
-112,45,87
-95,32,63
-98,3,116
-62,14,104
-96,15,104
-74,-6,162
-62,-30,137
-55,22,132
-86,0,129
-97,35,157
-74,-1,155
-100,0,148
-94,15,127
-86,-24,140
-80,-9,136
-62,-23,153
-107,-21,126
-95,-14,104
-80,19,127
-71,-9,125
-126,24,92
-86,-24,134
-109,-27,144
-67,-9,135
-80,45,126
-86,26,125
-58,43,113
-72,19,110
-57,-17,100
-74,32,87
-99,22,84
-69,38,117
-76,7,86
-77,31,118
-121,20,97
-74,3,28
-72,20,59
-87,28,54
-74,64,51
-45,27,49
-55,11,63
-73,26,57
-51,49,23
-88,56,49
-84,25,46
-84,28,56
-65,2,47
-72,41,19
-83,27,18
-85,30,45
-75,-3,67
-99,42,71
-81,-3,18
-70,-1,4
-72,2,36
-87,-12,15
-57,-4,52
-114,-13,46
-73,-7,48
-89,60,-8
-61,21,27
-57,61,28
-49,33,14
-81,-12,16
-106,-9,14
-83,11,6
-65,7,28
-119,9,30
-92,2,53
-93,0,-20
-75,3,37
-60,30,-6
-91,23,-13
-88,-27,9
-65,40,-17
-69,43,23
-65,42,32
-112,22,40
-53,2,-17
-49,32,-8
-67,26,-5
-95,-33,-23
-122,-19,-1
-48,4,-10
-77,1,-9
-76,-15,-15
-68,22,13
-88,18,34
-64,10,11
-65,42,-31
-72,-11,5
-65,7,24
-51,18,11
-89,-27,26
-100,-17,-11
-70,-12,5
-80,16,-11
-102,-12,36
-60,-18,23
-74,-23,23
-72,-4,21
-55,0,5
-60,-23,42
-102,-24,2
-60,-12,-3
-95,-7,-31
-69,3,3
-43,8,54
-105,-36,14
-97,-49,-22
-95,-24,35
-57,-32,14
-34,-4,23
-75,0,4
-101,20,11
-96,22,-24
-93,-8,14
-108,2,-5
-119,7,-36
-53,0,-6
-83,0,11
-69,45,64
-37,9,44
-83,9,18
-80,-24,59
-129,-31,-1
-36,13,37
-90,9,56
-89,7,39
-83,-3,79
-101,-6,68
-56,23,49
-85,18,70
-88,-15,78
-89,11,45
-86,14,73
-62,-5,85
-58,28,103
-101,23,84
-112,23,79
-90,-8,85
-76,12,87
-53,30,38
-50,56,90
-69,51,99
-119,3,92
-93,-10,108
-85,9,101
-78,32,89
-98,35,90
-54,35,82
-90,37,74
-105,45,92
-86,11,66
-54,37,86
-124,69,29
-83,63,40
-46,35,11
-85,52,18
-100,33,42
-162,68,27
-131,54,16
-105,59,33
-130,49,37
-126,18,49
-135,62,32
-118,38,47
-136,49,55
-87,36,31
-167,71,39
-129,37,52
-112,26,63
-144,-3,50
-120,34,36
-151,64,2
-159,34,21
-106,39,64
-145,31,15
-147,16,38
-105,44,21
-125,52,60
-143,54,48
-98,49,26
-137,72,22
-178,77,22
-183,68,34
-163,25,61
-157,43,12
-191,56,66
-217,84,39
-211,63,34
-175,78,45
-103,16,65
-25,2,72
25,-15,33
-43,58,37
-124,68,0
-154,85,47
-201,85,-10
-152,62,-9
-164,49,-36
-178,68,21
-144,-2,-19
-105,2,-37
-107,30,-21
-86,-1,-49
-95,-3,-62
-69,4,-19
-102,19,-53
-118,48,-23
-133,45,-22
-131,35,-54
-136,16,-96
-152,58,-81
-133,8,-64
-146,61,-71
-156,35,-81
-155,42,-100
-149,17,-71
-153,5,-162
-158,65,-116
-150,2,-143
-164,33,-228
-145,18,-219
-123,17,-245
-142,-22,-263
-97,-3,-344
-100,23,-382
-83,17,-492
-76,-16,-511
-51,-6,-588
-71,2,-671
-57,3,-725
-19,4,-815
-62,4,-922
-43,16,-1012
-98,27,-1092
-55,17,-1213
-33,-3,-1283
-29,32,-1367
-29,59,-1533
-42,44,-1616
-81,4,-1776
-101,38,-1915
-97,27,-2078
-107,28,-2209
-70,23,-2376
-67,76,-2548
-61,35,-2634
-62,13,-2804
-42,28,-2935
-21,25,-3131
-42,11,-3348
-76,19,-3685
-5,23,-3906
1,5,-4245
16,74,-4437
71,57,-4699
30,55,-4850
18,16,-4987
68,-3,-5156
11,0,-5385
-22,35,-5534
25,38,-5741
82,9,-5881
66,-3,-6052
45,30,-6215
75,51,-6335
40,16,-6578
44,-10,-6670
37,-20,-6945
13,2,-7144
16,21,-7380
54,57,-7520
4,2,-7850
16,26,-8015
26,52,-8257
-1,-3,-8389
-2,17,-8561
-6,-29,-8708
-15,-15,-8858
26,35,-8954
16,8,-9124
-5,59,-9181
0,17,-9344
-15,9,-9431
-48,-10,-9444
-94,22,-9524
1,19,-9645
4,-12,-9683
-81,-2,-9678
-53,47,-9737
-9,58,-9808
-66,-2,-9847
-94,45,-9922
-48,14,-10038
-11,37,-10130
-27,-12,-10197
-55,20,-10200
-53,52,-10278
-60,4,-10369
-41,9,-10444
-61,28,-10491
7,28,-10496
-43,16,-10554
-63,31,-10566
-14,16,-10531
0,-26,-10505
-27,-4,-10424
5,-6,-10346
-21,-3,-10234
-22,16,-10141
-51,11,-9948
-24,16,-9844
-3,18,-9825
36,4,-9730
-40,20,-9696
-19,-21,-9683
-1,-28,-9643
-23,-85,-9665
-109,-90,-9642
-90,-44,-9724
-33,6,-9811
-10,9,-9998
16,37,-10068
88,-16,-10178
54,15,-10235
-9,-24,-10233
-17,-32,-10211
-9,-37,-10173
-60,-7,-10082
4,6,-10014
71,30,-9915
111,42,-9882
45,16,-9790
35,66,-9682
8,15,-9446
-116,-29,-9224
-170,20,-8813
-108,50,-8561
-44,16,-8496
-1,2,-8452
2,56,-8483
38,18,-8579
42,43,-8667
7,2,-8733
-31,75,-8793
-24,28,-8813
-55,28,-8856
-18,33,-8870
-50,-9,-8892
-22,-3,-8933
26,-3,-8967
-19,-5,-8998
-31,0,-9060
-23,17,-9036
41,23,-9000
30,4,-9042
-37,11,-8992
-57,30,-8996
-35,111,-8986
-56,8,-9050
-136,5,-8999
-75,36,-9049
-32,-9,-9121
-48,-17,-9177
-35,-5,-9297
-23,-8,-9442
-72,-12,-9719
-103,-17,-9943
-95,-12,-10295
-56,12,-10478
-6,0,-10743
-15,9,-10877
-23,-8,-10992
-72,-17,-11087
-40,0,-11118
-5,-27,-11121
6,17,-11078
-41,4,-11056
-37,-5,-11028
17,-13,-11006
-8,-1,-10888
-102,-6,-10651
-87,14,-10409
-29,29,-10220
-3,0,-9961
9,36,-9807
-18,24,-9636
-57,-24,-9420
-69,11,-9282
-5,33,-9143
-38,28,-8893
-114,-29,-8776
-74,0,-8596
-133,16,-8476
-93,26,-8373
-69,37,-8189
-71,30,-8084
-47,-29,-7969
-43,11,-7830
-7,56,-7601
-45,11,-7404
-25,25,-7111
-83,-21,-6969
-62,26,-6670
-64,8,-6537
-57,0,-6304
-73,17,-6151
-53,45,-6019
-39,9,-5940
-63,26,-5783
-119,4,-5726
-180,26,-5557
-168,44,-5376
-126,32,-5310
-123,3,-5278
-81,24,-5254
-96,42,-5253
-69,6,-5237
-41,33,-5169
-77,17,-5201
-54,59,-5142
-138,-4,-5149
-62,-5,-5164
-24,-9,-5249
-10,3,-5297
5,-19,-5398
78,-32,-5488
101,20,-5512
44,21,-5449
60,14,-5336
84,5,-5313
99,11,-5402
48,-16,-5475
120,-2,-5585
152,-10,-5692
96,-36,-5779
66,10,-5780
97,-3,-5763
108,-38,-5771
126,-5,-5775
120,5,-5863
106,-16,-5919
101,13,-5864
67,-16,-5779
37,-12,-5725
110,-14,-5645
288,-183,-5583
273,60,-5455
-27,42,-5481
-50,-16,-5435
35,24,-5471
49,23,-5416
62,35,-5374
87,28,-5350
102,-7,-5419
46,8,-5284
23,54,-5190
145,-3,-5067
80,23,-5004
-8,33,-4900
-66,19,-4797
2,40,-4770
-12,34,-4741
14,11,-4612
-48,0,-4465
27,37,-4375
23,-6,-4297
-123,48,-4259
-62,-25,-4221
49,-15,-4261
-21,-19,-4116
-7,50,-4066
44,-3,-3911
22,15,-3859
-12,7,-3686
-5,16,-3652
0,47,-3630
42,11,-3727
4,4,-3748
80,-30,-3750
18,59,-3572
-318,138,-3415
-6,18,-3423
-4,0,-3438
-74,3,-3562
52,-21,-3717
116,8,-3708
-108,6,-3861
31,14,-3904
-59,23,-3937
-22,2,-3902
-27,45,-3930
-67,39,-3934
-38,30,-3943
-40,16,-3862
-13,8,-3785
-45,0,-3679
-72,-10,-3598
-63,31,-3555
8,28,-3543
-69,-8,-3609
-42,2,-3629
25,26,-3691
-19,14,-3766
4,9,-3809
36,0,-3847
7,21,-3904
-32,5,-3955
-52,13,-4008
-8,25,-3971
4,7,-3963
-36,14,-3945
-48,42,-3875
4,-14,-3759
42,18,-3610
-87,59,-3513
-67,-36,-3482
35,1,-3523
-43,-5,-3547
-21,3,-3546
-41,8,-3544
-22,45,-3563
-12,3,-3641
9,25,-3586
30,17,-3525
61,-53,-3422
16,4,-3338
-60,-10,-3258
18,30,-3177
-2,-3,-3129
-60,-38,-3116
4,-9,-3090
-34,-2,-2994
-15,21,-2963
37,-15,-2938
15,-23,-2915
-15,5,-2849
-17,23,-2828
0,10,-2832
0,-57,-2826
-22,-8,-2847
-10,-1,-2896
-20,-34,-2963
-35,11,-2987
11,-1,-3019
1,26,-3018
-55,40,-3013
-57,15,-2963
-46,5,-2942
-12,-21,-2914
-42,53,-2896
-1,-6,-2947
-15,2,-2989
-34,48,-2984
-13,13,-3032
-14,5,-3060
-30,9,-3060
-27,-8,-3089
-36,36,-3085
-27,21,-3059
-32,14,-3046
-72,45,-2974
-72,8,-2970
-68,39,-2922
-29,-18,-2966
3,-24,-3042
58,16,-3088
-29,9,-3111
10,2,-3060
-22,27,-3055
0,-27,-3133
15,-10,-3136
-5,7,-3172
36,48,-3217
3,-12,-3261
24,-22,-3392
-5,-15,-3366
-109,-17,-3337
-45,31,-3304
7,33,-3295
-41,2,-3316
-12,30,-3358
-11,-30,-3410
-60,44,-3503
-5,41,-3607
-22,46,-3814
-60,59,-3987
-81,23,-4172
-34,16,-4269
0,2,-4292
42,-15,-4320
-11,0,-4413
21,-25,-4403
-35,15,-4486
28,10,-4618
-12,8,-4706
-65,40,-4800
-3,56,-4809
-18,37,-4825
-45,40,-4813
-48,16,-4888
11,33,-5016
-45,34,-5185
14,-35,-5322
40,-5,-5453
-17,19,-5541
0,5,-5521
-24,4,-5518
-15,-3,-5573
-11,-10,-5578
9,-15,-5595
-9,13,-5578
-48,33,-5450
-38,18,-5324
-6,1,-5237
-10,-63,-5198
9,5,-5182
16,-27,-5129
2,6,-5075
-1,-8,-4959
2,0,-4817
16,-8,-4706
-10,-9,-4510
8,-12,-4549
56,1,-4690
-16,7,-4717
4,16,-4837
40,24,-5027
-27,28,-5116
15,23,-5256
-11,11,-5356
-24,2,-5460
-66,-22,-5576
-38,11,-5572
-13,-8,-5512
-37,-14,-5421
-8,4,-5280
3,-20,-5237
-9,-6,-5265
18,-3,-5413
26,23,-5622
21,-19,-5802
34,-39,-5853
49,-31,-5877
4,-12,-5831
29,-23,-5790
45,-19,-5870
30,29,-5955
-5,11,-5958
10,-28,-6026
2,-11,-5979
-7,0,-5979
-12,1,-5996
-11,-4,-6131
-9,-7,-6238
12,-9,-6255
-18,11,-6199
-37,11,-6165
-30,31,-6107
-15,31,-6042
31,23,-6086
-24,17,-6087
-25,26,-5885
-33,6,-5776
-38,23,-5701
-82,19,-5644
8,-1,-5663
-24,0,-5689
-22,35,-5695
-36,-11,-5622
-11,0,-5485
-22,7,-5423
-1,16,-5445
-29,9,-5488
-26,23,-5569
-24,9,-5711
-52,2,-5757
-57,20,-5765
-10,42,-5832
-44,26,-5921
-42,8,-6090
10,38,-6260
-10,40,-6516
-41,51,-6563
-57,31,-6759
1,35,-6855
-6,21,-7165
0,60,-7390
-68,49,-7507
-3,71,-7594
-34,54,-7828
-39,22,-8000
-17,35,-8263
9,-19,-8388
-34,9,-8361
10,48,-8372
-32,8,-8377
-36,40,-8330
-41,33,-8301
-51,29,-8204
-8,30,-8098
-17,21,-7934
-6,61,-7758
-79,32,-7483
-55,-9,-7236
-40,23,-7261
-105,23,-7411
-21,1,-7615
-59,7,-7588
-4,-15,-7578
-8,30,-7641
-20,35,-7830
-16,-3,-7890
29,-20,-7937
20,1,-7923
-10,-27,-8005
48,4,-8141
3,11,-8157
15,23,-7969
-19,11,-7789
44,50,-7705
20,70,-7701
18,4,-7674
4,-5,-7612
11,16,-7660
18,-8,-7755
-8,15,-7961
-8,23,-8040
-11,0,-7987
11,48,-7963
15,43,-7986
-3,53,-7963
-55,45,-7857
-48,67,-7767
-76,65,-7778
-32,50,-7913
-26,49,-7952
-18,47,-7939
-18,35,-7927
-2,18,-8096
-22,54,-8055
-63,45,-7846
-54,51,-7803
-29,66,-7781
16,49,-7793
-38,54,-7751
-44,18,-7633
-36,9,-7496
30,24,-7458
-27,45,-7313
-16,36,-7130
-41,39,-6933
26,4,-6812
11,31,-6922
4,-1,-6881
20,-10,-6855
12,-29,-6906
42,-32,-6843
37,-48,-6909
-11,0,-6903
22,-24,-6897
-8,-62,-6900
63,-17,-7028
9,11,-7131
-1,9,-7174
-26,15,-7250
-55,-10,-7198
18,36,-7158
-38,41,-7110
-6,49,-7116
-45,68,-7040
-45,73,-7047
-42,38,-7043
14,10,-7132
-6,17,-7210
11,-13,-7229
16,-19,-7319
-41,15,-7443
-3,16,-7518
8,14,-7411
-20,9,-7397
-42,5,-7407
6,-37,-7371
-9,-22,-7285
11,26,-7265
43,-8,-7189
16,-67,-7115
27,-30,-7047
45,-68,-7016
40,-49,-6942
74,-36,-6900
31,-30,-6823
8,-27,-6779
-1,-19,-6741
14,11,-6736
-15,7,-6706
-15,27,-6643
-28,28,-6615
-8,12,-6661
16,23,-6620
-19,18,-6622
-2,3,-6610
-17,42,-6545
-43,3,-6528
-79,-24,-6542
-76,47,-6544
-42,45,-6553
-76,33,-6585
-93,-5,-6573
-54,42,-6606
-24,41,-6578
-22,14,-6610
-70,26,-6584
442,-485,-6386
190,-248,-6142
40,-41,-6265
48,-27,-6143
-113,71,-6094
62,21,-5990
116,1,-5852
14,4,-5877
18,-8,-5846
-118,-8,-5841
37,-80,-5666
61,-55,-5549
-79,-16,-5662
2,-69,-5605
-207,41,-5461
-259,229,-5675
-512,343,-5684
-250,188,-5517
-105,78,-5436
-13,40,-5439
-22,-4,-5367
16,-41,-5239
30,-38,-5055
101,-72,-4977
88,-102,-4793
48,-12,-4766
113,-53,-4772
32,30,-4713
10,6,-4730
-5,-24,-4749
-51,28,-4838
-32,30,-4911
-29,21,-4976
4,17,-5085
-43,37,-5087
-73,9,-5110
-59,22,-5164
-53,-12,-5190
-92,46,-5217
-42,58,-5274
-85,18,-5237
-65,14,-5180
-3,8,-5216
-35,-1,-5255
-32,11,-5213
-34,-3,-5172
-31,-4,-5141
-62,-10,-5096
-12,14,-5089
-24,0,-5086
-44,-1,-5185
18,37,-5251
-10,0,-5157
-27,-40,-5083
-4,-24,-5001
-26,-42,-5010
9,-5,-5074
25,0,-5215
4,-35,-5216
78,-18,-5254
56,-14,-5315
33,-34,-5341
21,-68,-5547
21,-43,-5836
22,-7,-6021
21,-41,-6111
87,-54,-6194
42,-38,-6296
59,-67,-6338
28,-38,-6339
9,-12,-6357
-5,11,-6333
26,-26,-6304
10,-34,-6313
-45,-16,-6303
3,-35,-6305
35,-33,-6260
37,-22,-6231
26,-40,-6210
38,-24,-6228
33,-17,-6121
-17,-22,-6125
-22,-2,-6092
32,-30,-6138
9,-16,-6211
26,-7,-6263
-8,0,-6279
-13,-4,-6345
-9,-2,-6303
23,0,-6247
-6,5,-6260
-6,33,-6241
26,-8,-6292
49,-48,-6269
0,-31,-6383
12,-8,-6385
-22,-16,-6387
-12,-27,-6434
-10,-48,-6412
-48,-3,-6372
-13,27,-6394
8,-4,-6343
29,21,-6349
59,22,-6298
60,-31,-6283
9,-41,-6210
14,12,-6224
14,-2,-6182
2,11,-6182
-19,25,-6243
-12,15,-6282
-36,13,-6311
-22,-3,-6338
-15,-14,-6402
-24,-3,-6418
-4,-16,-6521
-50,7,-6584
-23,4,-6586
-14,16,-6620
11,13,-6675
-83,25,-6724
-32,10,-6844
-29,42,-6906
-36,-3,-7006
-25,9,-7057
-22,7,-7158
-35,-9,-7245
-20,-17,-7349
-24,-10,-7456
-5,2,-7564
-29,9,-7719
23,-20,-7812
21,-10,-7844
-12,-22,-7871
-24,30,-7902
-4,-7,-8003
2,2,-8167
26,-18,-8145
2,11,-8235
-29,36,-8273
6,11,-8444
-3,-2,-8502
-7,-7,-8543
4,-28,-8618
23,-5,-8651
21,-43,-8728
-48,-15,-8735
-76,9,-8713
-66,0,-8625
-40,-29,-8593
-12,-15,-8437
-44,-36,-8399
-15,38,-8304
2,-19,-8271
-17,-30,-8141
-24,1,-8053
-21,28,-7868
-40,3,-7861
18,-45,-7859
-28,-12,-7755
-22,2,-7681
-12,-30,-7616
-39,-28,-7558
-78,-22,-7516
-65,-23,-7529
-53,-8,-7348
-45,17,-7196
-65,-14,-7221
-47,4,-7248
-31,-19,-7126
-10,-10,-6956
22,-16,-6836
-12,-36,-6863
-59,-3,-6870
-43,35,-6930
-12,0,-6958
-45,-31,-6956
-66,20,-6936
-6,-2,-6943
-19,2,-6954
-49,36,-6941
-5,-4,-6957
9,-54,-7046
-9,-23,-7074
18,-9,-7180
18,-46,-7252
-5,-7,-7352
38,-12,-7433
-39,-39,-7482
0,-40,-7494
-11,-3,-7563
-20,-19,-7611
3,-27,-7718
-10,-41,-7697
-16,-24,-7729
-37,-5,-7711
-3,-12,-7813
-13,-23,-7886
-9,-11,-7944
-38,-9,-8009
-35,-13,-8034
-41,31,-8105
-14,2,-8151
-33,22,-8194
-61,-14,-8264
-26,-9,-8306
-26,18,-8442
-45,7,-8516
-27,-15,-8540
-42,35,-8657
-49,-2,-8664
-13,4,-8713
-51,-22,-8683
-49,9,-8671
-51,28,-8674
-42,-13,-8652
-29,-14,-8636
-38,8,-8601
-4,-23,-8593
-10,-5,-8548
23,-3,-8555
-19,-45,-8547
18,-38,-8567
-12,-5,-8514
-39,-35,-8453
-44,26,-8426
-11,-18,-8362
16,-30,-8238
-34,0,-8198
-53,27,-8102
-14,-34,-8082
-37,-8,-8072
-60,-20,-8074
-60,21,-8121
-8,7,-8202
-39,24,-8315
-31,7,-8389
-30,-45,-8482
25,-53,-8637
-52,-20,-8775
-34,44,-8960
-62,9,-9067
-29,-3,-9133
-18,-8,-9256
-1,18,-9370
-48,31,-9388
-16,29,-9468
-39,1,-9453
-5,4,-9478
-8,-10,-9486
8,-57,-9450
29,-36,-9449
1,-28,-9266
52,-17,-9199
45,-27,-9142
56,7,-8991
18,-9,-8926
37,-29,-8800
61,-50,-8726
19,1,-8476
45,-34,-8391
84,-29,-8241
86,-66,-8143
62,-3,-8058
35,-20,-7930
37,11,-7797
40,4,-7682
-84,13,-7557
-15,-21,-7459
2,-23,-7366
28,-28,-7307
1,25,-7298
-11,-17,-7349
-59,-24,-7405
-14,0,-7522
-38,-15,-7571
5,-3,-7643
-25,6,-7727
-32,16,-7763
-11,23,-7736
-52,9,-7743
-22,-5,-7756
-25,27,-7778
-74,47,-7832
-65,23,-7870
-65,32,-8045
-25,48,-8160
-76,-3,-8236
-8,4,-8379
-48,-5,-8452
-12,18,-8557
7,0,-8579
-44,30,-8605
-29,27,-8626
26,-20,-8603
40,-16,-8545
-48,-8,-8331
12,-30,-8245
-6,4,-8058
9,-4,-7954
14,-3,-7821
-5,-10,-7740
-3,-3,-7632
-12,-29,-7616
-12,2,-7530
6,-8,-7515
3,-9,-7447
-38,16,-7459
-73,-2,-7371
-37,-12,-7358
-35,2,-7380
2,21,-7408
-64,23,-7397
37,-10,-7360
-54,12,-7340
76,-57,-7331
-28,-26,-7444
-50,-12,-7479
-31,-1,-7581
0,-8,-7531
2,-7,-7472
124,-72,-7421
-41,-39,-7379
40,-46,-7433
12,-45,-7591
-31,-19,-7737
7,13,-7685
-24,-67,-7719
24,-35,-7668
46,1,-7554
-60,35,-7406
58,-35,-7115
113,-51,-6970
30,-64,-6703
65,-50,-6476
9,-58,-6257
42,-2,-6085
54,-31,-5865
46,10,-5716
82,-22,-5564
16,-32,-5436
54,-10,-5231
18,-21,-5116
27,-12,-4967
17,-43,-4785
-37,-2,-4720
-27,-28,-4574
-24,7,-4449
-41,-26,-4309
-60,-4,-4197
-42,18,-4169
-29,-14,-4151
-49,-12,-4093
-62,7,-4085
-36,-19,-4041
-52,-38,-3942
-34,-27,-3873
-35,5,-3905
-72,-9,-3827
-65,-6,-3841
-43,9,-3844
-36,21,-3886
-81,-10,-3924
-55,26,-3956
-83,-1,-3993
-55,33,-4135
-41,-3,-4225
-13,-17,-4440
-29,11,-4569
-22,16,-4776
-51,41,-5055
-37,-9,-5283
-64,14,-5545
2,23,-5668
-34,28,-5840
-25,-2,-5957
-8,-26,-6109
2,-6,-6215
-22,-10,-6374
25,17,-6483
37,-12,-6582
-24,6,-6689
48,-46,-6811
3,11,-6894
24,15,-6935
-23,-27,-6935
50,-35,-6930
12,-43,-6904
23,-33,-6914
4,-41,-6878
-41,-55,-6849
7,-35,-6882
44,-27,-6842
21,-4,-6836
11,-36,-6842
-22,23,-6815
2,-15,-6781
-15,-10,-6797
32,3,-6818
9,-22,-6829
2,-15,-6852
-15,24,-6902
-10,-20,-6914
-12,-16,-6912
21,-16,-6903
-45,-16,-6963
71,-26,-6986
35,-1,-7048
2,-32,-7043
53,-25,-7153
19,-13,-7207
-10,-5,-7274
-14,-12,-7342
-1,-43,-7430
19,-38,-7577
0,-39,-7586
5,1,-7700
14,-31,-7868
40,-58,-7991
-37,1,-8043
-36,-11,-8156
111,-81,-8224
-21,-30,-8296
-4,-43,-8343
3,-38,-8364
44,-54,-8381
-19,-7,-8378
-10,-5,-8355
-72,4,-8175
-42,-17,-8041
-36,-54,-7949
-56,-12,-7868
-27,-10,-7833
-54,-45,-7829
-124,-24,-7776
-62,-16,-7744
31,13,-7758
-63,-8,-7877
-53,-12,-7968
-43,-27,-7997
-27,-34,-8182
-37,-15,-8245
-31,-53,-8393
-36,-41,-8517
-28,2,-8652
-25,-45,-8747
-12,-48,-8925
-93,-19,-9015
30,-53,-9141
-39,-37,-9341
-32,-38,-9461
-60,-18,-9594
4,-38,-9682
-38,-37,-9750
-25,-15,-9761
-33,-56,-9770
-34,-36,-9804
-3,-25,-9754
-48,-12,-9759
-42,-31,-9745
-31,-72,-9639
-27,7,-9581
-23,-57,-9511
22,-55,-9442
9,-29,-9398
-43,-48,-9346
-10,-8,-9272
-15,-21,-9212
9,-53,-9202
-15,-11,-9157
40,-38,-9079
-3,-38,-8960
35,-34,-8812
25,-46,-8745
-17,-62,-8658
-1,-14,-8560
-25,-65,-8412
4,-22,-8305
0,-21,-8180
39,-17,-8070
71,-14,-7984
-49,-52,-7899
-5,-31,-7826
-22,-47,-7775
-19,-50,-7669
-35,-64,-7630
66,-126,-7698
158,-93,-7952
-50,-66,-8028
-130,48,-7939
-29,-21,-7951
-130,14,-7849
-37,32,-7727
-55,17,-7706
-28,9,-7655
-27,-3,-7581
-64,21,-7491
-76,-57,-7463
-48,-18,-7391
0,2,-7375
-4,-35,-7440
-29,-12,-7461
27,-19,-7527
-15,15,-7546
-36,8,-7596
-19,-13,-7696
-47,-27,-7789
-33,23,-7920
-78,-27,-8021
-5,12,-8153
-95,-7,-8226
-5,-8,-8306
-32,-44,-8305
-30,-15,-8405
-36,-36,-8489
-13,-24,-8629
-26,-35,-8742
-9,-10,-8825
7,-45,-8918
7,-26,-8978
-42,-45,-9005
45,-54,-9107
-11,-36,-9203
13,-17,-9301
-8,-34,-9379
0,-62,-9408
53,-47,-9498
73,-44,-9618
7,-46,-9689
-3,-22,-9702
26,-1,-9742
7,-45,-9820
7,-36,-9821
40,-28,-9781
9,-27,-9756
17,9,-9713
-21,-43,-9701
-19,-29,-9571
15,-31,-9502
-22,-29,-9351
50,-57,-9363
28,-24,-9255
35,-49,-9230
-44,-23,-9243
25,-27,-9272
-43,-13,-9265
-31,-16,-9313
42,-37,-9249
-26,-33,-9302
11,-39,-9329
0,-31,-9360
28,-60,-9353
7,-58,-9359
59,-42,-9410
19,-46,-9378
42,-36,-9336
47,-44,-9354
32,-13,-9387
75,-47,-9431
28,-74,-9449
23,-49,-9398
40,-55,-9418
33,-67,-9414
39,-50,-9414
71,-64,-9420
64,-73,-9380
97,-45,-9391
31,-63,-9269
45,-50,-9164
28,-35,-9046
80,-34,-8957
55,-69,-8850
77,-64,-8737
80,-87,-8623
132,-27,-8459
72,-77,-8432
62,-41,-8352
44,-31,-8306
66,-56,-8260
59,-27,-8215
54,-13,-8148
75,-55,-8108
41,-76,-8069
40,-76,-8062
36,-51,-8009
7,-48,-8001
16,-67,-8010
50,-40,-7957
2,-45,-7951
48,-28,-7910
34,-58,-7864
63,-22,-7765
47,-34,-7714
42,-46,-7624
7,-48,-7595
41,-68,-7560
46,-32,-7497
3,-14,-7436
6,-65,-7468
18,-51,-7537
-4,-57,-7534
54,-36,-7592
18,-41,-7595
34,-40,-7662
61,-66,-7735
-8,-50,-7873
7,-29,-7950
5,-48,-8036
13,-22,-8065
-6,-38,-8086
30,-35,-8137
28,-62,-8233
-2,-45,-8237
-36,-42,-8226
-67,-24,-8294
-17,-53,-8374
-34,9,-8445
-29,-19,-8453
2,-34,-8399
-17,-33,-8388
-4,-35,-8357
-26,-54,-8297
11,-39,-8226
23,-36,-8190
30,-48,-8080
61,-86,-8020
70,-52,-7943
30,-21,-7880
23,-31,-7815
47,-43,-7781
16,-65,-7704
68,-50,-7612
89,6,-7566
89,-59,-7402
113,-62,-7333
82,-95,-7207
84,-68,-7144
76,-50,-7011
152,-71,-6942
157,-63,-6832
156,-75,-6852
111,-54,-6933
52,-61,-7011
73,-86,-6997
60,-57,-6999
99,-70,-7037
108,-40,-7026
91,-29,-7106
36,-55,-7186
82,-32,-7235
10,7,-7254
-25,-20,-7281
-5,-21,-7314
-31,-19,-7366
-37,-17,-7354
-32,-42,-7439
-93,-28,-7423
-57,-29,-7440
-78,-38,-7404
-84,-8,-7383
-34,-49,-7355
-64,-3,-7320
-40,-21,-7276
-70,-35,-7222
-133,-10,-7236
-103,-5,-7155
-119,-3,-7087
-117,2,-7008
-156,-22,-6933
-163,3,-6844
-172,0,-6817
-159,-34,-6772
-171,12,-6734
-187,52,-6658
-157,9,-6516
-124,9,-6439
-67,16,-6308
-125,3,-6168
-109,-6,-5988
-63,-17,-5908
-65,14,-5794
-29,13,-5737
-46,-12,-5655
-22,16,-5637
-44,-18,-5552
-14,9,-5470
-13,-51,-5412
-51,-8,-5264
8,-37,-5170
-14,-36,-5054
-23,-32,-4912
-4,-23,-4820
9,-13,-4705
-14,-12,-4668
2,-42,-4518
8,2,-4472
11,-23,-4412
-39,0,-4403
-7,0,-4388
21,-56,-4429
-50,-22,-4440
-36,-18,-4439
-43,7,-4455
-27,-33,-4482
-9,33,-4500
11,12,-4536
-62,-2,-4615
4,-10,-4595
-16,-11,-4617
-62,0,-4649
-5,-10,-4776
-10,4,-4770
-30,-7,-4856
-34,-4,-4857
-4,-21,-4876
-22,23,-4846
-69,3,-4873
-77,-11,-4912
-95,8,-4933
-112,1,-4988
-168,10,-5023
-184,7,-5074
-124,22,-5110
1,14,-5092
-44,7,-5063
-10,-1,-5115
-1,-57,-5140
1,-29,-5281
-4,-36,-5311
-67,-17,-5432
-34,-29,-5530
-112,-2,-5613
-69,4,-5746
-72,5,-5844
-66,-19,-5933
-84,1,-6031
-90,-12,-6143
-64,-39,-6317
-53,-8,-6513
-76,-26,-6620
-29,-46,-6903
-33,-10,-7060
-52,-36,-7297
-33,-35,-7528
-48,-34,-7677
-57,-22,-7900
-30,-38,-8021
-12,-12,-8167
-31,-50,-8212
-8,-17,-8302
-7,-12,-8304
-50,-17,-8297
-108,-17,-8361
-83,-5,-8327
-53,-31,-8186
-54,-46,-8085
-57,-8,-7913
-34,-9,-7709
-52,-17,-7527
-34,-53,-7304
-27,-29,-7101
-22,-8,-6868
-17,-16,-6722
-9,-51,-6510
9,-43,-6307
-8,-12,-6026
9,-20,-5739
18,-31,-5545
-32,-40,-5233
-29,-31,-5010
-64,-31,-4645
-58,-24,-4361
-41,-14,-3953
-45,-29,-3722
-42,-1,-3315
-45,-8,-2997
-152,24,-2770
-168,0,-2404
-178,18,-2210
-169,-19,-1944
-105,16,-1796
-133,20,-1715
-230,61,-1564
-264,33,-1478
-192,42,-1377
-188,38,-1285
-130,35,-1244
-48,18,-1215
-44,-5,-1232
-74,-4,-1221
-79,-15,-1226
-64,-23,-1298
-57,-17,-1398
-43,-28,-1467
-21,-31,-1541
35,-38,-1670
47,-48,-1774
225,-59,-1931
580,-204,-2097
836,-154,-2176
497,-52,-2267
569,-105,-2384
554,-81,-2497
453,-29,-2672
281,-36,-2752
90,-55,-2992
39,-10,-3046
-19,12,-3174
-48,14,-3219
-82,14,-3335
-86,-17,-3444
-96,-19,-3453
-67,40,-3489
-64,-19,-3510
-49,1,-3534
-104,-5,-3501
-63,3,-3547
-99,-9,-3605
-83,4,-3672
-81,6,-3683
-83,14,-3662
-126,4,-3706
-107,4,-3691
-122,9,-3690
-99,-18,-3667
-55,-5,-3534
-79,-1,-3498
-72,12,-3365
-90,0,-3383
-77,16,-3228
-109,-29,-3140
-79,45,-3025
-95,16,-2989
-79,19,-2888
-113,11,-2855
-93,23,-2772
-131,17,-2786
-124,1,-2814
-117,7,-2795
-118,6,-2788
-131,-10,-2783
-118,41,-2830
-83,9,-2857
-109,-5,-2900
-87,29,-2942
-141,-16,-2976
-109,-1,-3087
-79,4,-3172
-105,-20,-3320
-19,-5,-3480
-73,-22,-3556
-62,-8,-3694
-66,-12,-3754
-74,-15,-3840
-72,-24,-3986
-162,-9,-4033
-121,2,-4123
-134,-7,-4238
-80,18,-4399
-75,14,-4441
-67,21,-4569
-69,9,-4706
-98,24,-4818
-78,12,-4934
-117,31,-4988
-121,-17,-5004
-104,10,-5033
-121,-20,-5073
-72,-9,-5016
-124,13,-4988
-89,-15,-4819
-125,-36,-4628
-60,5,-4389
-83,-24,-4183
-11,-41,-3894
-34,8,-3719
-67,2,-3408
-72,-10,-3280
-90,16,-3023
-109,2,-2915
-100,2,-2722
-81,-1,-2497
-36,-13,-2358
-4,5,-2262
-58,-12,-2148
-48,-34,-1954
-19,-6,-1932
-51,-24,-1848
16,-38,-1866
-20,17,-1892
1,-20,-1913
-75,26,-1923
-93,10,-1958
-79,-5,-2011
-45,-33,-2036
-84,18,-2106
-86,23,-2137
-112,21,-2220
-105,-3,-2231
-88,23,-2280
-53,28,-2347
-104,31,-2400
-126,68,-2514
-107,28,-2640
-106,-10,-2710
-107,30,-2879
-105,-12,-2952
-115,15,-2997
-128,0,-3097
-165,26,-3153
-117,41,-3248
-112,4,-3236
-116,54,-3180
-151,19,-3131
-98,18,-2998
-101,7,-2890
-143,29,-2854
-143,36,-2699
-128,26,-2653
-138,39,-2641
-141,26,-2594
-111,37,-2561
-113,-1,-2473
-109,16,-2491
-123,54,-2447
-109,33,-2433
-63,14,-2467
-82,34,-2450
-112,74,-2445
-112,40,-2458
-68,0,-2498
-74,18,-2598
-31,15,-2668
-52,19,-2733
-77,16,-2795
-75,10,-2900
-64,11,-2938
-66,-27,-3015
-64,-13,-3060
-69,-3,-3126
-72,29,-3198
-78,21,-3338
-43,26,-3404
-81,-3,-3512
-50,-28,-3589
-47,0,-3704
-69,21,-3906
-28,-3,-4042
-66,-15,-4240
-30,33,-4332
-83,-4,-4528
-57,16,-4617
-78,-4,-4803
-96,-1,-4952
-83,-17,-5033
-83,29,-5090
-54,-4,-5119
-57,17,-5107
-18,-32,-5047
-65,-24,-4927
-70,5,-4865
-83,12,-4722
-133,33,-4582
-146,45,-4446
-83,20,-4374
-67,7,-4192
-119,13,-4093
-74,7,-3968
-108,13,-3923
-102,-19,-3851
-119,-6,-3694
-74,-11,-3572
-128,22,-3271
-126,3,-2976
-114,-8,-2764
-100,-15,-2447
-120,-22,-2240
-94,-24,-2016
-95,-41,-1897
-125,-17,-1747
-123,-24,-1686
-128,-12,-1654
-76,-7,-1658
-93,11,-1618
-88,29,-1658
-107,-40,-1620
-101,9,-1643
-117,11,-1649
-77,28,-1632
-95,25,-1661
-135,28,-1743
-122,9,-1812
-137,-12,-1860
-114,-13,-2004
-87,10,-2075
-71,10,-2092
-87,40,-2144
-92,27,-2118
-113,48,-2137
-97,11,-2110
-62,38,-2175
-105,28,-2152
-76,14,-2127
-84,54,-2114
-79,37,-2125
-65,40,-2113
-81,2,-2089
-97,31,-2032
-113,65,-2009
-58,39,-1999
-93,9,-1937
-111,43,-1888
-107,23,-1815
-83,-5,-1706
-93,22,-1701
-125,-3,-1575
-147,14,-1545
-128,14,-1495
-144,4,-1476
-121,47,-1403
-96,21,-1373
-173,9,-1377
-140,22,-1381
-137,8,-1346
-150,13,-1381
-107,11,-1350
-180,-14,-1369
-175,53,-1374
-142,10,-1389
-128,59,-1357
-169,54,-1343
-181,45,-1326
-173,11,-1365
-155,37,-1319
-131,14,-1348
-169,-4,-1347
-158,34,-1355
-153,35,-1351
-148,33,-1353
-107,9,-1320
-107,2,-1345
-100,29,-1400
-136,14,-1473
-19,-24,-1630
-67,-57,-1771
-62,-40,-1774
-113,0,-1888
-159,28,-2152
-81,-22,-2491
-159,-31,-2721
-143,-22,-2807
-94,-5,-2895
-110,-15,-2959
-62,-11,-3008
-77,-1,-3015
-114,-53,-2989
-86,-3,-2978
-101,-17,-2986
-93,-1,-3009
-64,-12,-2976
-100,-14,-3004
-60,-27,-3001
-83,-17,-2954
-34,-42,-2912
-53,-16,-2901
-46,-4,-2892
-83,-1,-2875
-43,-35,-2909
-76,4,-2842
-43,14,-2780
-53,-31,-2713
-53,0,-2671
-83,-26,-2553
-81,-54,-2495
-75,-24,-2398
-60,-16,-2407
-47,-21,-2352
-15,-3,-2311
-60,-6,-2304
-86,14,-2210
-64,9,-2189
-42,4,-2216
-28,-14,-2248
-61,-15,-2320
17,-29,-2287
-47,-35,-2240
-56,-13,-2194
-21,-45,-2165
-53,-53,-2078
-28,-8,-2014
11,-31,-1997
-28,-31,-1917
-51,14,-1862
-43,-53,-1844
-18,-25,-1751
-47,-43,-1727
-8,-11,-1662
-17,-27,-1580
-41,11,-1575
-29,-19,-1592
-32,-17,-1571
-42,-48,-1552
-33,-1,-1525
-79,-33,-1497
-52,18,-1490
-3,-5,-1525
-64,3,-1550
-76,-5,-1533
-31,-26,-1464
-41,12,-1457
-60,-16,-1481
-12,-10,-1500
-25,-8,-1465
-62,33,-1486
-38,7,-1443
-54,-17,-1395
-47,11,-1417
-88,-7,-1350
-21,14,-1358
-45,2,-1353
-58,12,-1353
-41,-26,-1348
-31,9,-1322
-59,-48,-1343
-69,-40,-1294
-57,13,-1294
-91,13,-1302
-83,12,-1321
-50,23,-1307
-76,-16,-1353
-78,-71,-1334
-28,38,-1328
-66,-14,-1377
-81,-5,-1355
-66,6,-1373
-103,-27,-1384
-76,-10,-1354
-72,-4,-1374
-86,18,-1314
-94,-31,-1339
-44,-10,-1341
-73,-29,-1310
-76,2,-1277
-67,15,-1271
-57,-33,-1232
-36,-26,-1197
-100,-11,-1209
-42,-1,-1188
-95,37,-1073
-105,47,-990
-91,26,-854
-86,24,-874
-104,8,-808
-79,16,-814
-124,37,-741
-131,23,-730
-90,39,-760
-87,33,-861
-119,0,-874
-107,24,-929
-114,25,-870
-98,2,-809
-85,15,-836
-85,19,-865
-79,6,-837
-119,-15,-853
-94,16,-877
-90,12,-838
-93,21,-869
-89,16,-897
-117,20,-898
-62,30,-904
-114,-14,-962
-123,-38,-976
-93,18,-1029
-59,11,-1052
-95,2,-1127
-95,28,-1163
-74,33,-1178
-54,4,-1215
-85,2,-1247
-86,-3,-1213
-90,-1,-1232
-72,22,-1239
-99,7,-1261
-55,-12,-1218
-110,5,-1189
-72,28,-1186
-72,16,-1175
-49,-14,-1215
-100,-1,-1243
-61,9,-1242
-74,29,-1232
-57,21,-1223
-62,2,-1212
-45,-5,-1217
-64,-3,-1208
-81,9,-1181
-58,16,-1193
-57,4,-1167
-49,-11,-1158
-77,-12,-1147
-62,26,-1118
-69,11,-1071
-90,-15,-1033
-45,7,-1007
-59,29,-959
-34,28,-927
-68,34,-927
-43,-2,-909
-69,-24,-877
-50,12,-831
-52,14,-819
-57,17,-761
-68,-10,-744
-73,-18,-737
-78,3,-744
-60,-7,-736
-98,33,-662
-62,21,-655
-91,36,-704
-25,-12,-694
-53,14,-668
-68,4,-664
-73,4,-670
-96,-9,-680
-60,-8,-688
-48,19,-723
-84,-23,-711
-59,37,-739
-82,22,-781
-85,10,-799
-98,16,-756
-63,5,-808
-49,7,-798
-112,14,-832
-67,28,-829
-98,11,-810
-103,0,-854
-90,6,-807
-72,37,-833
-87,32,-807
-43,3,-808
-44,37,-796
-68,47,-801
-75,39,-792
-51,-17,-758
-74,31,-758
-78,11,-725
-34,7,-730
-45,14,-725
-87,2,-694
-83,18,-730
-77,42,-715
-43,0,-691
-67,30,-693
-45,28,-721
-83,26,-724
-29,8,-685
-121,13,-690
-67,14,-695
-67,10,-641
-94,-30,-671
-36,16,-623
-36,28,-614
-68,-4,-619
-65,-31,-635
-98,11,-621
-34,18,-589
-66,21,-603
-36,33,-600
-78,26,-550
-52,51,-574
-87,-21,-564
-81,29,-545
-87,25,-514
-95,18,-531
-66,36,-499
-41,6,-557
-58,36,-554
-93,-5,-569
-116,25,-598
-87,44,-592
-102,4,-646
-75,46,-690
-109,25,-677
-107,1,-706
-61,122,-777
-124,117,-865
-86,80,-988
-90,99,-1038
-136,113,-1034
-138,80,-1080
-50,42,-1135
-88,78,-1141
-66,34,-1185
-57,47,-1241
-77,4,-1208
-95,27,-1261
-86,37,-1322
-102,45,-1414
-74,-7,-1490
-34,12,-1516
-31,22,-1547
-54,17,-1662
-82,50,-1777
-67,2,-1928
-29,32,-2039
-39,7,-2212
-5,-12,-2335
-62,-13,-2513
15,11,-2704
-10,-17,-2895
6,-9,-3016
2,-24,-3245
-52,-10,-3354
-41,30,-3482
8,-27,-3596
-27,-22,-3788
-12,-17,-3921
8,-27,-3983
-23,14,-3968
-22,-38,-3982
-34,-30,-3944
-54,-23,-3811
-65,11,-3780
-43,23,-3743
-79,-9,-3569
-43,0,-3434
-65,4,-3252
-69,-7,-3171
-69,38,-2963
-76,35,-2791
-57,21,-2750
-74,57,-2635
-79,18,-2551
-79,8,-2402
-60,16,-2344
-86,-27,-2224
-44,-15,-2139
-51,13,-1998
-63,9,-1973
-28,-14,-1879
-37,8,-1824
-41,2,-1828
-36,9,-1750
-58,-24,-1768
-21,-9,-1738
-54,2,-1700
-90,32,-1722
-53,-24,-1751
-48,-24,-1763
-60,-62,-1737
-57,-43,-1748
-68,33,-1770
-55,-13,-1763
-46,2,-1767
-66,23,-1830
-41,-1,-1834
-90,3,-1931
-49,7,-1957
-24,31,-2016
-63,52,-2023
-38,16,-2107
-38,-17,-2113
-37,-14,-2156
-44,2,-2216
-57,20,-2237
-64,1,-2265
-47,27,-2313
-83,41,-2303
-25,20,-2354
-41,40,-2346
-58,-4,-2420
-55,19,-2459
-80,42,-2459
-44,11,-2454
-63,24,-2523
-48,45,-2556
-93,36,-2606
-83,13,-2665
-83,16,-2766
-57,38,-2808
-58,47,-2857
-108,23,-2937
-69,45,-3000
-87,61,-3020
-47,13,-3093
-50,47,-3129
-79,61,-3134
-80,42,-3120
-79,35,-3141
-122,11,-3122
-52,21,-3132
-62,17,-3108
-55,34,-3041
-43,26,-3065
-60,7,-3068
-63,15,-2997
-59,18,-2980
-76,54,-2937
-35,29,-2900
-64,38,-2925
-63,55,-2964
-64,61,-3049
-46,7,-3167
-16,-11,-3312
-44,5,-3466
-51,-5,-3646
-62,7,-3762
-69,6,-3973
-67,-3,-4036
-39,16,-4107
-19,21,-4161
-74,29,-4192
-39,18,-4157
-26,39,-4192
-53,-17,-4208
-85,-17,-4181
-74,19,-4200
-105,43,-4158
-76,-5,-4075
-83,0,-3995
-81,47,-3991
-50,-8,-3951
-40,30,-3960
-100,43,-3918
-38,16,-3895
-109,37,-3901
-61,14,-3866
-62,18,-3880
-63,9,-3856
-72,26,-3872
-60,26,-3885
-80,19,-3861
-119,22,-3868
-112,3,-3850
-76,14,-3854
-63,49,-3849
-55,55,-3801
-75,30,-3762
-90,47,-3727
-76,11,-3650
-88,28,-3577
-66,11,-3520
-69,19,-3396
-72,20,-3373
-69,45,-3271
-50,16,-3248
-86,5,-3193
-48,-38,-3171
-70,-8,-3135
-34,-14,-3025
-31,23,-2917
-49,9,-2840
-77,29,-2717
-93,1,-2636
-65,42,-2497
-79,27,-2449
-76,31,-2314
-68,49,-2268
-73,-5,-2222
-44,-1,-2213
-66,9,-2204
-62,26,-2146
-87,45,-2082
-72,43,-2003
-87,21,-1912
-95,47,-1850
-77,54,-1830
-59,14,-1725
-90,29,-1724
-88,38,-1677
-62,54,-1716
-107,4,-1725
-100,36,-1715
-95,13,-1741
-92,44,-1710
-74,16,-1687
-64,27,-1698
-50,14,-1715
-85,75,-1671
-126,0,-1630
-99,21,-1591
-128,23,-1565
-121,45,-1558
-75,45,-1479
-95,22,-1438
-69,7,-1409
-69,9,-1311
-80,46,-1341
-13,55,-1322
-79,23,-1305
-96,45,-1265
-93,0,-1277
-79,27,-1307
-92,21,-1296
-103,-23,-1268
-89,-3,-1231
-86,-8,-1275
-90,37,-1269
-108,-8,-1248
-69,-8,-1255
-116,15,-1268
-120,25,-1299
-99,26,-1349
-72,12,-1313
-86,37,-1403
-91,23,-1372
-74,56,-1382
-130,29,-1398
-100,76,-1395
-63,55,-1436
-154,68,-1445
-134,59,-1504
-99,-1,-1514
-88,41,-1519
-126,10,-1506
-107,42,-1505
-108,27,-1521
-128,6,-1475
-109,19,-1445
-100,24,-1400
-90,89,-1369
-61,69,-1282
-152,39,-1263
-77,-4,-1199
-95,40,-1187
-74,26,-1149
-110,71,-1122
-89,17,-1132
-72,30,-1106
-90,48,-1086
-107,61,-1125
-102,26,-1065
-97,54,-1032
-99,35,-983
-68,30,-1012
-78,16,-945
-87,11,-954
-100,4,-889
-106,25,-882
-58,43,-836
-73,41,-860
-111,19,-762
-66,26,-753
-59,34,-771
-100,26,-730
-99,9,-737
-83,25,-723
-93,8,-746
-92,-5,-728
-68,37,-728
-78,56,-744
-75,11,-743
-94,-4,-780
-102,36,-784
-101,34,-778
-83,40,-788
-59,14,-754
-76,49,-747
-108,30,-792
-103,27,-780
-57,29,-735
-72,-3,-759
-74,6,-780
-36,-4,-737
-47,14,-742
-62,23,-720
-73,49,-730
-67,26,-704
-83,31,-681
-70,30,-668
-67,6,-625
-54,28,-620
-60,51,-547
-54,9,-493
-22,3,-512
-57,52,-477
-67,42,-470
-37,-11,-403
-66,26,-385
-52,17,-336
-45,21,-362
-43,7,-288
-41,-21,-313
-25,19,-261
-30,42,-278
-79,-15,-216
-47,30,-210
-55,41,-233
-30,47,-233
-40,38,-201
-60,21,-218
-48,38,-192
-41,18,-199
2,33,-234
-76,4,-225
-99,-34,-246
-67,-19,-230
-42,30,-209
-76,26,-218
-69,23,-227
-64,26,-234
-63,28,-230
-68,13,-208
-93,20,-238
-61,19,-227
-39,16,-226
-50,23,-228
-19,-3,-251
-54,30,-205
-45,48,-224
-66,35,-245
-62,66,-228
-51,28,-235
-55,8,-264
-58,8,-234
-66,47,-239
-81,47,-261
-64,33,-285
-87,32,-286
-88,33,-268
-70,46,-251
-57,34,-233
-33,34,-227
-32,18,-250
-62,21,-211
-53,0,-230
-51,10,-181
-62,24,-225
-114,49,-252
-95,53,-208
-54,34,-193
-78,4,-226
-84,40,-200
-60,40,-258
-47,63,-216
-62,26,-237
-24,4,-242
-26,18,-246
-91,26,-270
-88,26,-266
-50,-3,-311
-95,14,-321
-88,14,-342
-60,52,-341
-84,33,-382
-72,16,-324
-79,31,-363
-94,-1,-386
-103,10,-414
-77,49,-415
-83,61,-385
-76,54,-417
-82,46,-436
-66,-16,-469
-109,12,-442
-105,2,-432
-114,-3,-436
-81,9,-431
-75,16,-427
-105,40,-441
-87,5,-424
-69,11,-426
-72,10,-453
-71,-29,-416
-120,-2,-416
-53,19,-400
-42,40,-417
-67,1,-370
-96,45,-400
-102,-23,-387
-68,7,-367
-87,-7,-370
-104,11,-339
-66,6,-321
-76,23,-337
-85,13,-307
-53,6,-293
-100,3,-332
-57,55,-310
-85,25,-297
-86,13,-273
-76,-17,-275
-86,29,-255
-79,7,-282
-95,23,-245
-75,31,-262
-47,28,-267
-98,23,-269
-85,35,-228
-86,20,-268
-91,14,-244
-81,53,-254
-78,52,-237
-68,45,-278
-100,37,-267
-64,55,-250
-69,37,-242
-69,42,-241
-65,23,-259
-59,-5,-294
-60,53,-275
-57,56,-245
-66,36,-279
-60,2,-267
-12,44,-256
-16,50,-247
-12,26,-214
-3,43,-213
9,54,-231
14,40,-211
30,32,-278
-6,-3,-205
35,45,-217
26,27,-199
21,22,-240
33,18,-225
24,17,-237
21,18,-218
29,34,-220
52,22,-207
36,52,-248
26,46,-228
58,55,-235
98,75,-268
72,61,-300
-19,11,-325
-24,23,-307
-2,-3,-278
11,-3,-290
-17,2,-325
-12,0,-306
2,46,-325
-58,26,-310
-32,-31,-311
-19,26,-271
-26,15,-287
-23,40,-253
-47,-21,-287
-55,21,-266
-67,18,-284
-44,44,-325
-47,14,-286
-100,56,-276
-52,48,-279
-71,37,-280
-52,33,-282
-84,29,-258
-18,5,-294
-43,53,-286
-68,59,-235
-51,51,-226
-78,30,-233
-10,40,-191
-38,-1,-176
-62,36,-208
-69,8,-229
-53,-15,-221
-83,-22,-212
-76,18,-192
-74,6,-184
-80,1,-202
-20,5,-151
-106,38,-162
-90,13,-126
-42,16,-145
-25,11,-169
-36,-5,-126
-45,23,-147
-63,63,-125
-49,34,-146
-71,18,-133
-35,-5,-145
-74,28,-144
-74,35,-119
-34,22,-141
-79,7,-135
-117,7,-138
-72,49,-147
-58,35,-141
-46,23,-149
-77,37,-159
-76,43,-128
-93,25,-162
-74,21,-137
-63,37,-130
-62,37,-178
-50,67,-113
-70,38,-122
-75,21,-143
-69,27,-141
-37,9,-124
-41,26,-107
-81,37,-118
-44,67,-104
-75,42,-114
-64,14,-64
-62,4,-64
-70,18,-41
-85,2,-65
-72,33,-40
-91,26,-38
-72,26,-51
-72,19,-7
-69,30,-34
-74,26,-41
-106,12,-20
-38,38,-29
-72,51,-42
-71,30,-13
-60,-35,6
-58,19,37
-47,21,-26
-67,2,-28
-73,11,-5
-70,33,26
-69,32,4
-27,-3,0
-39,28,7
-50,30,7
-68,27,23
-36,37,26
-62,23,3
-57,23,-7
-58,8,-5
-14,15,-19
-34,5,-20
-36,17,-5
-15,34,-12
-24,13,-27
-46,72,-50
-30,49,-44
-64,36,-51
-48,-3,-69
-72,20,-53
-49,38,-37
-21,11,-55
-75,43,-69
-39,30,-57
-45,61,-61
-27,6,-50
-85,41,-86
-52,34,-68
-39,30,-73
-55,40,-83
-76,24,-66
-61,-3,-154
-63,40,-105
-55,45,-78
-52,28,-102
-73,58,-78
-55,40,-109
-64,34,-140
-75,32,-114
-45,30,-157
-34,21,-159
-65,40,-145
-38,18,-176
-45,52,-178
-34,20,-166
-83,54,-215
-49,47,-183
-70,71,-188
-54,37,-178
-31,30,-191
-54,52,-194
-72,15,-217
-72,21,-171
-61,16,-197
-45,66,-138
-32,34,-182
-36,10,-150
-47,65,-165
-54,36,-121
-61,22,-135
-76,-2,-158
-31,44,-136
-61,30,-179
-79,16,-135
-40,20,-175
-42,4,-152
-57,16,-145
-50,-5,-128
-72,42,-150
-57,21,-140
-78,40,-160
-40,32,-168
-50,24,-185
-60,21,-173
-79,60,-153
-57,30,-121
-43,20,-157
-80,48,-169
-60,20,-195
-53,23,-189
-43,7,-192
-27,14,-186
-90,19,-142
-75,4,-153
-26,34,-181
-19,27,-185
-86,48,-178
-48,30,-190
-60,39,-160
-95,12,-203
-66,7,-189
-45,37,-214
-64,33,-219
-71,49,-207
-52,23,-248
-60,36,-237
-43,26,-212
-60,26,-243
-60,55,-217
-44,26,-240
-43,37,-202
-72,36,-252
-80,40,-255
-73,19,-259
-62,62,-215
-98,25,-213
-76,51,-237
-103,40,-219
-74,37,-244
2,55,-208
-63,71,-212
-86,85,-220
-74,37,-238
-41,61,-221
-58,55,-205
-43,37,-178
-65,51,-220
-34,4,-205
-50,19,-191
-47,59,-171
-5,35,-168
-40,49,-136
-40,52,-130
-51,25,-146
-60,30,-118
-46,11,-113
-62,4,-96
-29,66,-48
-26,0,-62
-57,34,-60
-50,17,-64
-12,56,-55
-65,31,-54
-60,48,-38
-61,35,-57
-42,7,-49
-41,30,-78
-63,42,-11
-27,22,-21
-50,15,-22
-51,16,-52
-42,22,-61
-50,27,-56
-70,-3,-69
-45,33,-77
-67,-8,-88
-71,23,-36
-10,42,-27
-31,22,-49
-29,40,-69
-46,47,-78
-62,37,-86
-38,38,-90
-10,45,-87
-41,48,-76
-41,13,-121
-48,32,-141
-60,40,-130
-40,14,-128
-60,33,-125
-58,21,-109
-50,66,-121
-77,50,-138
-102,47,-115
-71,50,-122
-73,40,-138
-52,38,-119
-38,56,-90
-70,-30,1
12,48,-10
-99,40,-77
-54,63,-57
-27,45,-65
-82,39,-49
-55,18,-76
-76,43,-42
-37,28,-61
-70,18,-61
-98,45,-56
-101,61,-88
-69,63,-114
-57,46,-95
-58,56,-128
-27,67,-85
-57,40,-96
-33,79,-100
-42,39,-113
-33,35,-143
-58,74,-91
-94,63,-90
-68,63,-105
-57,48,-100
-23,55,-83
-36,45,-107
-19,-4,-111
-74,30,-76
-15,31,-95
-48,36,-63
-74,53,-49
-38,42,-55
-7,42,-49
-59,62,-15
-22,33,-25
-35,38,-5
-13,92,-8
-19,61,14
-29,44,12
52,57,49
39,82,63
34,61,33
22,33,63
68,35,56
11,56,58
15,31,97
-12,47,97
18,61,143
23,82,151
11,94,135
59,80,201
61,43,156
92,61,168
32,68,158
13,75,164
8,55,206
33,47,176
26,49,230
46,-19,373
-2,-19,403
14,-8,393
20,59,355
29,54,312
45,68,277
-5,75,201
56,62,172
52,68,142
26,36,109
1,80,66
25,58,42
-20,62,34
7,69,45
-7,52,37
-54,86,1
-24,48,4
-69,81,5
-39,83,-4
4,30,14
-60,-3,0
-18,45,9
-53,42,-12
-49,42,-35
-42,0,-53
-70,12,-50
-65,-22,-35
-81,-11,-50
-29,7,-15
-57,-5,-22
-88,9,-36
-52,4,-41
-68,11,-32
-64,30,4
-62,18,2
-60,-18,-38
-97,-51,-18
-62,-3,-31
-90,18,-17
-65,8,-32
-60,37,7
-82,2,9
-55,30,2
-68,-12,18
-44,13,-17
-41,10,-31
-60,18,-35
-30,-17,0
-30,39,25
-26,11,-5
-48,37,-8
-107,-6,-36
-74,-8,-7
-31,-21,0
-36,23,-50
-67,13,-54
-37,-29,-44
-45,23,-60
-41,-28,-88
-53,-25,-36
-56,-9,-90
-43,29,-67
-60,38,-103
-90,23,-95
-79,31,-168
-63,40,-197
-65,50,-230
-36,75,-242
-50,53,-279
-45,45,-302
-38,84,-328
-53,33,-377
-76,74,-401
-60,47,-386
-41,52,-382
-78,16,-382
-62,29,-340
-42,53,-356
-62,11,-372
-79,52,-319
-67,35,-311
-90,25,-280
-95,-1,-249
-30,26,-221
-84,18,-199
-61,37,-193
-53,30,-176
-119,45,-147
-67,38,-124
-81,27,-114
-83,-11,-104
-67,-25,-130
-94,-18,-106
-64,-5,-65
-28,-23,-19
-27,-81,149
37,-137,347
81,-270,596
95,-259,701
96,-139,810
17,-85,814
7,-54,752
15,-33,715
33,-48,630
9,-22,535
-47,-26,516
-34,9,471
-39,2,449
-38,-5,432
-62,-20,459
-33,-37,414
-25,-42,429
6,-81,433
4,-34,440
-49,-18,410
-64,-45,433
-25,-34,421
-77,-57,424
-78,-76,427
-94,-82,433
-62,-42,443
-62,-57,468
-83,-35,399
-66,-30,460
-26,-91,525
-170,-87,644
-60,-98,846
53,-41,900
82,-43,902
14,-50,907
-39,-3,876
-67,-31,918
-10,4,928
15,6,900
-21,-21,910
-8,-43,921
-19,-37,951
-6,-6,937
-56,-48,935
17,-46,964
-27,-2,999
-29,-37,1002
-27,-36,975
-22,-20,1035
-68,-20,1063
-80,-60,1041
-98,-65,1051
-30,-35,1070
11,-25,1084
-35,-46,1086
-45,16,1080
23,-22,1128
45,-10,1120
29,-15,1158
-87,-53,1148
46,-60,1194
98,21,1217
-8,-11,1173
36,9,1205
245,112,1307
-133,30,1352
-61,33,1373
4,24,1387
-30,21,1378
37,-19,1305
32,-3,1305
-7,31,1233
-97,-18,1091
-161,31,991
-205,0,722
-165,32,610
-124,1,464
-135,0,390
-89,-15,352
-34,27,222
-54,25,186
-70,54,145
-100,34,130
-123,33,135
-119,37,112
-176,18,174
-107,10,168
-154,21,116
-140,12,144
-154,30,149
-117,37,123
-114,34,132
-157,59,100
-109,26,144
-135,40,110
-155,37,114
-87,47,112
-81,22,105
-118,9,78
-179,24,88
-135,56,91
-89,26,82
-130,23,45
-128,25,33
-80,31,32
-110,29,9
-107,35,50
-83,31,27
-96,18,10
-87,28,26
-99,-4,11
-64,34,42
-53,38,26
-68,-5,60
-37,25,79
-30,18,50
-3,5,85
-13,19,80
1,2,81
-5,-17,90
19,-1,99
50,6,137
63,-32,215
60,-12,246
41,-18,289
33,0,360
68,4,418
49,37,471
75,4,498
87,35,563
66,24,659
106,17,730
73,-11,841
108,3,926
110,36,980
51,1,1040
35,-3,1098
3,-4,1136
18,33,1133
50,35,1161
42,-18,1140
-1,5,1133
21,19,1082
-12,23,1064
-34,33,1025
-25,35,975
-45,-8,932
0,17,933
-3,30,864
-12,23,793
-41,8,776
-10,21,731
15,14,746
23,36,698
14,18,654
43,48,628
-29,18,596
15,4,592
24,4,601
-14,0,608
13,5,596
16,33,622
2,16,612
-17,40,649
-30,11,656
-30,11,634
0,20,613
-60,-19,610
-13,33,619
-8,18,575
-55,32,599
-29,18,604
-38,73,585
-27,16,615
-60,21,625
-21,18,606
-12,41,613
18,9,601
0,56,634
-12,42,619
2,64,664
20,42,680
-45,49,703
-17,65,763
-15,46,758
16,45,711
1,59,737
18,47,766
-4,21,729
-5,54,724
-36,42,753
-45,57,762
-6,55,743
9,40,709
-12,35,753
-55,23,698
-24,33,682
-31,19,675
-85,-10,595
-65,9,669
-48,14,661
-34,-5,643
-36,12,647
-50,-24,616
-25,9,615
-53,28,637
-7,-23,600
-3,26,585
-34,-6,612
-25,11,592
-27,-21,613
-8,-12,586
-57,19,572
-84,24,568
-38,33,587
-46,28,577
-25,2,595
-76,61,676
-60,9,670
-54,16,701
-79,-12,760
-52,30,755
-88,-48,727
-64,7,791
-116,-19,753
-89,-12,800
-108,0,805
-132,-21,812
-133,-5,811
-131,0,846
-157,5,844
-143,-10,840
-120,-3,797
-133,10,840
-135,12,834
-147,26,864
-117,42,876
-116,28,887
-120,50,933
-92,35,1039
-62,-18,1038
-79,30,1069
-92,2,1096
-64,9,1132
-80,21,1174
-71,7,1207
-76,51,1217
-55,26,1229
-89,11,1269
-99,-20,1278
-35,7,1335
-43,-5,1374
-63,12,1385
-80,4,1404
-80,34,1414
-86,31,1411
-50,40,1426
-68,33,1383
-77,34,1373
-88,17,1413
-93,42,1401
-75,-3,1390
-56,34,1360
-40,35,1383
-3,15,1396
-36,18,1388
-56,32,1378
-34,12,1359
-56,67,1342
-80,40,1373
-108,29,1368
-103,42,1332
-98,21,1380
-101,54,1359
-99,26,1366
-73,-2,1357
-87,9,1365
-51,40,1356
-60,14,1314
-116,44,1360
-69,21,1325
-90,59,1343
-81,62,1303
-55,47,1310
-112,14,1358
-93,37,1302
-32,69,1295
-61,-8,1284
-57,38,1278
-107,42,1197
-80,35,1153
-114,27,1120
-109,28,1103
-43,78,1084
-88,35,1039
-60,33,1048
-68,18,1032
-98,40,1022
-64,4,1003
-59,33,1008
-73,71,965
-86,42,956
-70,33,921
-68,38,900
-80,67,917
-117,65,923
-100,42,918
-125,32,1011
-101,29,988
-107,24,1011
-52,26,1038
-55,9,1016
-36,14,981
-48,30,994
-31,33,960
-24,5,930
-39,-10,814
-72,36,771
-71,36,707
-45,33,701
-71,34,635
-66,21,596
-93,36,594
-82,27,517
-11,28,547
-57,22,516
-74,21,538
-45,32,521
-61,41,530
-84,-9,518
-67,-5,546
-50,-10,577
-62,22,596
-51,-2,573
-74,5,541
-7,18,570
-41,52,559
-62,33,565
-92,44,524
-74,23,530
-25,18,525
-59,23,519
-55,31,511
-82,-9,484
-38,16,509
-55,18,497
-84,40,490
-65,86,511
-79,21,492
-63,11,494
-104,4,548
-60,49,569
-83,57,622
-62,71,632
-106,58,713
-83,61,748
-67,24,769
-17,33,750
9,64,807
-37,42,874
-87,40,916
-69,9,946
-81,47,941
-50,16,1023
-81,53,1014
-101,42,1037
-74,31,1054
-64,-10,1136
-96,23,1212
-98,33,1243
-105,12,1257
-110,25,1298
-96,18,1309
-162,18,1269
-98,22,1241
-81,45,1305
-95,30,1291
-44,15,1278
-82,36,1312
-151,22,1362
-137,66,1331
-79,7,1371
-49,-3,1396
-82,11,1446
-81,78,1502
-65,40,1613
-55,42,1652
-87,69,1732
-121,35,1781
-89,71,1880
-36,86,1949
-74,66,2118
-113,97,2178
-97,88,2328
-62,68,2473
-29,75,2625
-50,52,2749
-19,42,2856
-64,73,2972
-98,106,3090
-59,102,3265
-64,112,3468
-6,120,3548
-31,89,3786
-34,107,3908
-8,134,4072
3,152,4189
0,99,4324
31,111,4486
52,118,4578
54,118,4772
50,117,4877
56,85,4989
75,125,5088
49,98,5212
63,104,5260
120,123,5265
60,127,5310
139,141,5373
180,132,5400
201,134,5430
189,73,5418
222,148,5386
247,135,5402
281,101,5359
285,143,5378
252,163,5284
266,132,5241
230,165,5217
258,135,5110
303,116,5075
305,113,4992
344,89,4905
373,120,4816
389,108,4772
393,85,4710
355,87,4684
312,96,4570
269,75,4519
203,68,4483
210,66,4479
177,46,4405
170,31,4438
168,41,4415
45,47,4397
42,11,4399
-38,11,4350
-45,63,4321
-122,18,4319
-115,23,4322
-169,35,4369
-222,41,4476
-286,26,4526
-341,67,4649
-465,63,4762
-491,73,4897
-624,87,5001
-1095,523,4578
-3228,909,4455
-3011,714,4344
-2009,268,4299
-1017,93,4225
-652,50,4147
-519,63,4095
-407,54,4013
-382,23,3891
-291,76,3685
-240,92,3561
-252,120,3320
-218,98,3166
-248,69,3014
-261,124,2932
-244,118,2863
-266,121,2790
-207,82,2773
-223,112,2801
-222,128,2852
-233,111,2889
-229,132,2960
-218,154,3043
-230,128,3178
-226,143,3272
-175,116,3373
-171,145,3488
-130,92,3545
-70,85,3669
71,72,3720
-21,88,3825
-90,50,3899
-95,78,3984
22,58,4018
-5,56,4142
-94,105,4206
-45,73,4320
2,49,4411
4,30,4506
62,49,4594
56,45,4692
89,26,4839
44,49,4874
90,21,4984
77,11,5047
67,43,5102
49,8,5116
26,23,5165
29,3,5199
49,51,5260
-23,10,5239
35,35,5298
1,35,5416
-15,33,5460
-48,24,5499
-47,4,5577
-34,55,5630
-63,45,5679
-78,23,5790
-35,-3,5807
-95,47,5883
-88,48,5959
-79,50,6050
-120,33,6141
-110,14,6233
-79,27,6347
-109,47,6425
-105,12,6638
-141,-22,6780
-158,41,6903
-161,17,7100
-166,96,7263
-210,59,7465
-254,135,7550
-204,136,7749
-133,112,7875
-93,104,8114
-121,145,8299
-197,118,8589
-197,194,8797
-246,212,8941
-169,200,9161
-232,190,9235
-179,209,9331
-216,178,9337
-203,240,9377
-190,210,9397
-124,166,9395
-167,177,9389
-185,198,9386
-120,206,9328
-109,166,9329
-140,138,9266
-116,132,9251
-135,118,9215
-164,150,9195
-127,146,9116
-160,127,9124
-190,119,9137
-179,153,9123
-189,118,9129
-154,123,9147
-176,117,9193
-189,126,9169
-139,122,9182
-141,117,9172
-152,151,9191
-102,148,9161
-120,95,9115
-138,130,9111
-180,108,8970
-136,96,8950
-157,82,8863
-173,103,8775
-131,104,8737
-115,92,8680
-107,94,8547
-160,118,8428
-143,92,8281
-146,94,8120
-119,116,8002
-156,95,7767
-103,116,7540
-88,106,7324
-114,75,7171
-128,72,6955
-128,95,6794
-121,76,6548
-114,47,6456
-86,32,6313
-110,59,6140
-104,47,5958
-122,18,5823
-169,49,5736
-144,68,5567
-228,71,5505
-199,95,5432
-139,80,5344
-208,85,5301
-176,127,5252
-162,92,5202
-166,83,5238
-198,106,5219
-174,114,5214
-201,65,5255
-222,118,5323
-147,112,5347
-157,135,5383
-192,120,5441
-134,150,5490
-150,125,5511
-164,108,5489
-163,50,5542
-175,85,5535
-128,78,5568
-107,70,5586
-169,48,5545
-156,54,5582
-125,91,5527
-133,89,5528
-129,80,5545
-100,71,5591
-166,54,5572
-139,31,5641
-116,35,5754
-178,27,5842
-112,59,5919
-98,49,5960
-119,51,6037
-81,42,6133
-133,35,6202
-178,82,6238
-131,30,6290
-112,58,6319
-120,82,6406
-105,70,6432
-114,66,6442
-74,49,6358
-71,20,6317
-55,28,6318
-98,64,6291
-144,87,6186
-103,75,6141
-101,93,6070
-138,15,5980
-120,66,5850
-130,58,5814
-138,80,5756
-147,93,5675
-69,88,5591
-121,91,5503
-106,95,5471
-121,87,5414
-118,70,5352
-119,56,5289
-72,52,5249
-119,61,5220
-102,66,5138
-83,39,5070
-141,59,5059
-124,43,4985
-114,75,4980
-123,101,4963
-173,69,4949
-125,48,4989
-135,58,4986
-109,11,4947
-89,52,4926
-99,40,4894
-119,59,4924
-194,36,4922
-156,33,4950
-126,69,4980
-138,35,4938
-111,13,4923
-134,32,4940
-117,-19,4901
-109,-27,4912
-111,13,4950
-132,32,4944
-101,13,4964
-154,32,4990
-114,-3,5004
-146,16,5040
-139,0,5156
-74,9,5161
-55,25,5231
-95,53,5359
-114,48,5445
-147,7,5537
-85,22,5607
-82,59,5625
-128,35,5771
-114,36,5897
-107,75,5991
-102,24,6148
-117,65,6271
-112,63,6418
-64,31,6512
-78,5,6688
-110,18,6750
-98,56,6885
-82,28,6980
-95,10,7074
-125,52,7143
-98,19,7196
-95,75,7215
-77,44,7228
-109,57,7207
-76,54,7218
-99,33,7155
-162,34,7102
-81,35,7074
-86,66,6920
-85,33,6882
-134,65,6768
-79,67,6611
-110,59,6471
-130,78,6378
-84,44,6240
-138,82,6126
-119,67,5996
-154,46,5949
-117,47,5887
-146,42,5790
-99,80,5748
-144,47,5665
-76,59,5598
-78,35,5589
-121,67,5565
-96,30,5582
-60,66,5548
-86,49,5540
-112,30,5519
-95,45,5498
-112,52,5535
-139,4,5530
-104,72,5554
-121,40,5536
-128,69,5541
-97,39,5553
-79,21,5551
-110,13,5544
-115,38,5586
-98,53,5530
-97,78,5582
-141,41,5605
-131,37,5596
-141,39,5579
-129,19,5598
-155,23,5619
-104,37,5689
-115,26,5696
-111,19,5709
-119,37,5717
-121,63,5836
-109,89,5985
-94,36,6094
-88,18,6210
-98,23,6274
-114,18,6388
-131,30,6442
-144,38,6555
-162,4,6623
-166,23,6716
-144,11,6738
-113,30,6783
-116,29,6818
-130,13,6875
-104,70,6894
-131,37,6786
-165,22,6597
17,-6,6510
-112,27,6365
-95,30,6276
-95,30,6134
-162,40,6072
-124,17,6019
-135,31,5924
-121,13,5905
-112,33,5855
-137,28,5880
-151,29,5842
-151,12,5741
-129,22,5745
-109,21,5691
-149,26,5697
-107,37,5597
-101,14,5572
-117,13,5434
-102,21,5342
-75,28,5175
-107,42,5161
-48,61,5117
-90,103,5127
-138,59,5087
-110,42,5018
-172,25,4935
-131,37,4848
-112,45,4755
-60,61,4649
-51,99,4639
-50,80,4549
-80,68,4572
-122,63,4453
-124,30,4405
-117,1,4378
-98,38,4365
-93,54,4273
-162,82,4258
-82,45,4184
-118,101,4102
-109,79,4067
-147,44,4093
-104,56,4059
-101,54,4092
-99,24,4122
-124,57,4170
-109,47,4219
-82,40,4225
-61,32,4299
-103,37,4336
-112,3,4313
-88,34,4348
-83,28,4310
-100,50,4351
-114,46,4426
-113,45,4425
-140,63,4438
-100,45,4435
-117,79,4416
-105,50,4427
-114,33,4357
-74,87,4364
-94,48,4340
-72,49,4349
-103,41,4395
-84,42,4329
-94,35,4375
-102,38,4331
-92,42,4308
-67,0,4302
-98,59,4394
-90,36,4407
-104,48,4422
-109,30,4435
-105,62,4500
-84,56,4537
-88,43,4574
-68,75,4630
-100,59,4662
-90,85,4618
-64,40,4685
-117,72,4713
-81,67,4725
-105,20,4760
-72,45,4777
-90,59,4750
-93,54,4753
-69,79,4795
-68,56,4745
-73,33,4720
-73,47,4690
-78,33,4683
-35,52,4594
-98,47,4581
-93,50,4499
-93,28,4437
-66,62,4298
-76,40,4207
-48,39,4071
-102,60,3958
-82,45,3846
-94,39,3740
-90,46,3660
-112,42,3569
-114,33,3483
-133,17,3412
-133,6,3355
-144,48,3315
-103,21,3285
-117,58,3303
-142,42,3320
-116,26,3314
-112,54,3363
-151,32,3409
-130,61,3491
-145,39,3526
-98,37,3590
-107,45,3606
-100,67,3698
-121,28,3749
-134,40,3787
-123,33,3885
-98,4,3926
-98,32,3969
-102,28,3995
-100,14,4059
-81,10,4099
-36,2,4130
-110,16,4180
-80,21,4194
-46,37,4203
-81,9,4246
-66,37,4177
-100,45,4220
-89,16,4175
-73,21,4168
-72,23,4169
-59,62,4147
-41,75,4073
-71,56,4063
-100,52,3995
-138,27,3952
-57,24,3883
-67,34,3820
-103,32,3740
-116,14,3718
-133,54,3668
-86,0,3623
-91,14,3591
-98,14,3607
-81,18,3557
-108,20,3634
-140,47,3688
-121,17,3815
-121,21,4021
-133,38,4251
-148,48,4632
-111,85,4850
-77,69,5137
-88,66,5275
-121,61,5484
-136,49,5622
-138,31,5728
-126,-7,5837
-138,13,5913
-112,38,5999
-104,2,6025
-137,23,6065
-120,12,6067
-121,18,6039
-128,40,6048
-117,88,5994
-112,73,5933
-117,23,5869
-90,67,5796
-108,29,5665
-135,14,5625
-97,32,5530
-99,43,5431
-94,60,5334
-105,50,5222
-121,-27,5092
-135,35,5078
-129,6,5004
-150,5,4968
-159,29,5058
-138,-2,5067
-172,9,5133
-161,21,5176
-208,40,5326
-190,0,5440
-159,14,5586
-166,-23,5670
-214,-19,5854
-179,-18,5970
-185,7,6067
-230,-50,6249
-192,-19,6371
-233,-10,6548
-252,-32,6693
-237,-15,6815
-226,-19,7049
-260,-24,7145
-243,-8,7292
-224,-29,7320
-194,-28,7481
-190,-11,7540
-217,2,7556
-183,-1,7612
-215,2,7605
-208,-8,7571
-189,24,7601
-165,26,7495
-191,37,7500
-206,14,7323
-154,11,7254
-159,5,7141
-177,46,7087
-175,-15,6895
-167,-7,6838
-187,16,6641
-140,-13,6489
-129,-8,6276
-159,17,6195
-172,21,5959
-145,24,5761
-185,33,5657
-186,14,5530
-189,14,5446
-216,-15,5327
-201,-6,5257
-193,-29,5176
-222,2,5140
-220,-8,5112
-173,11,5054
-174,-12,4998
-184,-3,5006
-209,50,4969
-180,33,4961
-206,-3,5004
-189,27,5018
-172,23,5049
-145,16,5075
-128,38,5138
-31,71,5370
-177,36,5524
-135,31,5672
-58,52,5809
-72,38,6003
-42,41,6112
-100,34,6189
-36,58,6262
-24,69,6406
-84,52,6432
-95,49,6487
-45,53,6522
-46,56,6522
-44,34,6578
-9,75,6520
-67,17,6472
-29,26,6455
-4,52,6423
-42,68,6349
-49,25,6293
-91,63,6214
-67,37,6224
-65,77,6202
-74,54,6225
-110,30,6228
-78,35,6243
-106,28,6289
-111,49,6329
-137,23,6387
-102,28,6541
-113,28,6590
-121,-4,6707
-123,56,6835
-86,30,6871
-126,42,7010
-114,46,7047
-95,22,7100
-124,28,7146
-126,63,7213
-153,60,7183
-136,35,7233
-167,21,7226
-152,49,7188
-158,29,7175
-207,29,7233
-214,34,7233
-169,30,7287
-185,31,7294
-153,7,7422
-192,22,7531
-211,28,7738
-275,48,7948
-216,37,8233
-262,-13,8433
-268,-10,8730
-208,14,9040
-217,18,9221
-213,-1,9467
-186,31,9615
-206,44,9819
-154,0,9928
-173,28,10093
-289,13,10196
-207,40,10281
-180,30,10392
-176,6,10418
-234,0,10418
-147,24,10416
-148,53,10352
-209,7,10329
-143,4,10223
-218,19,10205
-118,7,10030
-148,-6,9917
-131,8,9679
-187,12,9542
-180,-19,9397
-244,-8,9223
-164,-5,9166
-215,30,8919
-84,43,8655
-114,28,8498
-292,6,8456
-191,45,8168
-184,52,8026
-247,10,7793
-140,45,7622
-70,71,7117
-67,60,6716
-37,61,6124
-71,33,5696
-116,-5,5113
-124,25,4724
-131,31,4175
-154,28,3832
-157,28,3391
-161,30,3116
-139,28,2854
-168,20,2637
-148,35,2434
-138,23,2363
-152,-9,2247
-178,7,2208
-171,23,2230
-203,20,2348
-154,7,2403
-152,11,2618
-195,24,2677
-152,29,2816
-131,37,2936
-158,60,3060
-152,29,3153
-126,1,3275
-163,2,3360
-159,30,3469
-229,15,3552
-215,-3,3708
-214,-32,3844
-192,-5,3972
-258,-7,4107
-295,16,4335
-383,-29,4530
-339,12,4820
-389,11,5321
-439,36,5785
-390,79,6411
103,125,6723
225,93,6983
165,42,7135
170,21,7289
91,-5,7325
119,21,7364
104,26,7305
24,49,7162
-9,28,7065
-42,9,6951
-49,34,6771
-73,4,6595
-69,-35,6426
-45,22,6322
-93,23,6141
-22,34,6024
-22,45,5766
-57,40,5611
-11,63,5411
-16,22,5238
-86,-27,5062
-104,40,4968
-83,30,4769
-79,33,4680
-81,0,4563
-99,17,4549
-62,44,4461
-41,33,4399
-50,40,4374
-27,50,4398
-32,71,4418
-54,45,4437
-39,70,4430
-49,16,4442
-28,5,4504
-55,26,4611
-55,33,4688
-147,47,4784
-99,29,4851
-32,48,4927
-67,57,4976
-68,40,5077
-67,36,5163
-41,30,5195
-29,59,5252
-27,55,5360
4,60,5330
-10,62,5395
-41,23,5375
-44,31,5360
16,23,5388
-14,36,5318
0,9,5328
-48,39,5250
23,75,5244
28,-10,5212
-20,52,5175
-31,29,5202
-4,63,5166
-24,22,5164
-4,-5,5175
-8,49,5167
-16,78,5214
-30,4,5222
-5,14,5246
-18,30,5279
-28,35,5300
-89,22,5313
-91,29,5347
-53,-8,5364
-72,21,5352
-41,-15,5358
-73,4,5434
-53,26,5432
-64,24,5402
-55,43,5453
-44,56,5482
-70,98,5457
-63,36,5485
-76,67,5494
-103,44,5529
-77,-9,5557
-125,12,5590
-109,27,5698
-104,51,5752
-100,43,5760
-112,32,5836
-126,63,5914
-95,62,5969
-147,42,6091
-133,55,6213
-150,59,6243
-126,35,6370
-147,37,6421
-127,39,6564
-164,29,6636
-92,25,6742
-95,35,6847
-131,31,6937
-115,29,7072
-189,39,7200
-173,33,7242
-104,52,7313
-136,50,7428
-97,56,7465
-105,38,7526
-114,66,7550
-100,87,7564
-81,36,7644
-88,29,7638
-122,56,7654
-100,54,7592
-65,44,7642
-131,4,7712
-129,45,7775
-153,22,7813
-126,63,7955
-99,29,8103
-144,9,8193
-87,15,8287
-95,27,8505
-107,35,8568
-100,32,8751
-125,54,8916
-126,59,8976
-123,45,9101
-112,24,9135
-74,50,9149
-93,43,9119
-146,28,9124
-114,31,9106
-103,30,9083
-101,63,9058
-104,81,8990
-99,99,8915
-105,59,8827
-95,52,8710
-93,17,8561
-79,33,8498
-91,33,8449
-112,37,8387
-114,58,8278
-101,68,8225
-95,22,8133
-116,48,8047
-106,56,7925
-119,70,7863
-103,59,7664
-112,60,7507
-52,85,7360
-79,62,7366
-95,68,7345
-105,60,7339
-81,90,7301
-86,61,7240
-100,33,7254
-51,61,7192
-70,71,7174
-114,36,7107
-144,77,6983
-157,41,6932
-135,37,6926
-119,43,6863
-99,42,6862
-111,80,6888
-93,87,6840
-83,53,6831
-90,76,6798
-73,57,6792
-105,48,6804
-69,58,6799
-120,77,6766
-107,101,6807
-60,80,6797
-104,71,6796
-121,75,6741
-114,66,6711
-113,28,6658
-131,40,6588
-95,75,6603
-90,87,6595
-115,54,6522
-121,66,6522
-102,65,6484
-89,42,6522
-128,30,6556
-87,11,6506
-109,-19,6515
-52,0,6502
-117,-26,6404
-91,1,6271
-100,-22,6240
-120,-17,6120
-114,-16,6084
-154,-19,6011
-139,-4,6013
-111,38,5914
-180,-32,5788
-193,-17,5726
-211,-12,5642
-171,12,5684
-199,21,5686
-182,-4,5667
-159,4,5634
-181,-18,5632
-126,19,5541
-180,11,5459
-133,18,5398
-202,-30,5285
-175,-22,5216
-154,-62,5273
-165,-68,5473
-157,-83,5736
-168,-41,5919
-108,-10,6240
-132,-57,6519
-78,-21,6662
-81,6,6812
-107,-6,6825
-60,-32,6931
-90,1,6934
-80,17,6997
-88,-39,6941
-109,-4,6852
-93,-8,6807
-86,-34,6765
-93,-24,6705
-148,-30,6594
-74,-27,6738
-109,-38,6978
-36,-62,7101
-50,-22,7371
-72,-48,7529
21,-51,7758
-47,-40,7862
-4,-66,8047
-7,-81,8161
-3,-72,8310
2,-79,8356
-27,-43,8442
-11,-89,8518
-59,-29,8613
-92,-44,8689
-97,-50,8778
-45,-16,8831
-87,-27,8966
-65,-5,9076
-73,16,9190
-81,-29,9298
-69,16,9362
-84,-13,9521
-49,-34,9559
-86,-9,9667
-67,48,9751
-88,0,9712
-88,-26,9749
-86,17,9729
-104,14,9637
-106,21,9497
-106,16,9405
-67,3,9232
-102,11,9091
-102,15,8881
-88,-10,8739
-46,-9,8502
-92,13,8309
-104,2,8034
-57,41,7864
-58,16,7586
-94,9,7348
-57,59,7186
-72,-6,6939
-112,18,6796
-128,-8,6661
-77,11,6545
-88,16,6444
-100,20,6373
-126,21,6298
-112,8,6243
-88,7,6197
-88,-12,6186
-67,7,6134
-93,26,6084
-88,5,6007
-59,24,5985
-48,-8,5902
-41,42,5852
-44,18,5778
-55,13,5736
-77,26,5684
-67,23,5612
-103,23,5466
-69,32,5454
-26,47,5494
-79,56,5461
-74,20,5433
-50,23,5420
-21,18,5461
-37,-12,5488
-29,-1,5537
-19,-15,5588
-37,-26,5691
-13,-17,5795
-28,-13,5917
-48,-36,5946
-8,-1,6062
-31,16,6119
-72,4,6185
-50,-11,6351
-22,9,6493
-51,21,6596
-67,15,6750
-51,2,6793
-55,-5,6840
-57,44,6872
-74,29,6939
-73,-12,6972
-100,35,6984
-100,33,6987
-81,33,6946
-103,60,6937
-83,50,7000
-72,13,7076
-142,26,7107
-97,40,7006
-70,25,6995
-87,38,6986
-133,66,6977
-117,73,6823
-107,41,6760
-101,55,6650
-127,27,6581
-128,13,6530
-100,66,6445
-99,47,6377
-123,45,6346
-93,60,6300
-110,-5,6238
-112,37,6187
-130,29,6105
-84,80,6093
-109,68,5998
-90,27,6019
-105,42,5951
-109,42,5935
-102,23,5956
-105,14,5890
-64,33,5847
-85,0,5823
-87,41,5741
-53,38,5725
-47,40,5729
-74,57,5750
-68,30,5756
-72,38,5707
-55,19,5748
-95,59,5742
-121,37,5767
-41,57,5758
-79,41,5702
-119,54,5704
-67,16,5678
-53,11,5663
-96,32,5628
-61,9,5626
-54,48,5617
-36,50,5610
-36,4,5602
-92,2,5601
-69,31,5603
-81,5,5663
-80,-10,5667
-105,-17,5714
-109,-1,5654
-72,-10,5629
-70,3,5589
-97,32,5580
-62,-16,5588
-103,2,5596
-62,-1,5632
-115,17,5587
-92,4,5558
-53,-9,5608
-107,2,5626
-100,42,5679
-74,13,5686
-85,26,5683
-69,-6,5705
-68,51,5738
-71,68,5767
-69,32,5841
-75,30,5812
-76,32,5885
-89,11,5885
-48,18,5922
-71,30,5932
-72,42,6027
-69,25,6066
-53,33,6046
-66,21,6084
-95,13,6058
-55,-34,6062
-76,33,6084
-83,37,6084
-52,24,6093
-60,26,6129
-91,56,6142
-92,17,6212
-96,11,6262
-75,27,6389
-95,23,6440
-113,20,6574
-109,60,6596
-74,13,6641
-85,42,6625
-93,14,6626
-90,33,6634
-32,21,6637
-113,33,6677
-98,-10,6712
-114,37,6674
-100,55,6698
-98,39,6705
-117,52,6700
-74,44,6668
-78,21,6617
-78,63,6537
-93,86,6532
-105,39,6539
-114,42,6545
-108,43,6571
-91,61,6579
-94,24,6536
-69,19,6455
-70,23,6417
-109,30,6420
-93,35,6439
-73,18,6489
-96,47,6453
-98,9,6417
-33,37,6434
-60,55,6411
-53,47,6406
-49,45,6462
-84,35,6485
-92,43,6548
-93,35,6591
-65,42,6584
-48,77,6660
-53,82,6726
-98,53,6787
-130,21,6856
-73,37,6836
-40,109,6831
-76,26,6870
-93,41,6877
-87,14,6870
-93,14,6904
-76,33,6867
-110,4,6808
-89,18,6854
-88,-19,6825
-14,3,6738
-51,-3,6775
-74,-17,6729
-81,30,6708
-47,4,6701
-117,42,6715
-79,-18,6650
-40,-11,6560
-72,25,6549
-79,36,6481
-52,25,6506
-76,48,6491
-67,28,6472
-87,9,6501
-62,49,6501
-78,16,6472
-52,11,6513
-67,14,6552
-90,28,6555
-76,39,6556
-12,8,6579
-50,39,6610
-135,68,6646
-124,57,6652
-99,29,6771
-96,45,6745
-78,60,6804
-86,52,6815
-97,9,6832
-53,28,6895
-107,66,6893
-43,40,6941
-85,48,6913
-80,11,6953
-45,-6,7026
-67,41,7022
-68,7,7035
-67,34,7093
-64,75,7121
-49,53,7208
-74,62,7214
-69,22,7243
-9,17,7252
-72,23,7307
-53,31,7280
-66,54,7340
-82,43,7372
-62,45,7361
-55,78,7378
-81,18,7460
-101,11,7439
-52,61,7415
-50,47,7420
-53,45,7410
-44,47,7432
-60,38,7416
-62,36,7403
-77,68,7441
-79,42,7513
-85,68,7379
-75,33,7396
-52,7,7331
-27,11,7266
-70,25,7265
-67,21,7264
-85,49,7273
-62,42,7294
-75,31,7209
-92,9,7200
-52,32,7175
-34,37,7152
-74,9,7123
-90,1,7078
-104,16,7074
-76,7,7066
-104,29,7055
-121,52,7003
-133,20,7000
-107,49,6946
-91,25,6908
-98,26,6856
-102,7,6861
-101,16,6844
-88,29,6784
-105,13,6830
-145,25,6836
-121,85,6807
-121,19,6737
-124,47,6711
-85,58,6713
-69,42,6671
-64,13,6615
-86,13,6570
-64,33,6549
-86,61,6491
-59,47,6456
-84,40,6404
-81,50,6385
-84,52,6329
-105,16,6329
-81,29,6302
-100,56,6201
-109,27,6104
-71,28,6058
-105,15,5988
-98,30,5994
-86,33,5909
-119,14,5835
-123,19,5755
-113,-8,5751
-67,23,5643
-79,28,5654
-105,28,5552
-96,17,5541
-76,11,5412
-86,18,5388
-79,41,5312
-91,32,5269
-80,22,5217
-64,39,5168
-118,14,5145
-57,20,5094
-53,34,5018
-77,28,4992
-45,35,4989
-72,7,4961
-96,40,4958
-110,43,4945
-100,47,4946
26,39,5012
-56,22,5010
-45,34,5016
-79,30,5046
-67,-19,5061
-86,45,5056
-75,76,5068
-80,47,5140
-133,39,5205
-128,31,5229
-124,55,5279
-118,78,5302
-126,45,5331
-99,54,5343
-110,70,5382
-154,56,5402
-133,57,5514
-130,18,5525
-146,23,5518
-141,78,5582
-112,86,5625
-120,72,5671
-150,78,5693
-99,85,5782
-130,71,5812
-129,54,5826
-124,47,5836
-125,43,5842
-141,63,5885
-131,72,5909
-138,25,5949
-128,58,5968
-102,53,5984
-121,54,6056
-110,23,6072
-60,41,6038
-68,55,6041
-72,43,6056
-54,-17,6048
-40,21,6053
-50,40,6080
-31,16,6070
-53,-3,6048
-84,24,6054
-75,28,6041
-31,15,6027
7,50,6014
-38,36,6004
-64,61,5942
-72,32,5963
-69,12,5923
-41,-19,5942
-67,10,5930
-63,33,5942
-33,40,5946
-64,38,5961
-75,30,6000
-45,18,6060
-90,16,6026
-41,15,6069
-72,14,6054
-99,4,6089
-82,21,6131
-41,4,6097
-48,37,6091
-42,30,6067
-55,67,6136
-99,30,6161
-57,17,6192
-79,18,6240
-87,49,6220
-75,51,6259
-103,62,6270
-57,89,6238
-43,49,6230
-95,35,6225
-86,34,6237
-98,45,6257
-66,14,6254
-47,29,6221
-68,54,6214
-71,31,6193
-73,65,6103
-131,55,6096
-131,31,6088
-77,-2,6069
-62,69,5985
-86,52,5982
-62,60,5918
-79,14,5908
-66,49,5865
-76,35,5899
-127,8,5784
-67,51,5741
-83,40,5766
-95,58,5793
-88,33,5741
-74,56,5692
-124,77,5674
-106,31,5695
-125,55,5639
-77,50,5626
-88,72,5587
-87,61,5585
-112,80,5595
-94,46,5615
-107,73,5568
-79,97,5558
-79,99,5584
-111,93,5593
-84,78,5563
-64,79,5568
-138,49,5549
-66,91,5511
-116,83,5515
-82,11,5556
-93,77,5534
-122,49,5558
-98,40,5549
-70,35,5561
-86,71,5534
-45,49,5531
-123,42,5496
-97,30,5418
-95,82,5426
-34,66,5434
-74,54,5441
-162,55,5343
-109,28,5290
-107,50,5320
-81,35,5343
-79,45,5335
-88,25,5311
-102,44,5281
-99,48,5320
-79,78,5292
-58,34,5271
-110,49,5279
-109,30,5317
-91,104,5362
-75,34,5410
-73,51,5418
-53,25,5420
-92,42,5454
-109,34,5490
-112,35,5524
-83,82,5522
-81,42,5627
-119,61,5679
-108,39,5742
-117,65,5762
-92,92,5800
-102,44,5843
-50,58,5975
-43,59,5980
-73,86,5997
-65,89,5980
-104,92,6101
-80,18,6111
-126,93,6123
-77,78,6146
-119,82,6191
-116,86,6234
-136,47,6259
-100,75,6296
-98,109,6247
-102,88,6279
-107,80,6292
-120,63,6245
-150,94,6252
-132,77,6266
-134,30,6216
-109,47,6231
-69,47,6271
-83,37,6219
-101,18,6217
-106,61,6245
-93,33,6250
-63,35,6253
-98,34,6271
-104,44,6315
-106,17,6376
-98,66,6439
-69,40,6461
-69,54,6546
-117,42,6583
-61,9,6690
-75,59,6690
-69,61,6716
-118,30,6750
-90,55,6860
-69,31,6878
-91,35,6918
-90,41,6941
-58,63,6990
-94,43,7033
-91,31,7115
-91,18,7125
-82,66,7143
-111,45,7142
-83,46,7121
-93,14,7177
-90,59,7186
-93,18,7183
-48,-12,7183
-75,53,7204
-118,12,7130
-64,21,7117
-95,44,7077
-90,20,7056
-91,33,7018
-93,31,6900
-110,29,6835
-102,40,6806
-93,30,6880
-24,4,6911
-75,16,6816
-54,29,6846
-80,71,6797
-49,82,6823
-72,56,6769
-101,37,6785
-124,49,6720
-138,36,6731
-60,68,6712
-65,18,6612
-124,16,6662
-131,28,6681
-96,16,6654
-68,9,6642
-132,24,6592
-118,63,6581
-92,73,6600
-90,46,6717
-86,26,6728
-107,41,6808
-122,63,6823
-79,71,6753
-91,90,6736
-97,42,6806
-121,45,6832
-64,53,6890
-84,63,6885
-89,60,6872
-73,42,6852
-92,75,6821
-81,95,6830
-119,78,6827
-108,49,6820
-60,65,6745
-81,47,6745
-82,51,6745
-122,32,6754
-66,56,6641
-60,25,6653
-84,80,6562
-89,54,6553
-59,27,6492
-70,52,6468
-64,33,6408
-72,42,6374
-38,29,6291
-83,53,6245
-79,52,6217
-30,96,6190
-65,47,6143
-112,14,6120
-86,57,6087
-90,47,6080
-57,39,6056
-135,71,6090
-119,62,6055
-79,82,6022
-72,52,5934
-74,49,5897
-95,87,5934
-90,63,5963
-80,0,5929
-95,43,5917
-115,23,5885
-78,36,5868
-91,63,5831
-62,63,5838
-80,18,5895
-74,11,5870
-134,39,5883
-112,48,5936
-63,33,5895
-86,40,5909
-108,82,5924
-95,99,5924
-48,90,5998
-114,28,6067
-67,30,6072
-77,32,6068
-72,46,6077
-44,35,6046
-103,47,6011
-174,45,6085
-145,77,6116
-85,47,6134
-126,12,6068
-109,87,6036
-118,73,5949
-128,80,5857
-81,71,5857
-74,18,5859
-84,78,5849
-121,36,5783
-73,38,5707
-64,45,5650
-99,59,5648
-86,73,5728
-107,19,5691
-112,18,5644
-100,38,5502
-93,35,5530
-130,42,5544
-139,46,5658
-105,82,5716
-114,85,5774
-109,60,5846
-133,101,5834
-116,88,5894
-92,98,5947
-105,94,6000
-139,61,5955
-74,35,5917
-117,63,5856
-74,49,5819
-104,54,5708
-69,49,5651
-107,70,5648
-57,44,5716
-74,36,5752
-113,41,5779
-96,66,5829
-106,47,5821
-108,66,5850
-124,79,5846
-110,56,5894
-114,46,5897
-109,70,5909
-93,89,5926
-120,85,5963
-127,60,6015
-117,67,5994
-114,43,6019
-97,38,5989
-114,69,5980
-61,84,6011
-51,35,5975
-133,20,5956
-109,-5,6005
-140,48,6035
-72,17,6019
-153,11,5998
-115,19,6023
-127,40,5949
-102,43,5952
-142,50,5940
-120,72,5921
-83,56,5935
-86,-17,5939
-86,16,5887
-45,52,5876
-88,50,5968
-99,36,6027
-46,39,6200
-39,83,6347
-62,33,6206
-35,-29,6095
-81,-3,5850
-83,49,5857
-116,92,5891
-100,60,6011
-105,29,6092
-109,8,6053
-86,7,5952
-82,95,5892
-65,97,5914
-95,37,5861
-114,97,5782
-137,45,5733
-148,79,5709
-70,66,5652
-107,62,5760
-57,73,5806
-116,47,5931
-114,36,5904
-105,69,5798
-90,31,5755
-100,71,5669
-100,84,5655
-87,93,5574
-97,99,5573
-138,74,5513
-172,64,5572
-171,82,5636
-142,49,5590
-143,68,5585
-108,37,5520
-119,76,5561
-113,71,5487
-102,79,5440
-82,58,5362
-118,77,5255
-104,120,5199
-86,120,5159
-138,123,4981
-133,70,4978
-83,66,4879
-113,84,4814
-125,92,4721
-84,71,4630
-78,103,4467
-56,108,4419
-53,87,4290
-101,99,4218
-89,67,4168
-102,58,4138
-69,68,4162
-140,78,4220
-74,90,4285
-129,65,4235
-79,13,4034
-45,33,3936
-119,71,3776
-81,61,3692
-88,48,3652
-72,52,3569
-74,63,3475
-93,61,3438
-108,92,3432
-74,46,3438
-97,75,3446
-112,49,3432
-97,22,3401
-98,35,3336
-65,72,3289
-99,33,3231
-53,29,3159
-47,62,3125
-55,49,3005
-119,73,2936
-97,13,2928
-74,21,2843
-70,61,2722
-81,24,2645
-60,46,2539
-60,19,2475
-76,35,2390
-150,23,2285
-107,45,2205
-91,24,2143
-52,7,2036
-53,41,1939
-113,-25,1858
-33,11,1787
-66,39,1691
-50,23,1645
-72,4,1553
-74,19,1540
-60,-8,1409
-39,4,1360
-57,21,1321
-57,22,1262
-88,38,1226
-47,5,1164
-27,18,1128
-72,0,1067
-27,22,975
-76,-22,945
-46,-15,890
-17,-3,826
-46,16,810
-48,0,743
-46,-5,745
-55,7,648
-60,30,543
-78,-5,533
-64,-18,495
-62,21,452
-29,-9,385
-45,10,342
-21,13,303
-23,-16,203
-49,-23,191
-15,-17,142
-48,19,125
-67,5,60
-98,-27,33
-35,23,27
-58,42,3
-21,20,18
-11,51,-26
-28,59,-44
-72,34,-37
-33,30,-84
-62,-19,-166
-69,14,-141
6,23,-190
-36,21,-164
-50,22,-185
-55,0,-199
-20,3,-234
-56,10,-257
-66,15,-221
-23,28,-273
-83,26,-261
-48,47,-247
-55,28,-283
-95,9,-281
-95,44,-310
-109,14,-284
-36,28,-304
-79,26,-274
-34,52,-310
-82,-24,-298
-88,15,-301
-33,18,-300
-93,1,-263
-69,14,-285
-73,6,-232
-99,-10,-275
-84,8,-249
-70,18,-268
-53,48,-225
-49,17,-226
-59,13,-222
-56,2,-233
-71,21,-204
-76,30,-177
-83,8,-214
-56,29,-147
-41,21,-157
-92,11,-193
-83,26,-147
-50,22,-136
-57,38,-125
-75,46,-157
-64,26,-126
-57,-3,-137
-75,37,-78
-74,39,-77
-71,9,-79
-96,24,-54
-83,25,-52
-90,10,-41
-80,64,-10
-68,36,6
-76,5,52
-47,32,11
-70,19,22
-86,17,49
-86,51,36
-107,6,78
-103,-10,105
-89,4,104
-74,16,114
-45,27,131
-33,9,134
-107,24,151
-133,4,139
-43,26,138
-72,0,158
-79,16,113
-28,37,171
-72,35,136
-75,7,162
-22,-10,196
-67,44,201
-60,22,196
-91,7,184
-75,36,210
-49,11,258
-61,7,178
-71,30,215
-68,25,218
-88,21,233
-81,10,275
-87,16,276
-109,34,284
-90,31,253
-45,10,211
-87,-12,174
-86,14,167
-85,14,186
-81,12,170
-97,-9,155
-101,12,144
-93,59,148
-89,22,160
-77,11,142
-64,22,127
-98,-19,155
-87,6,126
-107,58,142
-88,45,113
-109,26,105
-85,-4,109
-144,25,66
-121,37,80
-124,-2,90
-126,16,49
-153,57,66
-137,39,82
-135,28,72
-178,78,34
-150,55,84
-159,50,95
-162,65,99
-149,24,92
-187,66,130
-124,54,184
-116,36,225
-159,11,243
-152,18,252
-146,-3,317
-136,4,383
-114,6,369
-147,-26,432
-100,-17,471
-123,-12,528
-73,-53,594
-64,-39,646
-97,-24,634
-138,-34,657
-107,-35,660
-72,14,693
-128,26,697
-114,-27,633
-106,40,645
-183,63,756
-133,86,895
-104,129,1157
-190,209,1333
-196,286,1662
-232,364,1745
-365,364,1859
-309,312,1815
-218,272,1719
-238,287,1471
-225,222,1301
-189,226,997
-197,227,805
-202,213,537
-171,239,364
-144,244,160
-180,225,71
-154,227,-5
-143,172,-119
-157,192,-165
-157,78,-185
-266,-87,-223
-93,-142,-193
66,-34,-126
-88,18,-11
-134,82,-30
-107,80,-116
-34,31,-74
-46,45,0
-111,47,-45
-72,7,-79
-43,37,-91
-35,22,-41
-49,35,-35
-31,25,-44
-55,-22,-39
-83,17,-61
-104,9,-27
-76,37,-44
-100,43,-42
-55,9,-63
-81,26,4
-54,44,-54
-63,18,-36
-76,40,-43
-114,56,-27
-50,17,-22
-40,16,-35
-78,23,-12
-94,48,-26
-65,54,-29
-82,42,-34
-102,22,-51
-85,21,-15
-74,14,-42
-45,42,-55
-47,61,-34
-74,55,-30
-95,37,-19
-67,-2,-17
-101,50,-53
-94,54,-38
-60,41,-29
-34,48,-5
-76,30,10
-44,26,-24
-38,16,-34
-94,21,2
-78,34,-55
-43,1,-43
-90,23,11
-76,6,2
-79,4,1
-50,16,-8
-69,79,-12
-72,38,3
-53,11,-33
-58,22,-22
-55,-9,21
-33,70,-28
-50,21,-11
-79,-3,-19
-98,33,4
-75,26,-26
-111,30,-11
-45,26,-45
-68,30,-10
-83,4,0
-45,22,-16
-59,0,-14
-64,26,-23
-62,59,-33
-83,3,21
-55,31,3
-89,65,-8
-71,45,-9
-118,34,1
-118,15,-25
-70,32,27
-66,33,-4
-63,26,13
-60,11,3
-45,33,9
-76,37,8
-72,52,-45
-75,14,-15
-48,13,9
-104,26,-3
-59,16,-21
-62,-17,-50
-83,-26,-12
-42,11,-15
-72,5,-15
-91,28,-31
-62,24,-19
-74,-23,-22
-98,45,-10
-50,26,-37
-26,9,-44
-88,28,-12
-83,7,-11
-53,32,-4
-95,17,-26
-98,47,-71
-43,14,33
-100,18,-48
-129,-19,-3
-79,42,-36
-49,18,-33
-69,25,5
-65,35,7
-108,20,-18
-59,9,-24
-70,37,-21
-46,40,-27
-77,45,-6
-85,35,-25
-48,25,-8
-78,30,-12
-61,13,-3
-88,31,-8
-17,28,-31
-74,42,2
-87,-6,-10
-64,39,4
-85,18,-38
-67,26,-23
-76,6,-27
-76,26,-13
-75,28,-4
-43,36,-43
-79,-3,-8
-73,17,-3
-48,47,-29
-71,6,-1
-53,24,-9
-118,17,-8
-67,-13,0
-102,28,18
-102,4,16
-77,8,21
-55,4,-41
-43,-5,-8
-53,31,-41
-67,28,-15
-38,34,-10
-102,11,-2
-27,32,-53
-62,26,-11
-53,29,-8
-53,33,-36
-73,31,-35
-63,29,0
-17,9,-34
-78,30,-15
-64,23,1
-86,72,-26
-53,16,16
-78,39,4
-47,-14,40
-56,1,22
-101,18,-33
-72,13,-7
-93,14,-8
-104,7,-24
-64,16,15
-86,16,2
-57,28,4
-79,42,-19
-74,37,-20
-56,32,-19
-89,47,-43
-88,30,-32
-82,14,-17
-46,21,-10
-33,45,-25
-105,30,-8
-45,16,-15
-31,38,-4
-70,0,-18
-79,33,-45
-40,-3,16
-75,22,-3
-73,38,36
-48,16,-26
-70,30,-19
-20,2,7
-60,36,-25
-61,26,-15
-64,24,-12
-45,5,-11
-27,20,-19
-83,9,0
-81,38,-43
-92,18,-10
-36,21,-31
-48,16,-24
-63,40,-12
-47,1,-16
-74,21,-30
-60,22,-34
-48,9,-29
-19,9,-19
-54,1,-13
-67,57,8
-83,67,9
-109,49,-12
-67,21,-12
-43,24,-13
-102,13,27
-46,17,10
-83,16,40
-79,2,-5
-75,16,-5
-74,35,-38
-75,35,-29
-90,30,-20
-92,40,11
-50,53,-20
-73,5,-2
-36,47,-4
-50,8,-3
-70,41,1
-72,5,-12
-67,29,-7
-51,39,-19
-68,23,-51
-66,16,17
-22,60,-5
-87,39,-22
-58,0,-31
-58,13,-13
-104,10,-15
-65,6,11
-72,32,6
-65,15,12
-60,23,-20
-69,5,-15
-83,22,-30
-54,16,-29
-57,37,-34
-85,49,-22
-81,17,-19
-54,21,-10
-52,37,19
-84,2,4
-104,4,-8
-78,19,-74
-102,39,26
-79,-5,-2
-71,-5,-15
-82,-7,-15
-67,16,-23
-105,36,-5
-75,16,-28
-51,18,-38
-33,17,-8
-87,26,-13
-72,42,-26
-42,9,6
-38,0,3
2,30,-4
-25,15,4
-62,6,1
-80,12,43
-65,21,-7
-27,-29,-7
-60,27,4
-8,20,36
-84,27,18
-61,17,-43
-41,18,-19
-88,11,-7
-81,18,24
-41,17,-8
-57,35,7
-31,33,-6
-54,20,-18
-72,11,-5
-61,35,-9
-122,13,2
-74,13,3
-101,23,28
-74,17,-10
-73,29,31
-46,9,-1
-70,52,-12
-102,33,-3
-86,34,-10
-60,24,5
-48,37,9
-60,21,-12
-37,30,-8
-67,78,-32
-94,24,10
-83,0,-12
-63,-3,-7
-41,16,-8
-55,33,13
-50,-2,-21
-62,28,-10
-48,0,-3
-69,46,-12
-34,11,-12
-76,49,10
-109,63,-26
-49,37,30
-67,33,0
-52,30,-3
-49,23,-13
-45,8,11
-66,0,19
-78,14,0
-67,-12,-3
-64,32,35
-53,47,0
-63,-31,-43
-69,11,-28
-55,-21,-10
-55,0,-2
-105,-1,13
-79,45,-23
-103,-3,-22
-36,42,-7
-82,37,7
-40,-2,-22
-81,8,-24
-78,16,7
-65,39,-24
-57,11,-2
-85,35,-12
-21,-19,-11
-35,14,-15
-43,15,13
-77,-1,10
-68,22,7
-43,13,-3
-57,22,-17
-31,11,-19
-82,16,-18
-81,35,2
-70,45,-45
-55,0,-14
-60,-22,18
-80,33,-29
-75,9,33
-58,26,29
-102,13,7
-60,14,-9
-50,15,10
-67,-17,-9
-34,2,0
-83,7,-43
-81,-3,-8
-57,33,-34
-53,11,7
-100,-8,13
-76,23,0
-76,30,-14
-108,26,47
-55,8,11
-54,2,-9
-50,45,-9
-70,47,7
-91,-29,-13
-54,37,0
-67,28,7
-83,-20,-17
-72,47,-15
-17,18,-10
-44,18,-26
-79,-8,-34
-38,18,-19
-65,16,-2
-69,31,-21
-69,18,-5
-55,-25,4
-59,-28,-12
-40,16,0
-47,28,-24
-71,28,-9
-57,13,-12
-67,11,-18
-88,25,-2
-54,23,-15
-106,35,14
-55,1,21
-62,65,-18
-62,26,-16
-62,15,6
-79,28,21
-63,59,11
-62,52,2
-84,52,-8
-62,4,-28
-34,19,0
-69,-16,3
-20,6,-3
-41,9,-10
-31,17,-23
-53,22,11
-69,-1,0
-44,-39,29
-84,30,-2
-86,-14,5
-48,18,6
-71,0,5
-53,29,9
-59,2,-8
-50,14,10
-32,16,7
-62,-18,7
-76,64,-4
-74,21,-5
-51,-21,-1
-86,-8,-24
-39,22,-40
-61,39,-1
-50,23,0
-72,20,13
-56,-18,-29
-30,13,-9
-38,53,0
-62,15,-31
-42,5,15
-15,19,-6
-81,29,-8
-73,-8,-6
-57,18,-15
-80,-19,-8
-58,10,-10
-68,16,-25
-54,-11,-22
-56,14,-14
-93,21,-17
-62,-13,1
-69,-22,1
-32,40,-12
-83,21,0
-60,14,21
-67,26,11
-96,-27,-34
-106,16,2
-66,9,23
-57,35,11
-90,3,-21
-69,7,16
-63,-5,14
-51,37,-31
-30,9,-17
-56,-29,2
-27,18,-27
-69,-5,-22
-105,21,-9
-50,15,-12
-87,20,15
-89,41,13
-93,15,-19
-34,7,30
-64,29,-48
-44,25,-12
-31,-1,-8
-43,12,8
-36,46,-55
-72,22,19
-31,44,-15
-62,45,-3
-64,33,16
-39,35,-31
-56,35,10
-95,21,-21
-48,28,-18
-66,8,1
-67,14,-6
-50,56,-31
-32,0,20
-54,33,45
-97,52,-8
-33,47,-17
-88,61,-17
-45,41,-27
-57,-6,-27
-67,34,-38
-56,43,7
-90,40,-29
-59,34,1
-73,29,-1
-63,42,-13
-64,9,-5
-65,30,4
-50,1,-11
-46,11,-13
-45,16,-12
-95,57,-27
-43,11,7
-113,11,8
-29,46,-45
-47,21,-27
-77,12,21
-69,-3,-6
-62,-27,26
-62,-10,24
-52,31,31
-55,21,-22
-60,10,-27
-63,16,-3
-44,35,-24
-58,17,-32
-68,57,-19
-51,33,-32
-60,32,12
-31,21,18
-87,26,0
-64,32,-18
-45,40,23
-94,31,-5
-62,23,-21
-78,11,-18
-74,23,-9
-59,-12,-22
-90,23,-17
-84,20,-21
-52,21,2
-103,23,1
-45,16,2
-87,-22,-22
-94,-9,0
15,18,-8
-58,1,-10
-80,23,-11
-81,49,-16
-58,59,7
-75,27,-13
-38,30,-31
-64,28,23
-65,33,-2
-59,-2,-29
-60,26,-10
-50,23,16
-79,48,-38
-59,57,-32
-53,41,7
-47,11,-3
-48,20,9
-65,25,-18
-70,46,-36
-41,41,0
-48,-5,37
-62,15,-5
-91,-11,2
-73,24,-24
-53,-21,-3
-8,35,11
-74,42,7
-44,71,18
-40,-22,-28
-53,16,60
-50,31,-27
-65,37,-26
-72,14,-8
-74,23,2
-90,37,-33
-67,35,10
-72,11,3
-67,26,-5
-50,-29,23
-29,12,22
-55,-15,13
-97,-14,26
-66,2,-17
-31,7,-14
-61,7,-3
-95,-18,-3
-90,9,7
-85,12,-8
-83,26,21
-81,14,28
-79,2,17
-64,11,-14
-63,39,8
-94,16,30
-82,35,-25
-92,11,0
-102,13,17
-76,35,-34
-102,14,2
-62,27,-5
-69,9,0
-67,10,14
-76,32,-13
-94,37,-7
-38,20,8
-43,33,8
-18,30,-21
-22,12,22
-55,53,-38
-56,27,-7
-64,33,4
-41,36,2
-100,-15,-12
-45,33,-5
-81,-6,47
-103,2,15
-62,38,11
-75,23,4
-64,24,7
-69,0,-8
-42,40,-11
-41,26,47
-33,20,0
-34,19,7
-69,51,-6
-55,47,22
-41,0,-22
-65,26,21
-57,21,-2
-96,15,-13
-60,14,-32
-45,21,-39
-81,10,14
-74,26,-1
-32,11,-17
-57,31,-11
-82,-19,-19
-64,-3,-30
-36,-3,-19
-85,13,-6
-66,-15,24
-69,27,-16
-46,35,-5
-50,9,2
-63,30,23
-49,13,9
-76,23,-15
-79,38,-40
-53,45,-14
-48,19,-29
-38,12,-9
-40,16,23
-81,-30,-5
-52,20,23
-56,12,5
-51,46,-3
-98,16,-4
-112,-4,7
-59,-13,-10
-112,-5,0
-46,25,-27
-26,14,11
-67,-31,38
-73,39,-6
-79,26,-24
-90,22,-35
-48,19,-36
-75,17,-5
-75,9,1
