=~=~=~=~=~=~=~=~=~=~=~= PuTTY log 2021.05.16 18:48:30 =~=~=~=~=~=~=~=~=~=~=~=,,,
-694,182,-379,-63
85,-412,-202,
-31,-417,-380,
-154,-448,-463,
-290,-477,-635,
-387,-452,-735,
-550,-403,-821,
-609,-408,-855,
-619,-339,-890,
-606,-279,-898,
-525,-210,-819,
-456,-175,-782,
-413,-83,-650,
-349,8,-499,
-259,105,-360,
-206,133,-277,
-126,224,-173,
-74,304,-74,
22,297,-93,
106,331,-92,
144,375,-34,
202,409,-19,
272,483,28,
311,518,127,
310,528,225,
350,546,338,
326,544,417,
307,549,486,
254,553,519,
236,523,485,
144,532,485,
99,549,426,
5,505,416,
-33,489,448,
-17,457,431,
-13,411,462,
72,389,573,
113,303,620,
246,291,728,
385,182,771,
614,116,800,
712,11,760,
798,-81,681,
908,-171,618,
973,-235,468,
862,-270,357,
703,-326,307,
586,-325,262,
398,-347,239,
299,-356,172,
165,-380,175,
128,-428,123,
109,-472,-14,
43,-471,-150,
14,-495,-356,
-24,-504,-548,
-19,-500,-642,
-37,-513,-723,
-36,-474,-767,
-67,-420,-780,
-81,-398,-727,
-98,-318,-626,
-128,-256,-557,
-174,-153,-459,
-221,-136,-360,
-213,-60,-344,
-188,-36,-249,
-186,-18,-321,
-168,-36,-325,
-121,2,-435,
-105,73,-394,
-104,130,-427,
-101,186,-318,
-137,253,-163,
-84,321,68,
-36,353,208,
-3,397,319,
136,411,497,
275,435,632,
356,434,724,
483,462,807,
549,435,866,
537,317,819,
485,270,698,
421,198,627,
230,132,478,
146,63,356,
-8,2,203,
-34,-48,124,
-123,-73,28,
-237,-119,-2,
-206,-157,-41,
-215,-244,-28,
-153,-254,-30,
-94,-294,-60,
-86,-375,-49,
-41,-387,-108,
-33,-396,-154,
-31,-410,-225,
0,-452,-261,
-18,-528,-308,
-38,-462,-413,
-85,-517,-761,
-221,-583,-1174,
-482,-610,-1821,
-674,-764,-2258,
-1092,-835,-2523,
-1557,-874,-2928,
-1888,-822,-3133,
-2097,-806,-3091,
-2367,-815,-3101,
-2550,-782,-3192,
-2623,-735,-3319,
-2669,-717,-3537,
-2635,-735,-3630,
-2468,-737,-3795,
-2333,-732,-3857,
-2194,-713,-3826,
-1996,-692,-3786,
-1827,-669,-3747,
-1691,-660,-3686,
-1483,-658,-3601,
-1298,-657,-3470,
-1142,-664,-3203,
-960,-600,-2855,
-848,-509,-2596,
-668,-474,-2075,
-526,-375,-1439,
-381,-233,-1008,
-136,-151,-356,
-57,-44,248,
101,97,565,
214,120,1010,
333,223,1265,
374,314,1546,
447,351,1702,
499,367,1845,
568,342,1949,
659,388,1972,
682,352,1925,
728,325,1782,
819,307,1695,
916,260,1472,
916,230,1237,
1032,165,902,
1056,129,694,
1024,106,362,
1050,75,102,
998,42,-147,
961,62,-368,
934,-15,-657,
920,-53,-860,
911,-99,-1182,
863,-138,-1538,
824,-122,-1758,
752,-61,-1983,
716,-113,-2168,
667,-112,-2222,
634,-53,-2246,
672,-102,-2189,
802,-87,-2030,
909,-125,-1712,
1061,-145,-1544,
1151,-113,-1319,
1225,-77,-1090,
1295,-73,-790,
1218,-35,-583,
1134,-17,-612,
1120,-30,-687,
1236,-53,-607,
1456,-20,-482,
1579,-38,-171,
1643,-38,-114,
1826,-80,-292,
1998,-98,-602,
2238,-268,-833,
2323,-423,-977,
2321,-402,-1021,
2290,-299,-932,
2122,-334,-866,
1950,-308,-1062,
1647,-426,-1431,
1606,-493,-1667,
1196,-640,-1805,
1076,-655,-1941,
889,-549,-2028,
793,-406,-2075,
644,-401,-1963,
549,-404,-1914,
346,-462,-1950,
288,-535,-2132,
121,-545,-2155,
23,-550,-2210,
-49,-541,-2246,
-140,-573,-2256,
-203,-544,-2372,
-249,-501,-2469,
-227,-517,-2513,
-141,-496,-2513,
-234,-564,-2567,
-341,-632,-2632,
-476,-484,-1550,
-332,-182,2221,
536,443,3071,
1046,742,2299,
967,703,1755,
640,510,1437,
414,463,1307,
75,521,1150,
-163,620,1030,
-319,608,994,
-408,519,1048,
-450,397,1181,
-499,333,1387,
-548,276,1474,
-653,407,1520,
-652,469,1559,
-642,494,1582,
-613,489,1511,
-533,561,1503,
-503,553,1427,
-424,558,1378,
-442,638,1229,
-513,820,1141,
-577,824,911,
-593,592,563,
-749,403,288,
-809,68,-138,
-791,-235,-378,
-837,-354,-631,
-816,-435,-789,
-813,-564,-856,
-747,-659,-860,
-704,-727,-858,
-675,-831,-784,
-719,-937,-763,
-736,-912,-766,
-759,-891,-905,
-814,-812,-1114,
-881,-825,-1246,
-948,-808,-1366,
-988,-806,-1414,
-986,-743,-1377,
-974,-665,-1226,
-953,-581,-1097,
-844,-424,-934,
-731,-335,-787,
-676,-210,-691,
-647,-100,-507,
-633,-71,-365,
-644,79,-272,
-691,156,-152,
-757,135,-37,
-857,171,37,
-936,243,82,
-1090,281,65,
-1133,314,133,
-1294,296,167,
-1355,286,250,
-1465,286,317,
-1599,265,319,
-1685,282,318,
-1814,191,384,
-1950,196,504,
-2057,175,618,
-2155,153,783,
-2235,20,859,
-2315,-39,940,
-2390,-174,986,
-2400,-281,869,
-2401,-429,705,
-2299,-539,541,
-2181,-594,163,
-2036,-685,-175,
-1845,-678,-488,
-1616,-711,-799,
-1557,-678,-1109,
-1400,-665,-1305,
-1150,-695,-1611,
-969,-749,-1874,
-783,-728,-2064,
-545,-721,-2401,
-270,-702,-2601,
-91,-728,-2739,
69,-732,-3057,
179,-709,-3472,
312,-637,-3603,
274,-635,-3719,
218,-599,-3689,
68,-516,-3706,
-98,-483,-3579,
-273,-427,-3454,
-513,-243,-3267,
-684,-144,-3035,
-818,4,-2975,
-1055,80,-2910,
-1204,201,-2974,
-1379,248,-2863,
-1610,235,-2719,
-1703,350,-2703,
-1921,468,-2626,
-1990,561,-2504,
-2074,677,-2312,
-2086,672,-2172,
-2183,695,-1856,
-2262,738,-1720,
-2464,763,-1713,
-2558,775,-1722,
-2580,810,-1768,
-2656,814,-1864,
-2670,821,-1914,
-2683,708,-1980,
-2685,585,-1950,
-2750,497,-1978,
-2880,357,-2012,
-2997,225,-1983,
-2734,72,-1854,
-2655,-122,-1753,
-2478,-345,-1787,
-2102,-471,-1907,
-1848,-525,-2139,
-1605,-548,-2381,
-1253,-673,-2594,
-895,-684,-2865,
-685,-659,-3089,
-503,-695,-3202,
-323,-764,-3316,
-151,-761,-3320,
-19,-772,-3396,
149,-861,-3377,
147,-926,-3350,
385,-867,-3195,
566,-901,-2979,
611,-934,-2892,
631,-938,-2771,
644,-889,-2561,
625,-857,-2354,
575,-818,-2214,
563,-780,-2094,
537,-736,-1872,
319,-661,-1805,
362,-544,-1639,
400,-514,-1573,
367,-439,-1482,
279,-395,-1340,
262,-408,-1268,
274,-479,-1194,
215,-528,-1082,
251,-601,-960,
174,-566,-780,
124,-626,-640,
201,-621,-250,
193,-735,303,
185,-989,746,
189,-1246,1485,
245,-1772,1916,
232,-2179,2448,
191,-2875,2810,
82,-3648,2979,
156,-4193,3073,
196,-4937,3128,
299,-5530,3052,
448,-5841,2947,
549,-6187,2869,
691,-6388,2835,
767,-6701,2588,
857,-7058,2454,
817,-7325,2090,
760,-7717,1684,
642,-8141,1427,
567,-8485,1016,
554,-8898,682,
606,-9234,464,
707,-9363,189,
843,-9481,38,
1070,-9488,-210,
1138,-9285,-389,
1261,-9009,-603,
1444,-8761,-721,
1634,-8588,-699,
2425,-8333,-659,
1816,-7606,-658,
1985,-6774,-573,
2197,-6251,-379,
2340,-5866,-292,
2524,-5271,-246,
2657,-4572,-281,
2779,-4033,-259,
2893,-3289,-285,
3109,-2525,-239,
3333,-2068,-116,
3500,-1311,5,
3538,-572,94,
3543,-121,287,
3539,353,433,
3843,388,717,
3966,261,947,
3531,393,1135,
3527,248,1066,
2771,229,1030,
2579,499,862,
2812,480,931,
2876,313,1010,
2927,369,1129,
3121,541,1307,
3352,668,1445,
3403,644,1822,
3578,696,1996,
3971,635,2179,
3726,535,2679,
2835,209,2726,
3297,219,2683,
3993,-265,2642,
3679,-484,2930,
2671,-790,3025,
1959,-1028,2810,
2456,-1057,2480,
2741,-1175,2247,
3054,-1320,2103,
3207,-1389,1786,
2774,-2277,1404,
1953,-2702,1564,
558,-3158,972,
-2936,-5792,-93,
-6294,-6132,-168,
-1970,-5736,-895,
-742,-5286,-938,
-371,-4493,-894,
206,-3899,-802,
547,-3046,-666,
994,-2468,-550,
1046,-2324,-408,
811,-2423,-322,
450,-2748,-310,
256,-3044,-326,
575,-3937,-499,
183,-4496,-577,
-517,-4291,-576,
-455,-4358,-627,
-269,-4758,-600,
-768,-4941,-531,
-995,-5045,-588,
-1053,-4949,-607,
-909,-4842,-675,
-806,-4724,-825,
-706,-4827,-931,
-657,-4876,-1054,
-610,-5034,-1130,
-548,-5031,-1181,
-393,-4992,-1235,
-273,-4765,-1251,
-174,-4344,-1277,
117,-3868,-1263,
347,-3507,-1246,
530,-2909,-1213,
718,-2364,-1175,
897,-2041,-1117,
919,-1617,-1092,
956,-1275,-1102,
945,-1084,-1079,
907,-1019,-1044,
800,-1172,-1059,
676,-1305,-995,
585,-1570,-1052,
416,-1864,-1102,
226,-2018,-1159,
119,-2327,-1242,
-9,-2640,-1341,
-157,-2860,-1369,
-301,-3105,-1367,
-394,-3368,-1420,
-455,-3685,-1371,
-576,-3851,-1368,
-632,-4083,-1384,
-675,-4087,-1366,
-599,-3899,-1294,
-575,-3681,-1233,
-535,-3356,-1156,
-503,-2977,-1080,
-367,-2665,-953,
-350,-2508,-873,
-285,-2376,-884,
41,-3010,-969,
1593,-3085,-923,
1734,-3127,-1053,
1393,-3060,-1113,
957,-3219,-1160,
624,-3181,-1088,
-77,-2940,-1085,
-566,-3525,-1131,
-84,-3606,-1161,
-3,-3317,-1170,
195,-3122,-1109,
208,-3095,-833,
282,-3461,-567,
-75,-4141,-226,
-371,-5688,-143,
-722,-7707,-207,
-763,-9917,-531,
-880,-13342,-912,
-969,-15987,-1211,
-906,-17347,-1686,
-376,-19249,-2161,
59,-20342,-2424,
744,-20482,-2539,
1164,-20250,-2550,
1502,-19987,-2386,
1508,-19637,-2247,
1558,-19272,-2032,
1714,-18981,-1976,
1601,-18584,-1950,
1566,-18092,-2053,
1416,-16534,-1925,
901,-14639,-2021,
660,-12326,-1877,
698,-10729,-1561,
547,-9466,-1390,
583,-8723,-1126,
705,-8059,-943,
618,-7707,-849,
440,-7752,-808,
397,-8160,-801,
409,-8691,-845,
296,-9147,-1024,
189,-9901,-1278,
163,-10634,-1386,
123,-11045,-1604,
89,-11324,-1838,
142,-11333,-1957,
203,-11207,-1999,
348,-10931,-2005,
382,-10561,-1973,
511,-10231,-1922,
594,-10003,-1859,
640,-9663,-1849,
684,-9410,-1874,
701,-9172,-1884,
781,-9109,-1846,
775,-8957,-1926,
845,-8731,-1893,
1027,-8569,-1817,
1152,-8235,-1750,
1332,-7817,-1675,
1378,-7401,-1552,
1473,-6715,-1432,
1496,-5910,-1355,
1466,-5108,-1214,
1413,-4783,-1018,
1395,-4600,-749,
1430,-4873,-648,
1612,-5228,-549,
1674,-5741,-537,
1715,-6170,-537,
1746,-6334,-619,
1787,-6477,-668,
1807,-6433,-728,
1769,-6392,-780,
1740,-6199,-818,
1665,-5962,-851,
1620,-5794,-923,
1597,-5562,-947,
1483,-5467,-1021,
1411,-5448,-1129,
1395,-5497,-1193,
1415,-5541,-1381,
1503,-5540,-1458,
1545,-5528,-1552,
1493,-5451,-1641,
1432,-5380,-1687,
1328,-5217,-1708,
1190,-5059,-1740,
1126,-4829,-1684,
1040,-4656,-1593,
877,-4751,-1398,
757,-4953,-1179,
775,-5513,-1138,
798,-6218,-1166,
782,-6695,-1228,
794,-7328,-1293,
832,-7841,-1341,
782,-8074,-1367,
811,-8252,-1410,
757,-8318,-1445,
722,-8319,-1400,
675,-8178,-1317,
641,-7974,-1309,
638,-7887,-1323,
611,-7688,-1277,
519,-7615,-1232,
466,-7713,-1294,
409,-8006,-1322,
319,-8515,-1384,
298,-8863,-1553,
300,-9463,-1687,
239,-9936,-1747,
301,-10125,-1804,
236,-10193,-1828,
229,-10166,-1829,
187,-9945,-1785,
169,-9797,-1723,
92,-9430,-1628,
47,-9085,-1564,
41,-9012,-1392,
35,-9063,-1274,
34,-9138,-1128,
58,-9313,-1035,
75,-9432,-972,
-26,-9360,-906,
-31,-9088,-824,
-38,-8736,-751,
-10,-8418,-594,
11,-7939,-506,
81,-7627,-414,
74,-7319,-270,
95,-6998,-201,
94,-6921,-102,
34,-6760,-84,
36,-6674,0,
12,-6648,-55,
-55,-6673,-107,
-86,-6887,-202,
87,-7358,-285,
248,-7773,-434,
439,-8476,-484,
531,-8862,-681,
528,-9428,-921,
729,-9632,-1055,
701,-9671,-1247,
706,-9542,-1381,
770,-9299,-1433,
802,-9135,-1415,
673,-8812,-1333,
510,-8472,-1227,
471,-8330,-1042,
398,-7989,-867,
180,-7447,-825,
-29,-7103,-626,
-29,-6649,-521,
31,-6191,-457,
139,-5932,-403,
135,-5404,-287,
43,-5209,-292,
156,-4973,-257,
380,-4792,-240,
368,-4768,-231,
382,-5024,-254,
392,-5429,-285,
449,-5609,-314,
556,-5678,-396,
672,-5913,-491,
547,-6059,-567,
604,-6168,-543,
734,-6026,-569,
720,-5666,-543,
580,-5352,-517,
471,-5218,-426,
473,-4965,-334,
402,-4997,-259,
312,-5172,-157,
267,-5590,-90,
483,-6145,-132,
664,-6424,-120,
699,-6701,-135,
638,-6722,-189,
691,-6586,-134,
800,-6306,-97,
862,-6069,56,
925,-5768,136,
879,-5634,322,
947,-5539,417,
1097,-5690,482,
1040,-5789,631,
885,-5645,664,
542,-5344,742,
356,-4825,743,
203,-4616,807,
289,-4522,857,
254,-4330,862,
207,-4236,992,
203,-4179,1077,
471,-4107,1136,
505,-4013,1188,
597,-3934,1241,
702,-3919,1252,
673,-3707,1265,
575,-3434,1198,
646,-3242,1209,
625,-3130,1172,
570,-3216,1206,
542,-3333,1181,
582,-3522,1113,
625,-3701,1061,
670,-3726,983,
648,-3702,930,
693,-3611,817,
727,-3342,821,
583,-3380,817,
390,-3481,760,
225,-3698,750,
188,-3867,694,
257,-4237,666,
447,-4465,637,
535,-4995,554,
628,-5621,518,
618,-5992,509,
584,-6531,483,
620,-6843,373,
606,-7139,327,
729,-7369,337,
653,-7766,374,
-12,-7895,414,
254,-7890,297,
151,-7973,334,
41,-7999,400,
191,-8035,450,
439,-8082,469,
646,-8318,567,
935,-8605,566,
1198,-8764,575,
1298,-9093,547,
1232,-9605,601,
758,-9849,644,
750,-10095,575,
1288,-10078,526,
1691,-10029,555,
2031,-10010,614,
1885,-10064,745,
1616,-10130,854,
1163,-10324,814,
907,-10556,767,
904,-10770,563,
832,-11215,397,
1039,-11658,158,
1129,-12221,148,
1224,-12470,69,
1489,-12574,-280,
1570,-10755,78,
1529,-9711,7,
1038,-9771,129,
863,-9192,289,
434,-8629,281,
376,-8186,246,
158,-8284,265,
-9,-8413,288,
-19,-8974,255,
170,-9469,245,
255,-10109,184,
349,-10982,154,
478,-11641,49,
464,-12803,12,
325,-13216,164,
687,-13308,374,
1112,-13498,552,
1095,-13843,696,
1196,-14484,842,
1491,-15570,875,
1771,-16627,751,
1606,-17819,755,
1665,-18474,727,
2091,-18644,654,
2297,-18569,587,
2488,-18352,512,
2612,-18078,538,
2727,-17742,671,
2925,-16506,833,
3020,-15639,1042,
2857,-14793,1167,
2761,-14292,1299,
2792,-13590,1353,
3182,-13327,1409,
3207,-12786,1479,
3131,-12082,1513,
3138,-11674,1455,
3391,-11066,1455,
3498,-10560,1451,
3616,-9959,1432,
3604,-9465,1409,
3554,-8764,1378,
3561,-8356,1333,
3308,-8098,1364,
3159,-8014,1414,
2986,-8294,1445,
2823,-8664,1340,
2817,-9356,1316,
2785,-10374,1205,
2768,-11109,951,
2617,-12060,658,
2475,-12788,457,
2460,-13155,302,
2245,-13377,258,
2083,-13360,251,
1655,-13069,350,
1414,-12783,425,
1284,-12693,545,
1174,-12838,793,
1060,-13114,920,
1007,-13346,975,
1037,-13348,1008,
1124,-13214,1002,
1257,-13105,1035,
1390,-12933,1034,
1425,-12768,1151,
1316,-12409,1172,
1326,-12013,1271,
1257,-11548,1289,
1112,-11192,1349,
1000,-10729,1316,
1052,-10985,1255,
1169,-11276,1240,
1188,-11246,1170,
954,-10715,1199,
1020,-10030,1190,
847,-9556,1179,
-26,-8908,1019,
-147,-8549,1008,
1,-8406,1077,
91,-8073,1146,
222,-8038,1194,
344,-8207,1300,
501,-8810,1327,
766,-9201,1456,
840,-9791,1356,
1122,-10192,1293,
1826,-10026,1295,
1656,-9707,1267,
1392,-9266,1132,
1204,-8972,1121,
1547,-8675,1240,
1573,-8325,1234,
1949,-7985,1275,
2275,-7714,1364,
2187,-7212,1348,
2099,-6760,1350,
2123,-6554,1325,
2359,-6286,1319,
3204,-5847,1396,
3011,-5228,1509,
2406,-4301,1438,
1536,-3347,1354,
784,-2727,1271,
526,-1784,1206,
135,-944,1074,
-162,-479,911,
-277,87,810,
-459,267,810,
-481,332,795,
-486,325,730,
-434,282,705,
-441,225,618,
-530,172,611,
-674,-223,608,
-212,-904,665,
-143,-877,629,
-632,-866,490,
-1287,-1492,465,
-1035,-1907,478,
-1070,-2453,480,
-1487,-3160,386,
-1689,-3506,305,
-1731,-4140,191,
-1872,-4539,156,
-1983,-4873,42,
-1917,-5033,3,
-1934,-5216,-59,
-1945,-5282,-127,
-1902,-5452,-192,
-1844,-5542,-202,
-1940,-5475,-154,
-2137,-5526,-214,
-2168,-5509,-172,
-2290,-5498,-153,
-2451,-5398,-139,
-2575,-5221,-174,
-2637,-4968,-164,
-2794,-4652,-211,
-2840,-4477,-215,
-2872,-4110,-265,
-2762,-3786,-292,
-2684,-3359,-305,
-2604,-3198,-365,
-2537,-3094,-316,
-2473,-3349,-231,
-2395,-4162,-44,
-1930,-4849,111,
-1995,-5433,275,
-2925,-5642,291,
-4829,-5161,802,
-7855,-4359,466,
-9368,-3714,-169,
-7401,-3995,-80,
-6481,-4098,331,
-6452,-4234,250,
-6454,-4414,232,
-6310,-4718,310,
-5905,-5000,333,
-5653,-5166,288,
-5478,-5321,283,
-5344,-5722,288,
-4924,-5711,367,
-4901,-5584,357,
-4936,-5645,348,
-4698,-5727,360,
-4555,-6126,500,
-4688,-7059,655,
-4943,-8203,893,
-4806,-10144,984,
-4337,-12012,999,
-4281,-13354,985,
-3743,-14124,833,
-3345,-14350,826,
-3607,-14218,802,
-3649,-14190,770,
-3706,-13505,872,
-3775,-12942,926,
-3671,-12323,916,
-3559,-12114,877,
-3413,-11580,820,
-3210,-11105,689,
-2725,-10380,586,
-2479,-9962,416,
-2290,-9315,241,
-2205,-8655,220,
-2000,-8224,181,
-1957,-7681,175,
-1819,-7357,151,
-1710,-7148,188,
-1714,-6965,125,
-1644,-6941,13,
-1531,-6951,-78,
-1523,-6941,-185,
-1429,-6828,-297,
-1477,-6543,-415,
-1559,-6292,-545,
-1538,-5934,-666,
-1595,-5526,-730,
-1592,-5345,-792,
-1643,-5081,-802,
-1751,-5031,-868,
-1748,-4924,-927,
-1858,-4895,-1000,
-1901,-4880,-1075,
-1876,-4951,-1109,
-1845,-4906,-1146,
-1905,-4752,-1184,
-1843,-4607,-1245,
-1632,-4439,-1186,
-1455,-4292,-1139,
-1348,-4329,-1077,
-1208,-4593,-848,
-1111,-5290,-737,
-785,-6303,-641,
-482,-7095,-503,
-225,-8266,-498,
-10,-9021,-507,
270,-9368,-440,
547,-9591,-401,
930,-9316,-358,
1185,-8962,-270,
1326,-8361,-152,
1647,-7849,-28,
1967,-7442,-24,
2261,-7247,37,
2682,-7024,59,
2823,-6787,3,
2839,-6561,-27,
3079,-6497,-149,
3213,-6208,-171,
3237,-5986,-275,
3332,-5807,-272,
3331,-5720,-322,
3263,-5628,-314,
3102,-5472,-223,
2884,-5396,-190,
2644,-5431,-126,
2556,-5600,-108,
2370,-5723,-167,
2119,-6170,-131,
1947,-6345,-195,
1946,-6239,-185,
1880,-6196,-278,
1918,-6345,-333,
1929,-6647,-268,
1906,-6774,-257,
1805,-6961,-224,
1734,-7081,-260,
1724,-7080,-292,
1816,-6934,-349,
1863,-6826,-367,
2092,-6585,-391,
2130,-6245,-407,
2008,-5701,-449,
1998,-5334,-469,
2121,-5149,-567,
2242,-4822,-590,
2306,-4557,-590,
2442,-4437,-614,
2614,-4102,-629,
2710,-3561,-667,
2820,-3118,-713,
2849,-2450,-830,
3094,-1899,-791,
3326,-1609,-846,
3439,-1272,-778,
3485,-1457,-671,
3649,-2053,-416,
3761,-3514,-100,
3808,-5279,13,
4050,-6556,47,
4376,-8303,56,
4663,-9163,-5,
4911,-9949,53,
5077,-10144,139,
5082,-10094,348,
4946,-9947,594,
4765,-9647,692,
4632,-9524,905,
4307,-9062,982,
4077,-8762,1041,
4085,-8645,1021,
3810,-8486,1023,
3479,-8286,1050,
3214,-8171,942,
3145,-8318,973,
3022,-8247,944,
2845,-8130,925,
2645,-7813,928,
2293,-7612,982,
2096,-7585,985,
1950,-7464,1053,
1653,-7453,1110,
1420,-7320,1099,
1205,-7558,1103,
1037,-7818,1173,
1036,-8247,1108,
1006,-8633,1063,
1004,-8889,1000,
1063,-9242,896,
982,-9390,868,
954,-9426,812,
1042,-9360,778,
1147,-9030,771,
1134,-8610,715,
919,-8183,720,
629,-7963,685,
504,-7764,648,
645,-7507,487,
684,-7016,341,
740,-6417,198,
750,-5982,-80,
869,-5484,-205,
817,-4946,-436,
780,-4293,-678,
933,-3647,-785,
836,-3266,-791,
712,-3172,-760,
644,-3400,-736,
614,-3541,-615,
554,-3961,-492,
246,-4692,-396,
-115,-5370,-385,
52,-6992,-324,
747,-8581,-205,
1364,-10292,147,
2218,-10280,364,
1747,-9455,440,
945,-7800,441,
-27,-6442,506,
-650,-5892,698,
-687,-5735,883,
-590,-6161,1315,
-486,-7110,1681,
-471,-7939,1821,
-537,-8468,1927,
-737,-9306,2024,
-857,-9538,2040,
-879,-9557,1991,
-956,-9256,1949,
-1099,-8753,1984,
-1360,-8309,1975,
-1583,-8055,2004,
-1561,-7954,1965,
-1481,-7745,1918,
-1337,-7470,1838,
-1276,-7269,1681,
-1249,-7008,1534,
-1128,-6890,1434,
-869,-6933,1329,
-506,-7394,1222,
-90,-8592,1203,
104,-9468,1563,
-458,-9816,2034,
-890,-9858,2071,
-1893,-9240,1832,
-4007,-7472,1158,
-3185,-6282,739,
-136,-5454,521,
1547,-4866,259,
1634,-4308,14,
1724,-4356,-134,
2053,-4860,-109,
2724,-5453,-75,
3086,-5780,-126,
3088,-5979,-211,
2930,-5894,-235,
2672,-5682,-202,
2516,-5476,-104,
2305,-5535,-8,
2216,-5728,156,
2143,-6239,342,
2068,-6915,414,
2091,-7360,528,
2148,-7973,555,
2238,-8425,570,
2347,-8570,562,
2294,-8590,556,
2356,-8511,639,
2026,-8288,637,
1299,-8113,666,
814,-8053,693,
743,-8062,719,
536,-8191,678,
575,-8342,788,
301,-8657,853,
-20,-8936,815,
-244,-9086,798,
-252,-9045,853,
-239,-8868,759,
-500,-8486,690,
-674,-8212,574,
-663,-7630,491,
-572,-7094,407,
-606,-6715,348,
-640,-6214,278,
-836,-5597,253,
-1055,-5187,142,
-1161,-4505,80,
-1204,-3682,-219,
-1076,-3101,-481,
-888,-2137,-758,
-656,-1187,-936,
-510,-593,-1234,
-410,310,-1498,
-209,1008,-1673,
-115,1334,-1773,
-59,1556,-1716,
-82,1280,-1608,
-153,1003,-1392,
-98,428,-1190,
62,-182,-1102,
194,-673,-896,
303,-1326,-716,
431,-1734,-442,
362,-2161,-276,
278,-2510,-48,
215,-2722,162,
164,-2999,362,
97,-3203,630,
55,-3489,738,
-216,-3693,948,
-299,-4041,1156,
-475,-4448,1252,
-592,-4732,1365,
-614,-5093,1468,
-673,-5417,1487,
-810,-5631,1527,
-844,-5876,1482,
-922,-6041,1495,
-1026,-6103,1465,
-1027,-6078,1387,
-1053,-5971,1341,
-1122,-5802,1242,
-1140,-5726,1135,
-1148,-5500,995,
-1204,-5201,959,
-1309,-4984,891,
-1377,-4650,857,
-1480,-4398,863,
-1645,-4220,873,
-1677,-3982,915,
-1813,-3803,907,
-1922,-3733,945,
-2001,-3707,1023,
-2040,-3817,1030,
-2107,-3837,1096,
-2285,-3934,1125,
-2383,-3934,1138,
-2508,-3681,1101,
-2433,-3370,959,
-2298,-3219,938,
-2220,-3059,939,
-2028,-2823,870,
-1813,-2777,747,
-1787,-2666,718,
-1621,-3563,544,
-2448,-5430,661,
-3821,-8021,893,
-5206,-9848,1215,
-7338,-10779,1526,
-8263,-9404,2079,
-6677,-6978,2264,
-4307,-6385,1986,
-3333,-6016,1792,
-3672,-5848,1788,
-4540,-6355,1724,
-3852,-6758,1671,
-2994,-7063,2009,
-3615,-7244,1837,
-4072,-7107,1714,
-3667,-7035,1650,
-3134,-6746,1656,
-3226,-6770,1676,
-3752,-6720,1812,
-4305,-6815,1788,
-4522,-7282,1726,
-5119,-8115,1811,
-6244,-9244,2091,
-7094,-8958,2398,
-6444,-7926,2441,
-4500,-7674,2323,
-3589,-7531,2207,
-3612,-7639,2110,
-3904,-7659,2128,
-4413,-7670,2147,
-4768,-7519,2168,
-4721,-7283,2150,
-4503,-6873,1985,
-4169,-6470,1951,
-3771,-6220,1814,
-3378,-5707,1788,
-3252,-4919,1648,
-3035,-3911,1522,
-2855,-3169,1301,
-2776,-1972,961,
-2575,-839,746,
-2315,-307,432,
-2337,561,203,
-2458,1368,85,
-2432,1966,-157,
-2188,2816,-441,
-1618,3451,-559,
-1227,3647,-712,
-1030,3760,-806,
-886,3661,-943,
-586,3652,-1074,
-322,3614,-1289,
224,3571,-1375,
603,3410,-1514,
808,2978,-1486,
1030,1968,-1301,
1136,1051,-1034,
1198,-349,-905,
1196,-1326,-681,
1106,-2601,-413,
876,-3683,-267,
284,-4112,3,
-181,-4506,281,
-986,-4695,516,
-1795,-4760,765,
-2276,-4882,897,
-2902,-5063,1103,
-3165,-5299,1244,
-3295,-5586,1393,
-3319,-5950,1419,
-3250,-6156,1561,
-3129,-6337,1683,
-3053,-6643,1763,
-2815,-6942,1780,
-2577,-7062,1788,
-2491,-7028,1762,
-2420,-6877,1764,
-2429,-6642,1766,
-2504,-6422,1802,
-2549,-6093,1821,
-2639,-5684,1756,
-2740,-5195,1795,
-2850,-4883,1766,
-2936,-4265,1676,
-3042,-3357,1556,
-3156,-2494,1344,
-3124,-1976,1126,
-2992,-1408,864,
-2712,-998,679,
-2385,-830,450,
-2208,-751,312,
-1987,-962,269,
-1969,-1189,263,
-1900,-1694,221,
-1771,-2054,201,
-1550,-2214,144,
-1381,-2243,36,
-1248,-2170,21,
-1135,-2147,66,
-1183,-2257,222,
-1278,-2589,408,
-1267,-2947,590,
-1175,-3541,679,
-993,-4083,755,
-857,-4367,833,
-848,-4588,928,
-861,-4780,1034,
-967,-4974,1342,
-1060,-5470,1516,
-1132,-6180,1865,
-1186,-6670,2167,
-1193,-7369,2484,
-1102,-7902,2673,
-1050,-8219,2852,
-1024,-8279,2988,
-1031,-8249,3098,
-935,-8269,3170,
-886,-8195,3224,
-826,-8053,3323,
-743,-7894,3322,
-659,-7757,3339,
-556,-7596,3235,
-415,-7389,3267,
-204,-7227,3187,
-37,-7094,3106,
165,-6966,3014,
438,-6926,2823,
587,-6862,2669,
752,-6801,2583,
821,-6767,2444,
798,-6727,2347,
579,-6875,2303,
119,-7049,2372,
-227,-7643,2409,
-662,-8405,2514,
-998,-8918,2538,
-1169,-9450,2538,
-1443,-9714,2428,
-1772,-9591,2316,
-1997,-9078,2262,
-2348,-8231,2178,
-2636,-7390,2138,
-2788,-6934,2078,
-2852,-6395,2059,
-2708,-6085,2095,
-2567,-6021,2171,
-2440,-6104,2306,
-2282,-6236,2427,
-2186,-6487,2547,
-1969,-6614,2773,
-1833,-6634,2968,
-1785,-6518,3015,
-1734,-6255,3105,
-1696,-6044,3214,
-1695,-5706,3251,
-1756,-5522,3408,
-1843,-5618,3519,
-1949,-5852,3669,
-2048,-6393,3780,
-2046,-6993,3862,
-2073,-7588,3922,
-2065,-7833,3986,
-2031,-7946,3990,
-2012,-7878,3986,
-1890,-7610,3879,
-1782,-7391,3761,
-1769,-7070,3631,
-1632,-6661,3478,
-1462,-6305,3257,
-1201,-6047,2953,
-1030,-5754,2643,
-761,-5509,2426,
-488,-5434,2145,
-234,-5326,1852,
163,-5240,1688,
416,-5107,1439,
511,-4925,1315,
516,-4799,1227,
595,-4741,1132,
642,-4667,1023,
677,-4587,1007,
811,-4580,1025,
881,-4551,1053,
947,-4532,1138,
1017,-4545,1243,
1053,-4543,1340,
1088,-4510,1396,
1023,-4553,1469,
985,-4640,1537,
928,-4692,1603,
907,-4759,1693,
909,-4812,1787,
895,-4797,1838,
868,-4721,1925,
878,-4545,1964,
794,-4418,2069,
671,-4228,2110,
618,-4096,2121,
523,-4013,2123,
388,-3927,2076,
238,-3907,2066,
73,-4012,2025,
-86,-4164,2039,
-215,-4283,2010,
-301,-4442,1977,
-462,-4494,1917,
-612,-4572,1852,
-870,-4749,1800,
-1223,-5102,1853,
-1507,-5431,1833,
-1653,-5890,1688,
-1660,-6333,1522,
-1580,-6603,1322,
-1450,-6703,1107,
-1365,-6705,911,
-1272,-6297,799,
-1223,-5950,607,
-1194,-5397,368,
-1177,-4754,220,
-1087,-4422,-45,
-1016,-4093,-254,
-810,-4106,-342,
-453,-4370,-450,
-56,-4562,-497,
251,-4768,-545,
570,-4887,-479,
755,-4967,-438,
951,-4905,-374,
985,-4740,-282,
962,-4437,-165,
887,-4008,-123,
760,-3695,0,
730,-3277,29,
716,-3093,66,
674,-2859,123,
577,-2974,348,
579,-3479,643,
532,-4214,850,
589,-4702,1125,
628,-5278,1285,
689,-5493,1435,
639,-5607,1500,
496,-5455,1569,
237,-5306,1645,
103,-4984,1780,
-184,-4786,1861,
-317,-4698,2006,
-375,-4617,2045,
-377,-4695,2101,
-294,-4788,2141,
-241,-4884,2178,
-104,-4982,2171,
-92,-5028,2186,
-80,-5067,2105,
-113,-5069,2044,
-209,-5060,2045,
-284,-5152,2023,
-304,-5322,1958,
-249,-5360,1897,
-142,-5647,1877,
-27,-6052,1869,
84,-6376,1910,
108,-6936,1918,
281,-7312,1963,
345,-7814,1987,
407,-8121,2052,
433,-8281,2083,
428,-8342,2029,
466,-8230,2013,
428,-8151,1957,
464,-8000,1967,
401,-7960,1968,
395,-7981,1946,
437,-7880,1903,
537,-7731,1917,
663,-7601,1871,
757,-7248,1802,
825,-6976,1708,
869,-6460,1583,
852,-6023,1528,
825,-5777,1456,
859,-5482,1368,
980,-5356,1289,
1044,-5301,1208,
1094,-5230,1129,
1240,-5031,1072,
1276,-4913,1021,
1345,-4593,1068,
1300,-4252,1004,
1039,-4140,1037,
888,-4172,1090,
642,-4426,1117,
485,-4766,1109,
461,-5291,1099,
463,-5861,1037,
555,-6213,1061,
554,-6578,1066,
612,-6808,1076,
553,-7025,1155,
561,-7173,1204,
555,-7405,1309,
548,-7855,1393,
748,-8468,1457,
1012,-8958,1584,
1216,-9585,1635,
1500,-9906,1676,
1646,-9876,1773,
1648,-9583,1735,
1558,-9131,1739,
1438,-8794,1683,
1288,-8243,1663,
967,-7651,1582,
794,-7226,1461,
703,-6746,1382,
643,-6481,1280,
772,-6373,1220,
945,-6241,1233,
1146,-6163,1186,
1354,-5933,1179,
1346,-5517,1165,
1335,-5147,1127,
1202,-4489,1028,
1108,-3687,977,
901,-3211,876,
827,-2587,758,
764,-2096,716,
839,-1890,670,
916,-1630,609,
945,-1554,616,
899,-1699,697,
890,-2000,727,
935,-2217,727,
947,-2471,697,
792,-2565,550,
643,-2522,542,
359,-2509,506,
75,-2421,445,
-263,-2336,471,
-588,-2317,313,
-772,-2312,246,
-975,-2284,94,
-1086,-2390,40,
-1057,-2493,4,
-1052,-2580,1,
-993,-2753,19,
-922,-2876,83,
-839,-3179,174,
-769,-3514,238,
-683,-3728,328,
-614,-4053,381,
-495,-4425,478,
-327,-4677,641,
-200,-5085,717,
51,-5333,826,
176,-5589,960,
348,-5647,1056,
440,-5649,1069,
467,-5472,1058,
536,-5238,1059,
623,-4831,972,
715,-4337,927,
809,-3994,857,
861,-3441,769,
915,-3141,672,
920,-2708,516,
938,-2390,395,
934,-2274,336,
955,-2185,253,
1067,-2217,178,
1158,-2092,120,
1276,-1786,31,
1370,-1521,-55,
1366,-1061,-64,
1293,-780,-143,
1158,-428,-156,
1040,-221,-180,
862,-152,-223,
788,-110,-270,
577,-171,-310,
298,-195,-296,
120,-245,-309,
-57,-340,-304,
-157,-448,-245,
-296,-632,-138,
-440,-782,-10,
-481,-1178,21,
-590,-1564,129,
-678,-2169,223,
-751,-2728,259,
-829,-3060,218,
-867,-3352,143,
-1052,-3390,14,
-1171,-3388,-188,
-1236,-3327,-273,
-1204,-3299,-360,
-1135,-3331,-442,
-1000,-3437,-455,
-894,-3679,-379,
-606,-3991,-275,
-282,-4234,-388,
-95,-4551,-400,
151,-4781,-291,
310,-4785,-145,
311,-4725,-17,
327,-4575,156,
263,-4168,191,
248,-3747,182,
164,-3488,243,
59,-3255,299,
-49,-3224,366,
-85,-3268,428,
-16,-3279,473,
97,-3112,492,
166,-2899,504,
276,-2409,475,
449,-1724,450,
625,-1260,359,
736,-745,341,
860,-549,296,
883,-504,246,
850,-682,226,
855,-995,266,
741,-1347,346,
686,-1876,432,
545,-2440,484,
402,-2757,577,
321,-3290,643,
288,-3562,709,
209,-3852,724,
126,-3926,738,
-57,-3968,769,
-211,-4065,802,
-456,-4175,874,
-602,-4640,937,
-707,-5241,1018,
-751,-5649,1091,
-692,-6032,1171,
-537,-6186,1222,
-334,-6127,1315,
-272,-5809,1334,
-147,-5355,1387,
-80,-5016,1387,
-103,-4699,1409,
-102,-4579,1402,
6,-4653,1396,
75,-4882,1386,
286,-5006,1359,
487,-5157,1281,
661,-5113,1264,
811,-4860,1219,
827,-4214,1040,
848,-3314,895,
670,-2737,643,
599,-1938,490,
479,-1478,191,
453,-1071,-85,
371,-882,-251,
391,-911,-475,
450,-955,-627,
515,-846,-847,
526,-405,-1066,
468,71,-1419,
371,826,-1815,
375,1587,-2028,
432,2012,-2414,
452,2469,-2589,
644,2728,-2825,
883,2767,-3019,
1027,2671,-3064,
1252,2517,-3102,
1469,2317,-3116,
1615,2055,-3062,
1739,1918,-3013,
1856,1719,-2880,
1901,1654,-2841,
1790,1595,-2731,
1598,1494,-2655,
1504,1303,-2561,
1315,1089,-2373,
1278,651,-2157,
1267,84,-2025,
1304,-298,-1779,
1387,-835,-1543,
1472,-1218,-1390,
1511,-1540,-1254,
1635,-1983,-1236,
1257,-2213,-540,
243,-2313,-367,
-207,-2499,-365,
-455,-2831,-29,
-737,-3194,289,
-792,-3406,603,
-798,-3610,847,
-544,-3698,980,
-527,-3582,1212,
-540,-3243,1273,
-601,-2995,1128,
-564,-2590,885,
-709,-2135,862,
-917,-1705,636,
-992,-1055,316,
-847,-422,-18,
-363,-110,-521,
-178,318,-575,
-116,593,-425,
-176,819,-225,
-519,924,-58,
-1173,927,22,
-1519,899,-1,
-1895,832,-125,
-2025,743,-228,
-2139,683,-230,
-2220,565,-280,
-2461,323,-203,
-2676,130,-24,
-2853,-274,173,
-3221,-697,293,
-3509,-960,541,
-3659,-1374,688,
-3813,-1772,919,
-3675,-2015,1121,
-3565,-2269,1180,
-3509,-2461,1235,
-3504,-2503,1296,
-3655,-2597,1207,
-3700,-2691,678,
-3461,-2867,-192,
-3037,-3218,-461,
-2997,-3745,194,
-2664,-3988,338,
-1929,-4129,386,
-1448,-4507,324,
-675,-4713,300,
-368,-4779,781,
-265,-4578,1115,
-24,-4416,987,
189,-4236,1120,
260,-3902,1070,
645,-3475,940,
862,-3153,1061,
1175,-2438,924,
1314,-1992,945,
1328,-1332,885,
1343,-750,883,
1262,-533,651,
1136,-434,570,
878,-491,452,
763,-647,348,
502,-848,276,
355,-1112,183,
248,-1254,191,
182,-1319,168,
190,-1408,154,
201,-1417,113,
240,-1510,-81,
331,-1519,-235,
346,-1585,-412,
387,-1686,-557,
383,-1723,-785,
333,-1743,-908,
284,-1839,-896,
258,-1886,-922,
314,-2033,-818,
392,-2194,-681,
428,-2353,-552,
453,-2512,-446,
399,-2677,-267,
365,-2768,-79,
381,-2858,70,
248,-2912,168,
198,-2972,207,
149,-2963,281,
128,-2900,398,
137,-2987,483,
213,-2985,601,
318,-2891,684,
445,-2904,767,
535,-2853,898,
629,-2918,1002,
769,-2962,1004,
892,-3085,1141,
971,-3273,1210,
1005,-3717,1470,
1156,-4423,1623,
1378,-5017,1960,
1679,-6087,2202,
2083,-6950,2349,
2523,-7378,2508,
2792,-7737,2570,
3202,-7794,2523,
3553,-7745,2479,
3739,-7662,2331,
3976,-7630,2268,
4199,-7634,2152,
4308,-7668,2093,
4417,-7772,2043,
4494,-7865,1988,
4500,-7937,1937,
4588,-7946,1904,
4452,-7948,1812,
4217,-7870,1770,
4001,-7707,1708,
3631,-7342,1591,
3243,-6923,1455,
3012,-6241,1321,
2675,-5514,1138,
2302,-5044,982,
1997,-4529,958,
1387,-4292,1004,
971,-4060,1056,
751,-4003,1176,
438,-4052,1273,
239,-4161,1271,
7,-4209,1291,
-105,-4176,1217,
-108,-4131,1131,
-200,-3968,1054,
-279,-3864,954,
-280,-3752,845,
-389,-3686,719,
-545,-3790,599,
-556,-3847,490,
-618,-3867,359,
-615,-4045,1094,
27,-5751,1765,
1077,-6143,1802,
1425,-5883,1474,
1465,-5659,1200,
1297,-5653,858,
1129,-5294,597,
1053,-4810,502,
1030,-4569,378,
994,-4166,281,
988,-3940,161,
940,-3778,72,
900,-3684,85,
914,-3738,33,
932,-3684,31,
1067,-3680,23,
1142,-3676,85,
1177,-3632,-39,
1260,-3526,11,
1391,-3413,-31,
1440,-3276,72,
1509,-3256,163,
1476,-3164,178,
1495,-3136,139,
1751,-3171,120,
2093,-3191,125,
2310,-3210,198,
2550,-2990,251,
2832,-2814,229,
2949,-2546,185,
2941,-2295,-10,
2938,-2213,-50,
2909,-2040,-127,
2955,-1924,-144,
2938,-1810,-86,
2988,-1729,-102,
3033,-1643,-198,
2990,-1625,-212,
3051,-1710,-280,
3056,-1790,-359,
3166,-1945,-289,
3191,-2132,-289,
3337,-2276,-317,
3637,-2461,-236,
3656,-2525,-197,
3685,-2545,-33,
3405,-2498,196,
3303,-2361,387,
2948,-2157,750,
2592,-1929,994,
2158,-1858,1179,
1688,-1850,1110,
923,-1384,499,
28,-993,474,
-472,-679,527,
-1387,183,532,
-2208,779,608,
-2660,1473,748,
-3153,1622,1266,
-3352,1603,1798,
-3396,1519,2220,
-3417,1435,2737,
-3676,1433,3039,
-3907,1610,3102,
-4136,1764,3000,
-4267,2150,2846,
-4221,2517,2650,
-3991,2730,2492,
-3705,2901,2492,
-3478,2934,2595,
-3008,2904,2729,
-2638,2818,2818,
-2355,2782,2750,
-2023,2727,2626,
-1864,2726,2385,
-1678,2724,2170,
-1474,2806,1896,
-1310,2743,1619,
-1166,2756,1463,
-911,2633,1308,
-708,2589,1216,
-593,2446,1149,
-399,2398,1073,
-334,2437,1075,
-266,2477,1058,
-226,2543,972,
-147,2647,1001,
-24,2801,990,
-34,2807,1063,
59,2851,1084,
159,2844,1065,
226,2761,1019,
292,2777,991,
303,3351,1014,
-1483,4743,1494,
-3457,6200,2218,
-4470,9390,2681,
-4526,8313,2872,
-1642,5996,3242,
-1412,5859,3645,
-1945,5935,3870,
-1664,5066,4080,
-829,3289,4052,
796,2562,2512,
-73,1037,-2108,
-2227,-202,-1454,
-1966,-708,-128,
-1428,-779,182,
-960,-405,240,
-460,-53,1166,
177,822,2754,
938,1206,3758,
1273,1522,4707,
1683,1407,5198,
1956,1160,5871,
2272,632,6631,
2710,16,7062,
2929,-212,7474,
3102,-351,7569,
2984,-395,7525,
2765,-379,7278,
2072,-557,6993,
1152,-770,6262,
483,-1542,4960,
-397,-2772,3852,
-984,-3693,1962,
-1147,-5209,668,
-1189,-6845,-1203,
-912,-8002,-2995,
-573,-9661,-4532,
14,-11241,-5421,
619,-12218,-6682,
1352,-13590,-7638,
1854,-14803,-8387,
2737,-15724,-8800,
3612,-16553,-9339,
4480,-16937,-9739,
5138,-17384,-9947,
6006,-17694,-10037,
6826,-17867,-10096,
7372,-18031,-10116,
7759,-18142,-10088,
7758,-17973,-10118,
7606,-17442,-10036,
7275,-16543,-9873,
6701,-15480,-9540,
5733,-14680,-9289,
4769,-13572,-9011,
4108,-12555,-8689,
3252,-11587,-8430,
2383,-11007,-7902,
1511,-10120,-7297,
944,-9281,-6623,
253,-8425,-6199,
-477,-7836,-5582,
-911,-6753,-4984,
-1552,-5637,-4607,
-2066,-4444,-4010,
-2449,-3650,-3411,
-2552,-2446,-2869,
-2557,-1328,-2361,
-2435,-424,-1660,
-2196,196,-818,
-2044,992,151,
-1786,1631,900,
-1622,1976,2150,
-1533,2427,3464,
-1345,2733,4368,
-1093,2908,5596,
-1020,3110,6699,
-728,3157,7253,
-405,3175,8010,
-280,3160,8331,
-81,2768,8820,
11,2117,8981,
46,697,8872,
-133,-467,7989,
-640,-2325,6882,
-1097,-3492,4600,
-1390,-5187,1855,
-1541,-6715,-30,
-1703,-8163,-2854,
-1769,-8896,-5538,
-1715,-9864,-7923,
-1519,-10625,-9239,
-1168,-11383,-10869,
-781,-11980,-12132,
-369,-12397,-12940,
28,-12832,-13536,
306,-13160,-14056,
668,-13393,-14358,
921,-13531,-14756,
1053,-13589,-15140,
862,-13545,-15534,
719,-13406,-15768,
346,-13231,-15992,
-157,-13040,-16176,
-748,-12691,-16219,
-1186,-12326,-16080,
-1892,-11932,-15845,
-2499,-11370,-15696,
-3092,-10785,-15273,
-3664,-10077,-14809,
-4148,-9344,-14205,
-4542,-8895,-13448,
-4797,-8111,-12680,
-4930,-7398,-11826,
-5047,-6811,-11286,
-5061,-6170,-10418,
-5067,-5781,-9640,
-4981,-5239,-8773,
-4908,-4711,-8077,
-4889,-4240,-7617,
-4787,-3759,-6877,
-4658,-3470,-6066,
-4550,-3062,-5262,
-4297,-2617,-4669,
-3947,-2191,-3672,
-3492,-1937,-2641,
-3013,-1488,-1548,
-2646,-1263,-370,
-2245,-1125,402,
-1868,-1090,1442,
-1673,-1122,2224,
-1291,-1310,2617,
-960,-1632,3102,
-761,-1829,3370,
-617,-2037,3340,
-360,-2378,3282,
-22,-2663,3021,
225,-3249,2820,
499,-4018,2436,
738,-4501,1879,
860,-5273,1465,
876,-5759,943,
885,-6462,318,
822,-7153,-65,
930,-7481,-657,
1023,-7836,-1083,
1227,-8053,-1563,
1285,-8070,-2088,
1305,-8018,-2649,
1195,-7831,-3037,
1077,-7672,-3629,
811,-7586,-4067,
599,-7466,-4462,
203,-7332,-4656,
-192,-7202,-5021,
-411,-7075,-5174,
-850,-6959,-5308,
-1329,-6894,-5503,
-1824,-6764,-5791,
-2139,-6677,-6097,
-2608,-6615,-6242,
-3034,-6483,-6556,
-3369,-6417,-6749,
-3482,-6265,-6968,
-3638,-6087,-7065,
-3717,-5891,-7093,
-3795,-5758,-7054,
-3781,-5502,-7029,
-3745,-5315,-7125,
-3613,-5011,-7128,
-3532,-4853,-7125,
-3385,-4594,-6992,
-3279,-4368,-6814,
-3090,-4196,-6625,
-2942,-3984,-6263,
-2725,-3901,-5776,
-2627,-3697,-5128,
-2433,-3473,-4758,
-2287,-3325,-4226,
-2044,-3156,-3691,
-1843,-2739,-3224,
-1748,-2187,-2720,
-1533,-1513,-2333,
-1382,-1078,-1746,
-1164,-403,-1092,
-1024,248,-279,
-795,809,319,
-490,1125,1274,
-252,1416,1929,
144,1525,2988,
426,1636,4098,
902,1706,4831,
1451,1764,5873,
1840,1897,6481,
2466,2044,7353,
2752,2264,8062,
3078,2557,8540,
3227,2690,9233,
3356,2919,9867,
3571,2958,10214,
3648,2958,10628,
3637,2888,10967,
3609,2793,11069,
3583,2624,11088,
3542,2461,10961,
3325,2238,10763,
3001,1969,10417,
2729,1255,9873,
2269,120,9306,
1845,-782,8207,
1628,-2198,7451,
1363,-3188,6095,
1203,-4623,4667,
1141,-5965,3776,
1112,-7151,2521,
1002,-7753,1493,
1042,-8515,933,
1097,-8839,210,
1034,-9332,-500,
931,-9889,-949,
814,-10250,-1720,
772,-10827,-2670,
742,-11315,-3600,
800,-11691,-4191,
881,-11982,-5023,
949,-12209,-5660,
804,-12297,-6016,
664,-12268,-6421,
397,-12190,-6630,
266,-11987,-6743,
72,-11726,-6727,
-121,-11542,-6688,
-315,-11171,-6608,
-436,-10604,-6456,
-479,-9918,-6298,
-467,-9070,-5832,
-344,-8574,-5187,
-257,-7894,-4434,
-14,-7384,-3913,
234,-7077,-3135,
386,-6512,-2466,
562,-5757,-2062,
629,-5218,-1519,
719,-4340,-1025,
806,-3410,-711,
934,-2886,-219,
1024,-2225,288,
1042,-1592,615,
1123,-1172,1181,
1160,-604,1736,
1132,-27,2012,
1045,363,2391,
992,900,2583,
904,1261,2726,
846,1762,2858,
782,2091,3098,
724,2480,3488,
652,2844,3737,
657,3076,4105,
627,3403,4300,
592,3635,4534,
568,3931,4653,
406,4187,4644,
178,4371,4457,
-10,4535,4261,
-215,4669,3836,
-345,4614,3362,
-497,4273,3100,
-645,3878,2695,
-751,2973,2427,
-863,2216,1855,
-1062,1187,1087,
-1201,208,555,
-1516,-299,-334,
-1710,-959,-1203,
-1943,-1413,-1781,
-2114,-1656,-2369,
-2390,-1539,-2037,
-2784,-1353,-1977,
-2725,-1305,-2030,
-1919,-1415,-1838,
-798,-1498,-1234,
141,-1591,-915,
577,-1661,-790,
1067,-1663,-626,
1203,-1597,-499,
1229,-1525,-432,
1082,-1463,-351,
1055,-1318,-234,
891,-1121,-80,
409,-953,157,
-113,-615,245,
-1076,-419,442,
-1808,16,683,
-2978,445,760,
-3936,729,857,
-4384,1161,842,
-4743,1458,786,
-4898,1740,821,
-4943,2114,809,
-4995,2278,934,
-5028,2591,1028,
-4955,2871,1167,
-4871,2999,1397,
-4735,3134,1734,
-4448,3123,2060,
-4138,2910,2442,
-3802,2476,2870,
-3302,2046,3149,
-2769,1852,3534,
-2419,1719,3907,
-1872,1717,4139,
-1239,1734,4492,
-907,1766,4782,
-356,1797,5027,
96,1771,5341,
350,1449,5604,
679,1189,5963,
946,626,6276,
1281,-114,6513,
1759,-522,6888,
2043,-980,7126,
2502,-1175,7309,
2707,-1266,7468,
2903,-1331,7475,
2923,-1286,7497,
2901,-1220,7463,
2574,-1221,7351,
2151,-1227,7053,
1646,-1427,6836,
655,-1802,6480,
-591,-2058,5660,
-1616,-2454,4558,
-3294,-2673,3900,
-4806,-2819,2983,
-5937,-2930,2271,
-6427,-2974,1567,
-7143,-3833,23,
-9352,-4519,-1554,
-10187,-5630,-1729,
-10177,-5974,-1890,
-8626,-5096,-1843,
-8283,-4506,-1483,
-7412,-3824,-1002,
-6591,-3077,-523,
-5265,-1944,-387,
-4252,-1515,-79,
-4003,-1320,74,
-4054,-1715,61,
-4171,-2044,-17,
-3794,-2315,-301,
-3717,-2596,-619,
-3506,-2821,-841,
-3106,-3097,-1129,
-2316,-3243,-1391,
-1591,-3120,-1735,
-628,-2882,-2009,
187,-2772,-2340,
907,-2701,-2670,
1311,-2706,-2866,
1787,-2802,-3330,
2160,-2857,-3746,
2482,-3119,-4114,
2870,-3380,-4369,
3275,-3499,-4815,
3521,-3451,-5202,
3604,-3228,-5658,
3598,-2811,-5944,
3540,-2552,-6297,
3522,-2059,-6597,
3462,-1532,-6705,
3474,-960,-6708,
3159,-647,-6396,
2804,-325,-5863,
2000,-298,-5472,
1251,-389,-4844,
758,-859,-4080,
38,-1392,-3546,
-616,-1851,-2665,
-957,-2490,-1566,
-1462,-2899,-808,
-1779,-3034,439,
-1895,-3125,1759,
-1915,-3071,2583,
-1838,-3025,3689,
-1673,-2996,4710,
-1567,-3000,5560,
-1295,-3055,6088,
-983,-2777,6738,
-49,-1881,7667,
5070,5218,10943,
14265,7134,12081,
14809,7807,12884,
14212,6060,13246,
11304,4180,13318,
9253,2612,12626,
5858,1638,11602,
2997,135,10460,
222,-350,8568,
-433,-502,6574,
-601,-285,5326,
-427,-27,3629,
-318,286,2354,
-143,425,1700,
-90,333,1070,
-325,40,805,
-721,-149,537,
-927,-290,455,
-1108,-344,343,
-1173,-334,296,
-1145,-408,228,
-976,-450,82,
-748,-732,59,
-227,-1097,-143,
154,-1770,-388,
792,-2393,-657,
1544,-2812,-962,
1852,-3226,-1158,
2405,-3437,-1438,
3034,-3551,-1599,
3326,-3639,-1654,
3720,-3816,-1666,
3858,-4038,-1635,
3693,-4228,-1550,
3611,-4784,-1530,
3492,-5317,-1523,
3314,-5816,-1495,
3597,-5746,-3390,
3480,-6390,-4926,
3280,-7047,-5879,
3783,-7569,-5751,
4725,-8024,-4777,
5333,-7985,-3267,
6009,-7541,-2194,
6727,-6998,-569,
7156,-6281,623,
7489,-5605,1312,
7678,-5333,2201,
7599,-5212,3167,
7502,-5218,3748,
7348,-5292,4676,
7283,-5384,5338,
6960,-5991,5235,
5610,-6619,4948,
4923,-7648,4838,
4096,-8374,4697,
3984,-8536,4156,
3920,-8579,3470,
3646,-8462,2924,
3154,-8267,2221,
2708,-7868,1362,
1885,-7286,748,
784,-6784,-102,
0,-5818,-958,
-1059,-4633,-1480,
-1948,-3842,-2165,
-2443,-2761,-2611,
-2919,-1863,-2841,
-3128,-1153,-2961,
-3122,-783,-3013,
-3031,-335,-2874,
-2974,48,-2794,
-2944,303,-2739,
-2907,490,-2730,
-2918,644,-2740,
-2949,843,-2827,
-2918,999,-2859,
-2939,1233,-2918,
-2852,1430,-2930,
-2889,1526,-2947,
-2861,1612,-3077,
-2787,1621,-3190,
-2696,1657,-3420,
-2489,1654,-3648,
-2349,1771,-3870,
-2030,1781,-3985,
-1637,1792,-4061,
-1355,1692,-4060,
-1147,1479,-3915,
-848,1083,-3686,
-681,735,-3321,
-629,85,-2789,
-469,-602,-2465,
-338,-1035,-1962,
-193,-1457,-1483,
80,-1773,-1139,
325,-1935,-771,
546,-2068,-341,
869,-2243,-41,
1167,-2224,350,
1309,-2248,691,
1359,-2154,986,
1345,-2044,1310,
1254,-1873,1553,
1179,-1650,1831,
1030,-1472,2131,
908,-1282,2304,
750,-1139,2475,
685,-988,2648,
582,-752,2656,
334,-829,1020,
11,-1000,157,
-580,-1542,-822,
-1334,-2656,-1813,
-2418,-3579,-2158,
-3126,-4255,-2526,
-3722,-4450,-2670,
-4265,-4434,-2762,
-4455,-4281,-2664,
-4498,-4027,-2591,
-4407,-3877,-2323,
-4233,-3773,-2033,
-4069,-3755,-1722,
-3846,-3657,-1521,
-3699,-3696,-1182,
-3536,-3835,-818,
-3380,-4055,-505,
-2959,-4238,-381,
-2454,-4415,-240,
-1872,-4521,-276,
-1480,-4604,-391,
-936,-4737,-540,
-396,-4760,-704,
-103,-4785,-781,
361,-4796,-747,
848,-4837,-614,
1229,-4737,-416,
1760,-4579,-267,
2335,-4471,-127,
2657,-4180,-69,
3116,-3957,-112,
3377,-3804,-238,
3438,-3694,-456,
3515,-3580,-635,
3489,-3571,-855,
3473,-3630,-1121,
3479,-3739,-1287,
3382,-3834,-1440,
3273,-3978,-1659,
3130,-4066,-1731,
2802,-4115,-1804,
2396,-4123,-1789,
1943,-4145,-1771,
1575,-4020,-1653,
987,-3814,-1512,
387,-3651,-1384,
-25,-3456,-1168,
-654,-3311,-1086,
-1244,-3257,-778,
-1843,-3244,-505,
-2217,-3319,-364,
-2769,-3342,-218,
-3341,-3342,-154,
-3619,-3188,-210,
-4086,-3039,-228,
-4376,-2885,-326,
-4807,-2845,-401,
-4997,-2968,-523,
-5160,-3250,-563,
-4986,-3521,-665,
-4633,-3714,-735,
-4357,-3960,-875,
-3970,-4174,-964,
-3560,-4297,-1152,
-3146,-4514,-1140,
-2838,-4758,-995,
-2264,-4939,-826,
-1651,-5057,-510,
-1023,-5273,-151,
-570,-5588,131,
-72,-5922,326,
338,-6142,561,
551,-6506,658,
747,-6657,788,
880,-6673,855,
914,-6565,878,
916,-6472,794,
980,-6322,758,
967,-6159,704,
1035,-5959,677,
1048,-5886,681,
1058,-5841,697,
976,-5928,754,
866,-6071,818,
823,-6321,1017,
772,-6549,1117,
791,-6661,1271,
741,-6637,1386,
809,-6604,1418,
800,-6478,1477,
775,-6205,1470,
710,-5996,1470,
637,-5642,1501,
564,-5292,1537,
417,-5026,1518,
323,-4714,1584,
233,-4369,1631,
149,-4186,1592,
82,-3941,1566,
4,-3792,1384,
-128,-3736,1210,
-243,-3763,1117,
-332,-3811,827,
-409,-3924,618,
-398,-4046,452,
-331,-4157,268,
-304,-4258,265,
-271,-4292,104,
-188,-4214,-19,
-105,-4062,-106,
90,-3793,-163,
280,-3250,-192,
574,-2480,-218,
914,-1918,-247,
1021,-1116,-327,
1294,-459,-378,
1628,-150,-349,
1716,36,-342,
1505,-147,-368,
1274,-687,-383,
989,-1113,-374,
928,-1403,-424,
807,-1791,-416,
611,-1969,-439,
402,-1988,-405,
253,-1912,-414,
26,-1685,-410,
-165,-1459,-405,
-356,-1131,-373,
-718,-879,-403,
-969,-540,-401,
-1380,-394,-384,
-1676,-322,-293,
-1885,-306,-207,
-2140,-379,-41,
-2426,-420,95,
-2536,-489,126,
-2683,-430,180,
-2790,-370,160,
-2811,-195,133,
-2827,-30,31,
-2753,29,-67,
-2645,75,-122,
-2502,139,-237,
-2413,75,-294,
-2269,6,-413,
-2143,-157,-417,
-1902,-352,-493,
-1662,-491,-516,
-1518,-616,-612,
-1211,-510,-724,
-1003,-389,-965,
-902,-144,-1180,
-735,149,-1367,
-477,352,-1632,
-339,621,-1785,
-188,915,-1943,
-45,1070,-1971,
-23,1210,-1997,
-3,1316,-1895,
1,1372,-1829,
-133,1508,-1692,
-218,1549,-1594,
-316,1624,-1507,
-480,1693,-1377,
-699,1693,-1215,
-787,1684,-1063,
-855,1424,-947,
-806,1120,-828,
-758,468,-703,
-616,61,-629,
-525,-626,-585,
-398,-1118,-634,
-312,-1328,-702,
-318,-1630,-836,
-429,-1840,-884,
-411,-1988,-965,
-358,-2288,-886,
-259,-2619,-752,
-97,-2841,-536,
-25,-3148,-405,
18,-3416,-292,
-8,-3538,-228,
-64,-3590,-259,
-131,-3582,-318,
-166,-3513,-487,
-223,-3470,-581,
-341,-3596,-801,
-360,-3785,-874,
-259,-3925,-918,
-143,-4014,-952,
-8,-4079,-934,
169,-4040,-918,
286,-3969,-902,
354,-3905,-867,
463,-3780,-856,
563,-3711,-773,
656,-3609,-717,
717,-3551,-669,
857,-3425,-615,
836,-3361,-561,
800,-3290,-461,
741,-3238,-292,
636,-3285,-182,
502,-3349,31,
458,-3402,156,
405,-3513,366,
382,-3560,521,
312,-3551,712,
217,-3515,802,
154,-3383,940,
-45,-3371,1046,
-113,-3319,1125,
-382,-3342,1198,
-583,-3352,1276,
-667,-3365,1314,
-769,-3390,1340,
-884,-3261,1346,
-960,-3113,1316,
-950,-2812,1300,
-981,-2584,1242,
-978,-2260,1128,
-969,-1872,1049,
-936,-1638,960,
-843,-1151,875,
-770,-561,840,
-601,-117,684,
-523,558,576,
-294,956,303,
-65,1575,196,
260,1924,0,
516,2415,-61,
836,2745,-204,
1055,3010,-207,
1371,3110,-224,
1710,2995,-230,
1951,2612,-185,
2279,2242,-193,
2586,1567,-211,
2721,888,-208,
2878,438,-254,
2932,71,-342,
2819,-38,-436,
2649,-30,-573,
2351,160,-698,
1932,245,-896,
1710,460,-1000,
1305,556,-1218,
1071,590,-1364,
743,413,-1391,
495,293,-1453,
311,16,-1410,
14,-108,-1384,
-164,-274,-1252,
-443,-339,-1148,
-749,-440,-988,
-891,-604,-873,
-1087,-845,-772,
-1181,-974,-714,
-1232,-1286,-574,
-1228,-1565,-482,
-1153,-1806,-333,
-1147,-2149,-136,
-1072,-2346,42,
-928,-2460,187,
-630,-2418,409,
-410,-2171,540,
-21,-1935,755,
195,-1570,888,
462,-1145,957,
626,-927,924,
713,-834,943,
779,-827,857,
737,-826,800,
670,-777,630,
594,-746,594,
459,-678,386,
318,-656,330,
178,-747,261,
94,-904,142,
38,-1168,119,
42,-1590,167,
69,-1909,258,
66,-2117,327,
23,-2263,390,
18,-2353,464,
104,-2452,476,
188,-2528,528,
320,-2581,592,
530,-2649,669,
622,-2682,727,
653,-2725,827,
743,-2800,857,
749,-2883,836,
723,-2892,857,
666,-2862,770,
425,-2727,700,
269,-2427,535,
-14,-2077,435,
-303,-1902,224,
-486,-1684,142,
-637,-1559,-62,
-702,-1411,-231,
-683,-1156,-332,
-643,-972,-567,
-533,-716,-808,
-406,-519,-1015,
-223,-391,-1357,
-29,-176,-1578,
190,-59,-1711,
466,-72,-1854,
782,-443,-1881,
1255,-1028,-2052,
1669,-1315,-2074,
1824,-1602,-2160,
1849,-1680,-2195,
1707,-1597,-2307,
1502,-1293,-2392,
1351,-943,-2457,
1199,-667,-2507,
1120,-620,-2441,
993,-818,-2446,
951,-1356,-2338,
793,-1869,-2234,
659,-2743,-2044,
480,-3620,-1915,
222,-4098,-1771,
143,-4825,-1599,
26,-5375,-1509,
-17,-5756,-1394,
35,-6154,-1227,
-4,-6635,-1227,
61,-6970,-1119,
106,-7520,-1059,
168,-7999,-915,
253,-8203,-685,
395,-8610,-523,
604,-8841,-220,
701,-9194,57,
885,-9405,281,
1053,-9424,549,
1066,-9391,638,
1188,-9249,834,
1226,-8891,966,
1330,-8321,1046,
1394,-7848,1049,
1454,-6987,1046,
1435,-6158,999,
1348,-5609,894,
1252,-4843,780,
1043,-4133,695,
858,-3640,705,
788,-2926,705,
564,-2535,863,
449,-1911,1046,
260,-1346,1210,
89,-1057,1383,
-48,-878,1499,
-217,-752,1760,
-363,-600,1974,
-517,-453,2014,
-686,-356,2064,
-792,-218,2051,
-856,-200,1935,
-867,-217,1791,
-807,-198,1738,
-662,-276,1728,
-536,-297,1761,
-434,-408,1769,
-256,-646,1790,
-111,-785,1831,
-71,-1013,1876,
-15,-1305,1940,
-2,-1950,2022,
-19,-2740,2044,
66,-3342,2081,
153,-4290,2128,
196,-5142,2238,
319,-5588,2307,
427,-6181,2347,
487,-6433,2321,
586,-6781,2302,
696,-7025,2254,
801,-7173,2060,
883,-7169,1878,
963,-7116,1761,
1018,-6954,1554,
1125,-6537,1316,
1229,-6020,1129,
1401,-5642,840,
1441,-4951,611,
1536,-4252,468,
1586,-3746,233,
1609,-3032,81,
1625,-2618,-167,
1615,-2104,-297,
1577,-1628,-396,
1582,-1438,-542,
1589,-1154,-629,
1521,-922,-631,
1481,-683,-627,
1399,-300,-655,
1277,139,-697,
1064,485,-699,
890,990,-784,
681,1301,-825,
454,1724,-922,
132,2104,-900,
-24,2391,-916,
-323,2727,-915,
-601,2908,-874,
-722,3100,-910,
-838,3329,-936,
-1019,3375,-965,
-1077,3421,-969,
-1180,3507,-1036,
-1300,3607,-1131,
-1341,3738,-1219,
-1380,3862,-1272,
-1498,4032,-1353,
-1592,4099,-1391,
-1633,4251,-1398,
-1769,4314,-1375,
-1897,4301,-1349,
-1964,4243,-1277,
-1966,4045,-1147,
-1962,3802,-1050,
-1976,3672,-939,
-2006,3372,-773,
-2078,3045,-692,
-2033,2798,-586,
-1929,2242,-497,
-1772,1453,-392,
-1419,743,-219,
-1223,-429,-109,
-818,-1553,-45,
-618,-2201,-8,
-538,-2983,55,
-332,-3585,80,
-84,-3974,52,
141,-4440,19,
423,-4702,-43,
560,-4860,-117,
684,-4888,-292,
691,-4900,-462,
548,-4980,-501,
473,-5086,-589,
414,-5198,-735,
376,-5357,-740,
319,-5440,-831,
333,-5683,-902,
393,-5838,-953,
390,-5910,-962,
313,-5905,-888,
173,-5875,-804,
85,-5784,-671,
-22,-5702,-645,
-143,-5587,-485,
-207,-5415,-453,
-321,-5230,-431,
-367,-5085,-391,
-356,-4861,-417,
-389,-4650,-422,
-408,-4500,-381,
-342,-4258,-346,
-222,-4021,-372,
-159,-3840,-323,
-82,-3626,-262,
-22,-3362,-264,
97,-3173,-185,
172,-2926,-173,
175,-2715,-230,
150,-2236,-233,
127,-1786,-259,
37,-1362,-299,
-109,-803,-330,
-192,-417,-297,
-276,-220,-320,
-366,-109,-243,
-412,-175,-222,
-474,-293,-114,
-452,-343,-5,
-478,-318,116,
-391,-102,151,
-253,188,213,
-164,440,256,
-81,911,288,
9,1259,319,
47,1561,318,
57,1970,284,
14,2245,225,
0,2641,170,
-92,2936,78,
-210,3374,40,
-323,3656,-16,
-424,4076,-91,
-658,4365,-145,
-818,4404,-181,
-847,4388,-146,
-813,4252,-20,
-803,3947,72,
-803,3686,67,
-842,3477,33,
-1017,3092,-69,
-1294,2786,-293,
-1544,2185,-489,
-1883,1468,-595,
-2056,1058,-648,
-2184,338,-681,
-2336,-372,-643,
-2514,-822,-577,
-2565,-1454,-533,
-2716,-2066,-502,
-2759,-2361,-420,
-2798,-2816,-448,
-2748,-3154,-429,
-2651,-3372,-391,
-2564,-3533,-381,
-2456,-3736,-336,
-2246,-3901,-281,
-2035,-4131,-185,
-1805,-4320,-120,
-1635,-4503,-68,
-1448,-4654,-37,
-1286,-4669,-24,
-1189,-4569,57,
-989,-4344,34,
-869,-4088,36,
-801,-3592,35,
-687,-3252,18,
-598,-2692,-55,
-415,-2148,-85,
-171,-1896,-135,
-133,-1526,-192,
118,-1185,-221,
249,-1043,-279,
277,-704,-309,
334,-423,-321,
409,-289,-315,
638,-109,-316,
862,21,-264,
961,249,-273,
1210,399,-339,
1221,632,-401,
1297,793,-404,
1221,1054,-489,
1297,1283,-481,
1302,1392,-517,
1316,1557,-521,
1306,1674,-469,
1205,1750,-468,
1180,1840,-394,
1175,1833,-311,
1148,1809,-315,
1192,1728,-287,
1199,1671,-268,
1192,1573,-275,
1138,1503,-243,
1026,1438,-245,
920,1350,-209,
727,1327,-201,
619,1331,-192,
336,1358,-146,
137,1370,-138,
28,1383,-73,
-146,1342,-13,
-275,1212,30,
-431,1043,52,
-591,726,113,
-687,420,159,
-767,134,208,
-772,-342,282,
-652,-621,298,
-557,-1026,295,
-443,-1253,322,
-363,-1514,245,
-307,-1657,196,
-290,-1739,116,
-330,-1894,82,
-325,-2104,96,
-311,-2390,82,
-221,-2623,59,
-230,-2764,133,
-178,-2897,116,
-126,-2933,184,
-23,-2850,172,
0,-2708,142,
101,-2601,79,
142,-2394,66,
206,-2214,35,
215,-1999,40,
291,-1770,-10,
288,-1466,-74,
235,-1276,-131,
155,-945,-215,
35,-649,-306,
-99,-456,-379,
-279,-192,-387,
-464,-10,-398,
-644,141,-302,
-796,248,-283,
-1037,340,-239,
-1135,480,-215,
-1305,544,-105,
-1372,743,-15,
-1409,932,-11,
-1423,1087,78,
-1398,1238,23,
-1309,1409,88,
-1268,1635,156,
-1173,1802,216,
-1166,1843,301,
-1055,1899,331,
-929,1878,339,
-764,1808,324,
-671,1792,326,
-543,1762,287,
-450,1747,299,
-409,1791,245,
-365,1807,198,
-220,1869,140,
-204,1908,92,
-157,1973,49,
-79,2036,-50,
-47,2086,-69,
2,2136,-131,
25,2190,-184,
43,2256,-209,
31,2387,-192,
-54,2420,-197,
-83,2558,-239,
-210,2640,-207,
-313,2696,-268,
-413,2707,-291,
-588,2671,-297,
-658,2600,-286,
-837,2457,-322,
-1031,2344,-225,
-1111,1971,-223,
-1125,1430,-198,
-993,986,-36,
-936,303,53,
-736,-186,173,
-668,-885,324,
-671,-1432,435,
-781,-1710,490,
-861,-1874,518,
-1117,-1934,562,
-1219,-2048,598,
-1291,-2118,677,
-1374,-2248,714,
-1362,-2374,801,
-1276,-2522,895,
-1317,-2643,953,
-1420,-2786,956,
-1417,-2973,930,
-1365,-3077,945,
-1251,-3129,928,
-1207,-3032,878,
-1158,-2946,844,
-1045,-2881,797,
-1051,-2774,779,
-1052,-2679,765,
-1070,-2598,708,
-1128,-2400,624,
-1249,-2332,556,
-1365,-2250,480,
-1414,-2063,459,
-1427,-1929,357,
-1408,-1808,305,
-1386,-1514,229,
-1251,-1230,104,
-1074,-993,39,
-971,-632,-31,
-856,-420,-154,
-809,-31,-208,
-697,290,-227,
-653,488,-252,
-653,658,-249,
-625,788,-270,
-616,960,-342,
-666,1066,-336,
-638,1180,-306,
-661,1211,-259,
-635,1236,-184,
-630,1198,-176,
-649,1246,-163,
-658,1271,-129,
-675,1338,-110,
-704,1427,-74,
-761,1504,-105,
-737,1633,-113,
-722,1673,-131,
-736,1792,-152,
-738,1866,-192,
-675,1905,-167,
-709,2022,-163,
-705,2143,-176,
-668,2221,-148,
-638,2365,-174,
-586,2475,-160,
-530,2514,-145,
-453,2405,-121,
-278,2266,-133,
-233,1987,-152,
-98,1620,-147,
26,1338,-192,
79,989,-195,
137,773,-225,
196,513,-248,
218,409,-322,
243,373,-320,
177,363,-260,
120,439,-258,
83,544,-207,
37,638,-195,
30,750,-161,
-3,992,-179,
-76,1113,-216,
-86,1326,-260,
-133,1517,-280,
-275,1601,-338,
-311,1742,-392,
-386,1839,-456,
-490,1998,-550,
-507,2100,-541,
-569,2186,-572,
-552,2321,-597,
-545,2434,-607,
-482,2492,-637,
-448,2617,-689,
-527,2753,-720,
-570,2874,-682,
-617,3044,-765,
-664,3234,-792,
-675,3372,-779,
-684,3604,-818,
-771,3713,-862,
-870,3830,-872,
-1006,3965,-849,
-1187,3912,-818,
-1310,3911,-751,
-1507,3931,-699,
-1726,3993,-585,
-1837,4134,-501,
-1967,4339,-453,
-2159,4606,-446,
-2271,4978,-401,
-2434,5366,-362,
-2452,5546,-349,
-2404,5992,-435,
-2362,6257,-434,
-2370,6475,-407,
-2293,6736,-406,
-2307,7143,-384,
-2251,7359,-358,
-2247,7806,-338,
-2246,8303,-342,
-2234,8743,-415,
-2260,9423,-363,
-2296,10143,-424,
-2249,11045,-432,
-2353,11678,-447,
-2396,12701,-448,
-2381,13774,-456,
-2441,14440,-344,
-2512,15402,-285,
-2529,16261,-203,
-2487,16710,-164,
-2106,16734,9,
-1905,16623,239,
-1492,16331,359,
-888,16173,420,
-588,16114,451,
-560,16003,324,
-752,15844,93,
-921,15685,-127,
-1313,15509,-616,
-1791,15043,-1045,
-1958,14782,-1189,
-2123,14694,-1078,
-2138,14594,-779,
-2056,14538,-439,
-2059,14372,-143,
-2040,14013,10,
-1938,13645,71,
-1789,12945,38,
-1613,12112,-53,
-1450,11614,-252,
-1350,10849,-489,
-1323,10200,-628,
-1205,9684,-749,
-1082,9392,-837,
-960,9070,-917,
-763,8791,-917,
-602,8640,-889,
-519,8516,-860,
-389,8517,-872,
-306,8567,-917,
-201,8681,-950,
-107,8812,-1031,
-27,9070,-1117,
115,9426,-1160,
219,9693,-1296,
245,10108,-1462,
339,10629,-1587,
379,11073,-1718,
390,11765,-1876,
355,12543,-1942,
215,13176,-2058,
68,14002,-2081,
-218,14821,-2118,
-594,15276,-2159,
-848,15806,-2168,
-1247,16210,-2201,
-1611,16398,-2223,
-1881,16517,-2189,
-2059,16529,-2147,
-2210,16559,-2101,
-2407,16705,-2060,
-2462,16797,-2037,
-2576,17023,-2009,
-2564,17213,-1980,
-2554,17339,-1963,
-2490,17470,-1859,
-2505,17536,-1684,
-2527,17599,-1491,
-2549,17595,-1317,
-2604,17573,-1171,
-2743,17535,-998,
-2883,17494,-837,
-2952,17617,-834,
-3091,17694,-810,
-3141,17750,-924,
-3219,17884,-1107,
-3341,18145,-1232,
-3463,18429,-1485,
-3598,18559,-1620,
-3706,18781,-1685,
-3734,18915,-1760,
-3686,19000,-1763,
-3639,18991,-1803,
-3452,18979,-1791,
-3345,18971,-1744,
-3212,18985,-1744,
-3141,18982,-1796,
-2960,18937,-1833,
-2890,18830,-1939,
-2811,18709,-1949,
-2721,18489,-1959,
-2574,18298,-1975,
-2359,18081,-1958,
-2241,17839,-1883,
-2018,17679,-1859,
-1983,17602,-1847,
-1869,17521,-1776,
-1830,17540,-1749,
-1853,17633,-1722,
-1983,17842,-1747,
-2002,18081,-1783,
-2068,18471,-1848,
-2088,18883,-1901,
-2125,19312,-1891,
-1992,19575,-1898,
-1883,19899,-1772,
-1767,20058,-1594,
-1660,19947,-1485,
-1508,19895,-1224,
-1294,19669,-987,
-1189,19322,-720,
-1019,18841,-530,
-739,18495,-209,
-545,17805,45,
-398,17047,251,
-29,16602,525,
196,15815,833,
457,15180,1061,
650,14850,1435,
716,14225,1798,
714,13940,2172,
697,13548,2470,
526,13270,2605,
318,13099,2674,
160,12983,2555,
-8,12960,2377,
-217,12969,2047,
-278,12936,1736,
-417,12937,1245,
-540,13064,745,
-631,13237,402,
-746,13374,-43,
-758,13561,-363,
-827,13678,-487,
-978,13698,-691,
-1106,13735,-867,
-1279,13862,-915,
-1440,13982,-1047,
-1637,14052,-1176,
-1758,14170,-1349,
-1798,14324,-1540,
-1783,14466,-1752,
-1899,14579,-1957,
-1980,14703,-2162,
-2085,14791,-2239,
-2224,14750,-2248,
-2491,14565,-2252,
-2744,14435,-2246,
-2940,14130,-2156,
-3293,13817,-2142,
-3537,13461,-2104,
-3752,13262,-1953,
-4034,12936,-1857,
-4252,12605,-1753,
-4617,12328,-1711,
-5073,12124,-1628,
-5430,11934,-1453,
-5790,11791,-1295,
-6232,11681,-1159,
-6754,11568,-913,
-7237,11477,-653,
-7523,11373,-443,
-8068,11285,-363,
-8560,11304,-136,
-9064,11174,2,
-9306,11083,165,
-9681,11015,274,
-9955,10883,374,
-10133,10683,362,
-10227,10451,270,
-10304,10233,261,
-10289,9913,65,
-10381,9540,-79,
-10559,9389,-378,
-10676,9364,-520,
-10734,9104,-581,
-10606,8700,-632,
-10440,8532,-665,
-10251,8247,-697,
-9897,7910,-574,
-9628,7652,-395,
-9103,7349,57,
-8152,8651,1265,
-4655,9256,2368,
-4718,8852,3033,
-4463,8337,3273,
-4956,7768,3010,
-4994,7135,2646,
-5067,6150,2255,
-5472,5359,1411,
-5571,4241,519,
-5268,3482,993,
-5902,3937,7742,
-6464,5692,8145,
-6992,5997,7586,
-7183,5637,7853,
-6890,5144,8159,
-6650,4590,8360,
-5968,4253,8706,
-5216,3903,9116,
-4374,3747,9373,
-4017,3842,9695,
-3875,4063,9937,
-3950,4574,9933,
-4069,5009,9916,
-4125,5329,9807,
-4252,5580,9683,
-4103,5793,9523,
-3923,5990,9398,
-3439,6181,9326,
-2853,6294,9241,
-2426,6487,9301,
-1799,6678,9335,
-1307,6738,9450,
-1045,6815,9549,
-880,6757,9599,
-816,6654,9577,
-841,6399,9440,
-924,5916,9330,
-979,5575,9245,
-1069,5039,9046,
-1140,4436,8965,
-1356,4126,8665,
-1371,3621,8005,
-1542,3203,7298,
-1686,2901,5958,
-1789,2580,4314,
-1971,2292,3166,
-2218,2167,1443,
-2303,2029,-140,
-2383,1924,-1064,
-2360,1887,-2334,
-2220,1775,-3302,
-2046,1603,-3756,
-1770,1525,-4261,
-1440,1493,-4482,
-1227,1470,-4551,
-898,1563,-4504,
-705,1707,-4414,
-513,1815,-4289,
-394,2044,-4164,
-377,2302,-4083,
-389,2479,-3966,
-432,2877,-3855,
-485,3430,-3689,
-643,3839,-3508,
-777,4418,-3328,
-1021,4976,-3079,
-1279,5369,-2836,
-1485,5933,-2530,
-1727,6213,-2340,
-1868,6448,-2137,
-1810,6283,-1882,
-1608,5704,-1682,
-1268,5120,-1570,
-687,4861,-1317,
-692,4361,-1081,
-923,4000,-907,
-1130,3952,-510,
-830,3666,-56,
-119,3059,269,
462,2595,579,
586,2178,865,
765,2067,1360,
887,1960,1773,
987,1970,2560,
1123,2220,3624,
1348,2420,4517,
1447,2617,6041,
1435,2857,7517,
1280,3091,8398,
1046,3238,9340,
837,3392,9800,
328,3472,10264,
-64,3699,10487,
-664,3909,10520,
-1196,4066,10387,
-1511,4247,10035,
-1720,4485,9678,
-1935,4618,8973,
-2113,4727,7983,
-2290,5032,7149,
-2578,5455,5997,
-2986,5771,4941,
-3278,6346,4015,
-3724,6875,3473,
-3920,7138,2825,
-4043,7453,2233,
-4086,7635,1841,
-3871,7770,1367,
-3654,7801,1025,
-3391,7751,795,
-3098,7652,546,
-2866,7433,395,
-2623,7143,196,
-2314,6885,34,
-2237,6567,-44,
-2046,6285,-207,
-1950,5807,-417,
-1810,5313,-583,
-1644,5050,-833,
-1524,4537,-1078,
-1390,4099,-1270,
-1253,3661,-1549,
-1165,3412,-1841,
-1131,2982,-2026,
-1111,2661,-2133,
-1003,2481,-2258,
-957,2143,-2364,
-954,1913,-2414,
-953,1734,-2371,
-913,1613,-2278,
-863,1598,-2068,
-829,1580,-1867,
-860,1597,-1499,
-815,1672,-1024,
-806,1725,-639,
-888,1792,-46,
-934,1856,288,
-984,1890,919,
-1046,1880,1416,
-1046,1792,1718,
-1041,1695,2200,
-972,1663,2608,
-995,1556,2934,
-985,1488,3344,
-949,1456,3532,
-888,1402,3562,
-872,1390,3530,
-838,1404,3521,
-807,1452,3363,
-772,1615,3287,
-742,1746,3142,
-797,1854,2984,
-783,1920,2682,
-749,1887,2528,
-666,1887,2240,
-624,1887,2029,
-571,1702,1872,
-494,1557,1570,
-346,1354,1418,
-190,1154,1219,
-140,960,1049,
-23,788,977,
-64,654,922,
-72,567,907,
-109,544,885,
-164,584,905,
-261,618,900,
-266,727,934,
-318,831,993,
-305,1131,1109,
-306,1295,1265,
-267,1570,1534,
-289,1886,1714,
-365,2021,1961,
-428,2179,2156,
-447,2258,2287,
-551,2332,2364,
-610,2345,2384,
-631,2254,2318,
-781,2178,2202,
-817,2036,2126,
-752,1932,2071,
-798,1755,2032,
-654,1669,2079,
-514,1629,2204,
-397,1605,2383,
-313,1553,2591,
-231,1583,2929,
-159,1588,3178,
-75,1686,3576,
-97,1787,3948,
-57,1984,4155,
-60,2061,4399,
-29,2184,4542,
-53,2272,4722,
-55,2408,4883,
-45,2408,4946,
-23,2475,5041,
23,2444,5066,
33,2358,5115,
-10,2316,5082,
-29,2271,4803,
-79,2193,4208,
-240,2271,3661,
-381,2330,2820,
-588,2555,2358,
-853,2697,1778,
-1154,2917,1278,
-1369,3144,1035,
-1657,3237,556,
-1818,3335,203,
-1943,3377,61,
-1994,3301,-19,
-1987,3249,-143,
-1971,3071,-237,
-1952,3012,-400,
-1893,2894,-675,
-1845,2767,-1014,
-1841,2700,-1653,
-1942,2670,-2427,
-2075,2688,-3005,
-2253,2849,-3645,
-2501,3007,-4088,
-2641,3261,-4174,
-2799,3636,-4136,
-2880,3936,-4086,
-2794,3990,-3967,
-2678,4024,-3975,
-2575,3883,-3981,
-2451,3684,-4026,
-2356,3500,-4102,
-2210,3242,-4134,
-2069,3109,-4104,
-1902,3024,-3993,
-1713,2944,-3746,
-1504,2991,-3323,
-1295,3092,-2982,
-1125,3138,-2333,
-990,3247,-1708,
-924,3382,-1305,
-822,3472,-797,
-808,3723,-320,
-789,3881,-72,
-862,3924,34,
-871,3907,208,
-879,3832,307,
-799,3623,568,
-808,3396,728,
-759,3288,1011,
-783,3128,1167,
-804,3115,1278,
-795,3052,1369,
-811,3010,1350,
-866,2929,1421,
-953,2811,1405,
-994,2627,1477,
-915,2445,1399,
-772,2173,1283,
-649,1747,1188,
-452,1428,1072,
-246,944,999,
35,629,1089,
324,-102,1159,
782,-710,1231,
911,-1436,1387,
879,-1985,1492,
900,-2245,1701,
921,-2533,1854,
1045,-2706,1927,
1139,-2801,2012,
1158,-2791,2180,
1257,-2787,2284,
1307,-2765,2545,
1316,-2720,2815,
1200,-2638,2976,
990,-2544,3041,
876,-2452,2845,
701,-2312,2591,
511,-2188,2117,
425,-2001,1776,
363,-1883,1300,
240,-1691,889,
119,-1554,631,
69,-1423,393,
116,-1270,265,
140,-1156,267,
175,-995,261,
319,-863,356,
311,-718,428,
423,-619,487,
430,-541,474,
471,-449,401,
568,-440,216,
634,-390,37,
755,-319,-108,
778,-194,-89,
849,-68,-76,
829,199,-10,
834,357,113,
772,672,240,
567,880,453,
426,1094,561,
263,1252,728,
91,1423,834,
-88,1525,980,
-192,1653,1116,
-353,1728,1255,
-452,1818,1337,
-589,1931,1402,
-762,1996,1489,
-889,2110,1603,
-1121,2160,1658,
-1307,2216,1942,
-1436,2295,2177,
-1669,2391,2383,
-1815,2465,2558,
-1893,2642,2660,
-2005,2809,2661,
-2110,2853,2465,
-2146,2956,2238,
-2179,2957,2004,
-2150,2921,1688,
-2070,3022,-15,
-1023,2740,-1089,
-233,2413,-1442,
174,2195,-1609,
540,2046,-1632,
906,1955,-1509,
1110,1895,-1251,
1261,1950,-1111,
1425,1920,-898,
1655,1860,-795,
2170,1794,-567,
2672,1769,-441,
3012,1783,-278,
3401,1801,-169,
3645,1880,-121,
3925,2022,-166,
4287,2121,-237,
4488,2273,-407,
4777,2401,-569,
4973,2446,-865,
5283,2425,-1045,
5391,2261,-1142,
5427,2191,-1261,
5359,2054,-1263,
5026,1811,-1289,
4614,1694,-1348,
4246,1483,-1359,
3578,1477,-1386,
2827,1482,-1334,
2343,1548,-1321,
1527,1646,-1335,
855,1707,-1263,
407,1719,-1173,
-289,1711,-945,
-1071,1670,-786,
-1626,1669,-625,
-2521,1614,-472,
-3352,1513,-316,
-3883,1451,-235,
-4646,1415,-169,
-5232,1381,-150,
-5480,1382,-169,
-5834,1341,-162,
-6007,1346,-147,
-6043,1290,-40,
-5916,1256,45,
-5813,1192,152,
-5581,1191,250,
-5145,1196,289,
-4871,1187,362,
-4408,1165,347,
-4064,1148,272,
-3719,1191,203,
-3262,1248,189,
-2684,1292,172,
-2312,1331,123,
-1688,1359,59,
-1346,1358,-62,
-783,1386,-125,
-213,1410,-152,
152,1551,-175,
663,1649,-183,
1141,1770,-109,
1470,1946,-74,
1870,2093,-44,
2098,2278,-19,
2443,2504,22,
2634,2582,-85,
2813,2758,-192,
2939,2869,-595,
2983,3049,-1128,
2919,3362,-1573,
2781,3688,-2152,
2670,4257,-2562,
2546,4854,-2711,
2457,5172,-2741,
2422,5790,-2657,
2497,5969,-2533,
2481,6803,-2107,
2460,7195,-1820,
2292,7567,-1710,
2110,7856,-1483,
2061,8262,-1323,
1861,8526,-1211,
1774,8736,-1110,
1631,8803,-1099,
1475,8919,-1005,
1361,8905,-1127,
1278,8908,-1239,
1191,8879,-1307,
1236,8820,-1427,
1266,8801,-1565,
1341,8749,-1603,
1378,8823,-1647,
1368,8722,-1553,
1425,8586,-1432,
1402,8538,-1167,
1428,8450,-806,
1402,8282,-531,
1331,8160,-278,
1288,7983,-19,
1249,7891,288,
1113,7685,575,
933,7470,685,
769,7204,896,
680,6877,1016,
471,6633,1189,
343,6233,1345,
26,5925,1476,
-190,5561,1591,
-474,5305,1717,
-865,5160,1825,
-1114,5045,1930,
-1429,5019,2051,
-1686,4978,2141,
-1770,4935,2234,
-1815,4807,2305,
-1744,4757,2324,
-1657,4630,2302,
-1414,4511,2238,
-1078,4431,2001,
-864,4246,1746,
-514,3997,1359,
-223,3908,800,
-102,3712,374,
4,3528,-236,
-7,3294,-642,
-75,3135,-1214,
-164,2927,-1737,
-266,2726,-2000,
-385,2652,-2393,
-435,2572,-2719,
-614,2547,-2924,
-761,2497,-3143,
-839,2502,-3212,
-995,2435,-3208,
-953,2351,-3203,
-814,2301,-3177,
-563,2161,-3191,
-369,2065,-3185,
-256,2013,-3026,
-59,2179,-1646,
332,2507,-666,
570,2910,-264,
545,3221,567,
507,3656,916,
540,3943,1084,
483,4078,1271,
470,4137,1297,
339,4054,1305,
288,3943,1301,
248,3855,1283,
216,3707,1239,
184,3576,1157,
95,3502,849,
68,3427,620,
63,3409,382,
97,3357,192,
161,3328,4,
266,3216,-147,
485,3183,-382,
702,2971,-481,
1171,2850,-687,
1505,2690,-841,
2162,2467,-949,
2936,2374,-1138,
3500,2268,-1372,
4438,2195,-1526,
5423,2188,-1611,
5998,2251,-1781,
6885,2366,-1875,
7631,2500,-2011,
7943,2880,-2196,
8185,3270,-2258,
8007,3571,-2374,
7758,4124,-2504,
6942,4692,-2513,
5916,5059,-2511,
5153,5492,-2472,
3920,5813,-2437,
2653,5940,-2441,
1807,5996,-2517,
431,6044,-2529,
-945,6031,-2627,
-1738,6160,-2768,
-2618,6458,-2927,
-3210,6628,-3136,
-3672,6960,-3294,
-3925,7106,-3345,
-4257,7238,-3433,
-4519,7342,-3458,
-4595,7387,-3440,
-4586,7356,-3406,
-4478,7337,-3227,
-4325,7325,-3129,
-4193,7441,-2979,
-3878,7443,-2880,
-3596,7413,-2762,
-3199,7331,-2673,
-2807,7047,-2568,
-2049,6619,-2473,
-1154,6339,-2345,
-175,5847,-2209,
454,5478,-2055,
1487,5028,-1831,
2442,4859,-1511,
2987,4563,-1381,
3660,4351,-1165,
4262,4289,-936,
4579,4171,-806,
5031,4089,-718,
5311,4033,-497,
5618,3944,-323,
5944,3952,33,
5992,4246,389,
6114,4451,646,
6089,5266,830,
5895,6033,924,
5099,7225,-55,
3481,9956,-764,
1463,11334,-898,
66,14151,-2513,
-734,14206,-784,
59,14905,-481,
-159,15891,-1242,
-690,16287,-1607,
-1433,16097,-1817,
-2368,16503,-2821,
-3198,16462,-3153,
-4052,15896,-2783,
-4139,15453,-2934,
-3929,14914,-2909,
-3629,14129,-2968,
-3096,13109,-2994,
-2208,11910,-3015,
-1303,11044,-3312,
-272,9772,-3826,
464,8713,-4105,
1492,8270,-4497,
2403,7850,-4678,
2906,7733,-4804,
3434,7784,-4950,
3830,7895,-4960,
4008,7956,-4962,
4421,7956,-4860,
5011,7851,-4678,
5445,7432,-4579,
6078,7101,-4448,
6671,6586,-4290,
7046,6069,-4194,
7545,5689,-4083,
7815,5212,-4082,
7931,4972,-4049,
7875,4966,-4055,
7502,5080,-4072,
7036,5539,-4054,
6054,5930,-4030,
4906,6541,-3934,
4224,7067,-3790,
3245,7276,-3611,
2446,7325,-3524,
1937,7266,-3391,
1241,7477,-3330,
506,7886,-3300,
-29,8616,-3330,
-1038,9232,-3366,
-2075,10225,-3369,
-2649,11070,-3295,
-3335,11833,-3164,
-3720,12211,-2933,
-3868,12612,-2717,
-3778,12671,-2434,
-3494,12493,-2188,
-3060,12022,-1765,
-2423,11676,-1500,
-1682,11039,-1291,
-1205,10417,-1228,
-561,9826,-1159,
20,9452,-1151,
309,8990,-1118,
678,8692,-1026,
871,8515,-1104,
978,8467,-1029,
1056,8401,-927,
1104,8319,-869,
1102,8191,-803,
1139,7974,-667,
1191,7650,-583,
1342,7255,-557,
1363,6983,-579,
1342,6571,-706,
1132,6401,-849,
680,6402,-1130,
189,6619,-1328,
-670,6902,-1485,
-1528,7375,-1453,
-2118,7839,-1391,
-2856,8281,-1227,
-3442,8464,-1119,
-3712,8593,-903,
-3944,8545,-773,
-4046,8317,-609,
-4080,7986,-479,
-4148,7685,-439,
-4312,7631,-482,
-4542,7743,-611,
-4795,7941,-700,
-5134,8081,-867,
-5449,8261,-1035,
-5563,8253,-1112,
-5624,8088,-1097,
-5365,7810,-988,
-5004,7098,-804,
-4374,6169,-574,
-3623,5468,-223,
-3148,4397,71,
-2520,3446,228,
-2050,2932,445,
-1890,2430,466,
-1739,2110,589,
-1661,1921,829,
-1617,1726,1006,
-1527,1593,1375,
-1359,1638,1631,
-1377,1980,1722,
-1594,2406,1848,
-2068,3164,1855,
-2594,4042,1776,
-3491,4575,1776,
-4330,5178,1769,
-4744,5458,1830,
-5254,5500,1857,
-5648,5500,1941,
-5895,5548,1908,
-6363,5694,1844,
-7011,5937,1707,
-7580,6386,1600,
-8311,7098,1450,
-8872,7531,1310,
-9168,8291,1163,
-9379,8812,961,
-9344,9099,772,
-9216,9165,647,
-8740,9070,397,
-8347,8776,183,
-7677,8500,-36,
-7123,8298,-295,
-6824,8050,-476,
-6425,7813,-585,
-6101,7732,-496,
-5850,7607,-363,
-5348,7422,-108,
-4789,7181,248,
-4283,6792,597,
-3556,6108,828,
-2767,5637,1127,
-2318,4860,1292,
-1825,4086,1389,
-1663,3769,1359,
-1737,3552,1305,
-2208,3614,1277,
-2925,3736,1285,
-3394,3924,1340,
-3990,3981,1428,
-4303,4026,1380,
-4328,4469,469,
-3913,5700,-804,
-3074,6766,-3532,
-2271,9426,-6310,
-1389,10703,-5642,
-966,10920,-3074,
-1247,10700,-1632,
-1753,10473,-1206,
-2311,10238,-443,
-2307,10033,144,
-2070,10037,-63,
-1759,10347,-292,
-1023,10636,-285,
-309,10792,-136,
114,10830,-8,
388,10643,113,
362,10369,254,
296,9660,367,
144,9077,521,
18,8199,593,
-190,7585,753,
-279,6828,772,
-385,6363,819,
-441,5707,765,
-452,5070,777,
-575,4584,866,
-657,3763,952,
-808,3228,1016,
-934,2486,972,
-1079,1816,977,
-1189,1482,969,
-1252,1077,989,
-1289,901,1013,
-1228,792,917,
-1169,743,862,
-1031,752,733,
-1009,862,635,
-892,1010,508,
-855,1241,318,
-604,1612,282,
-208,1911,272,
154,2548,327,
632,2948,461,
915,3667,636,
1177,4069,682,
1338,4733,721,
1435,5366,660,
1378,5755,393,
1274,6444,168,
1161,6899,-5,
1063,7476,-60,
1000,7775,14,
972,8063,165,
1057,8280,243,
1081,8558,388,
1124,8760,429,
1082,8876,347,
1029,8859,324,
900,8737,224,
750,8486,151,
513,8277,122,
405,7896,130,
156,7512,203,
39,7320,275,
-139,6997,353,
-83,6712,575,
11,6196,710,
149,5712,881,
466,4781,992,
673,4154,1057,
717,3275,1099,
656,2821,1030,
463,2409,987,
165,2299,999,
-8,2321,994,
-183,2337,1125,
-193,2311,1302,
-70,2145,1383,
207,1946,1509,
414,1710,1594,
750,1522,1570,
937,1518,1553,
1072,1584,1508,
1048,1755,1453,
956,2095,1446,
771,2342,1449,
646,2780,1401,
484,3197,1366,
328,3425,1321,
265,3787,1346,
215,3942,1330,
199,4132,1350,
326,4217,1333,
350,4432,1239,
369,4784,1118,
307,5084,871,
255,5641,672,
134,6032,420,
-17,6711,314,
-194,7224,146,
-207,7979,-32,
-284,8724,-217,
-140,9198,-507,
29,9684,-647,
247,9990,-793,
387,10284,-1064,
575,10562,-1161,
671,10648,-1327,
769,10695,-1446,
845,10660,-1542,
1073,10541,-1646,
1205,10366,-1689,
1356,10291,-1762,
1589,10366,-1799,
1670,10447,-1874,
1676,10618,-1783,
1615,10715,-1777,
1541,10765,-1673,
1488,10662,-1602,
1517,10353,-1502,
1444,9988,-1445,
1470,9648,-1315,
1464,9023,-1151,
1557,8450,-1052,
1607,8088,-894,
1659,7697,-806,
1692,7444,-679,
1686,7262,-450,
1627,6959,-259,
1443,6842,-137,
1262,6887,-46,
1131,7020,4,
951,7207,85,
926,7375,113,
899,7500,295,
916,7621,402,
1025,7684,504,
1058,7777,618,
1116,7730,681,
1188,7664,733,
1228,7614,811,
1274,7694,876,
1256,7938,926,
1215,8084,916,
1243,8405,908,
1263,8697,844,
1307,8867,756,
1356,9059,708,
1421,9129,602,
1529,9158,569,
1668,9116,590,
1766,8962,620,
1949,8749,701,
2133,8623,755,
2177,8557,656,
2192,8516,531,
2197,8628,527,
2205,8766,392,
2188,8913,223,
2257,9248,140,
2315,9357,45,
2403,9463,-43,
2588,9504,-146,
2640,9519,-213,
2698,9549,-290,
2545,9480,-241,
2416,9473,-85,
2259,9378,-35,
2078,9315,59,
2023,9250,35,
1987,9217,38,
1948,9151,45,
2065,9040,125,
2109,8661,168,
2258,8328,281,
2339,7737,359,
2448,6979,385,
2443,6501,404,
2353,5833,457,
2221,5458,487,
2124,5027,431,
1920,4780,425,
1772,4689,384,
1488,4682,440,
1316,4700,440,
1219,4784,342,
1144,4798,366,
1136,5006,346,
1223,5241,275,
1343,5471,248,
1376,5911,132,
1458,6324,23,
1443,7083,-56,
1352,7591,-175,
1294,8394,-316,
1320,8994,-450,
1383,9355,-578,
1496,9710,-698,
1782,9847,-751,
2263,9790,-777,
2584,9568,-664,
3105,9151,-645,
3445,8953,-645,
3566,8737,-717,
3634,8729,-813,
3659,8718,-832,
3614,8833,-897,
3517,8883,-830,
3396,8945,-804,
3375,9023,-747,
3375,9098,-626,
3356,9342,-636,
3351,9651,-661,
3216,9826,-759,
3168,10085,-812,
3042,10420,-844,
2889,10488,-818,
2752,10586,-825,
2674,10594,-841,
2589,10548,-905,
2589,10710,-999,
2580,11038,-1005,
2702,11351,-1077,
2657,11928,-1080,
2754,12686,-1071,
2855,13383,-1102,
3031,13758,-1162,
3113,14163,-1329,
3347,14336,-1437,
3534,14302,-1514,
3675,14125,-1520,
3779,13755,-1635,
3960,13273,-1600,
4069,12977,-1590,
4206,12430,-1633,
4315,11999,-1699,
4310,11674,-1667,
4306,11499,-1676,
4193,11369,-1575,
4004,11350,-1524,
3842,11381,-1504,
3595,11391,-1502,
3558,11376,-1422,
3474,11234,-1407,
3422,11091,-1415,
3428,10953,-1329,
3388,10726,-1255,
3401,10493,-1254,
3351,10451,-1123,
3322,10557,-1011,
3314,10841,-946,
3410,11294,-898,
3474,11621,-877,
3564,12138,-855,
3679,12480,-848,
3857,12676,-699,
3924,12885,-593,
3913,13027,-597,
3942,13093,-584,
3923,13161,-588,
3899,13215,-611,
3817,13239,-574,
3744,13212,-496,
3705,13046,-434,
3700,12924,-349,
3715,12673,-251,
3718,12242,-268,
3758,12064,-225,
3813,11735,-228,
3732,11540,-236,
3618,11492,-153,
3522,11418,-172,
3367,11354,-183,
3258,11484,-180,
3254,11572,-157,
3220,11486,-176,
3167,11347,-112,
3192,10831,-2,
3182,10087,33,
3041,9613,123,
3018,8951,206,
2976,8623,314,
2950,8268,377,
2954,8235,457,
2976,8341,459,
3052,8663,442,
3030,8948,468,
3086,9241,561,
3023,9352,603,
2966,9369,667,
2846,9265,708,
2778,9277,743,
2718,9350,791,
2905,9518,817,
2980,10041,833,
3187,10592,857,
3374,10964,756,
3495,11535,638,
3733,11827,558,
3782,12064,478,
3735,11953,421,
3772,11751,382,
3758,11167,275,
3761,10622,300,
3785,10123,231,
3868,9431,144,
3888,8889,164,
3870,8452,73,
3790,8038,35,
3744,7863,-17,
3552,7488,-43,
3241,7160,-151,
3097,6738,-212,
2790,6276,-224,
2449,5980,-283,
2266,5549,-286,
1963,5067,-291,
1601,4691,-325,
1431,4366,-414,
1187,4201,-389,
1140,4297,-379,
1019,4657,-375,
1075,4986,-444,
1060,5608,-599,
1132,6311,-703,
1145,6726,-862,
1255,7252,-953,
1421,7626,-1038,
1626,7922,-1104,
1783,8320,-1114,
2122,8770,-1182,
2544,9171,-1117,
2779,9733,-1166,
2911,10177,-1212,
2969,10452,-1315,
3012,10653,-1401,
3136,10951,-1474,
3299,11271,-1543,
3356,11321,-1554,
3475,11290,-1476,
3576,11043,-1384,
3656,10727,-1334,
3592,10262,-1291,
3582,9656,-813,
3443,9279,-537,
3112,9211,-377,
3039,9235,-381,
3037,9353,-432,
3043,9702,-540,
3052,9924,-588,
3062,10006,-610,
3043,10118,-702,
2766,10047,-755,
2444,10132,-858,
2257,10235,-1017,
1952,10522,-1085,
1736,10899,-1192,
1602,11109,-1432,
1612,11516,-1609,
1854,11971,-1618,
2045,12061,-1644,
2243,12036,-1699,
2330,11687,-1820,
2001,11138,-1837,
1996,10845,-1884,
1773,10650,-1800,
1514,10322,-1789,
1148,9815,-1786,
968,9463,-1746,
801,8953,-1688,
798,8280,-1640,
788,7797,-1620,
824,7159,-1599,
772,6494,-1663,
740,6169,-1667,
710,5949,-1606,
724,5923,-1573,
784,6195,-1459,
835,6537,-1377,
843,6854,-1265,
878,7044,-1161,
921,6952,-1096,
817,6617,-977,
772,6043,-953,
573,5550,-961,
338,5047,-957,
217,4876,-995,
99,5068,-1048,
-267,5010,-1207,
-751,5918,-1015,
-1092,5406,-785,
-2336,6397,-1182,
-2303,7975,-1288,
-1566,8471,-1211,
-1810,8394,-898,
-4039,8278,-950,
-5671,8783,-1208,
-5595,9634,-1317,
-5239,10482,-1384,
-4847,11247,-1473,
-4194,11707,-1346,
-3034,12353,-1194,
-2277,12918,-967,
-1294,13120,-717,
-372,13074,-500,
193,12764,-330,
1160,12372,-239,
1989,12060,-67,
2435,11658,273,
3016,11289,521,
3464,11168,729,
3551,11163,821,
3505,11276,829,
3427,11364,639,
3343,11551,604,
3268,11607,838,
3162,11742,802,
2977,11870,934,
2696,11893,1002,
2462,12012,935,
2084,11972,1010,
1836,11940,944,
1714,11974,955,
1558,11849,878,
1435,11754,722,
1503,11548,606,
1637,11257,420,
1685,10911,304,
1636,10416,294,
1491,10063,184,
1359,9354,67,
1117,8873,52,
765,8620,56,
454,8213,42,
-83,8012,73,
-268,7777,56,
-572,7683,2,
-755,7634,-86,
-1031,7573,-167,
-1192,7665,-221,
-1197,7915,-331,
-1159,8136,-341,
-1070,8495,-323,
-940,8744,-310,
-636,8948,-181,
-380,9096,-22,
21,9170,343,
270,9113,488,
620,9098,741,
888,8921,863,
1236,8728,960,
1387,8251,1032,
1629,7635,1096,
1891,7238,1114,
1977,6657,1091,
1906,5932,1103,
1851,5497,1124,
1734,4796,1121,
1648,4258,1072,
1499,3992,1046,
1324,3678,990,
979,3524,974,
842,3388,918,
699,3348,866,
614,3330,759,
511,3371,625,
496,3369,428,
538,3450,377,
578,3510,271,
620,3592,198,
548,3626,149,
582,3649,53,
765,3680,-45,
913,3750,-55,
1148,3822,-138,
1384,4002,-195,
1686,4056,-293,
2091,4132,-308,
2330,4101,-325,
2621,4016,-329,
2801,3897,-427,
3095,3815,-469,
3298,3796,-432,
3490,3666,-462,
3693,3512,-421,
3777,3412,-377,
3763,3168,-337,
3626,2931,-244,
3474,2650,-197,
3315,2305,-237,
3101,2181,-226,
2869,2066,-164,
2403,2098,-131,
2006,2297,-112,
1712,2721,23,
1140,3319,35,
630,3677,51,
-278,4003,169,
-906,3969,182,
-1810,3834,240,
-2566,3736,304,
-3001,3680,526,
-3480,3681,672,
-3720,3698,901,
-3781,3690,1102,
-3724,3566,1290,
-3591,3413,1468,
-3510,3011,1617,
-3387,2491,1634,
-3198,2088,1734,
-3155,1449,1802,
-2984,847,1871,
-2769,499,2062,
-2554,32,2208,
-2175,-202,2413,
-1862,-361,2579,
-1670,-274,2661,
-1543,-182,2643,
-1523,56,2499,
-1680,418,2369,
-2032,671,2088,
-2310,1203,1691,
-2807,1771,1436,
-3518,2152,1100,
-4058,2718,831,
-4881,2837,645,
-6571,2053,311,
-7968,2553,-188,
-8271,3423,-657,
-7378,4114,-1160,
-7027,5040,-1404,
-6714,5926,-1410,
-6202,6473,-1352,
-5600,7263,-1393,
-5408,7637,-1411,
-5119,7758,-1342,
-4973,7730,-1147,
-4839,7662,-1105,
-4707,7581,-1107,
-4515,7494,-1140,
-4297,7595,-1275,
-4229,7823,-1407,
-4244,8172,-1571,
-4348,8466,-1601,
-4452,8598,-1554,
-4529,8718,-1490,
-4550,8878,-1424,
-4649,8885,-1342,
-4622,8762,-1329,
-4620,8410,-1346,
-4675,7955,-1313,
-4635,7427,-1289,
-4794,7029,-1183,
-4989,6262,-903,
-5351,5346,-744,
-5763,4951,-491,
-6071,4256,-315,
-6508,3704,-228,
-6734,3446,-105,
-6910,3265,-153,
-7071,3199,-189,
-7287,3158,-334,
-7420,2962,-440,
-7646,2813,-599,
-7988,2642,-770,
-8112,2328,-936,
-8400,2123,-1032,
-8702,2072,-1042,
-8993,2020,-940,
-9182,2077,-943,
-9352,2166,-918,
-9626,2335,-990,
-9836,2382,-943,
-10161,1282,-364,
-11531,358,-214,
-12610,-15,-571,
-13081,-131,-648,
-12649,49,-635,
-12394,348,-507,
-11659,927,-395,
-10394,1388,-266,
-9576,2016,2,
-8503,2351,111,
-7688,2501,407,
-7231,2663,572,
-6589,2789,850,
-5947,2819,1160,
-5517,2973,1357,
-4842,3034,1611,
-4148,3140,1740,
-3687,3306,1730,
-2994,3425,1544,
-2523,3467,1609,
-2400,3486,1603,
-2411,3259,1560,
-2554,3139,1354,
-2571,2927,1174,
-2534,2926,942,
-2186,3078,746,
-1886,3444,745,
-1599,3771,749,
-1291,4280,900,
-1132,4890,791,
-941,5175,722,
-917,5466,780,
-873,5497,844,
-836,5435,1021,
-951,5222,1087,
-948,5066,1513,
-903,5000,1844,
-877,5049,1968,
-742,5092,2153,
-659,5296,2420,
-436,5481,2492,
-342,5620,2493,
-282,5588,2483,
-446,5278,2482,
-702,4916,2520,
-872,4319,2524,
-1188,3816,2489,
-1484,3058,2337,
-1905,2455,2190,
-2091,2159,2009,
-2261,1795,2010,
-2489,1524,1949,
-2618,1485,1852,
-2735,1463,1813,
-2908,1460,1742,
-3257,1407,1647,
-3397,1267,1482,
-3698,1211,1323,
-4039,1143,1170,
-4190,1174,1003,
-4542,1283,926,
-4706,1461,807,
-4768,1821,720,
-4811,2240,632,
-4784,2545,620,
-4705,2974,622,
-4509,3590,613,
-4145,4008,681,
-3885,4707,658,
-3352,5317,667,
-2941,5546,650,
-2548,5848,660,
-1908,5904,560,
-1602,5847,404,
-1201,5740,387,
-938,5583,375,
-774,5431,255,
-578,5345,198,
-368,5328,113,
-275,5354,13,
-125,5383,-112,
-55,5433,-173,
60,5468,-233,
42,5412,-251,
59,5063,-319,
-126,4457,-929,
-964,3223,-1191,
-1632,2570,-1572,
-1549,2286,-1797,
-819,2399,-1879,
-40,2536,-1902,
497,2719,-1741,
783,3042,-1572,
1094,3206,-1353,
1244,3489,-1143,
1377,3787,-1078,
1569,3958,-848,
1807,4267,-578,
2323,4633,-431,
2861,4791,-106,
3161,4984,248,
3595,5047,485,
3961,4999,684,
4092,4965,869,
4355,4727,1045,
4556,4386,1229,
4874,3900,1355,
5193,3344,2364,
5054,3012,2233,
4206,2716,2275,
3234,1735,2329,
2126,1859,1971,
1439,2084,1608,
1170,1781,1833,
378,1990,1679,
-422,1987,1682,
-899,2039,1637,
-1437,1724,1688,
-1962,1406,1681,
-2285,1546,1274,
-1811,1971,878,
-1084,2011,837,
-1099,1966,817,
-1156,2114,698,
-1123,2746,500,
-969,3537,427,
-747,4025,381,
-710,4578,522,
-995,4842,592,
-1351,4962,677,
-1938,5001,700,
-2674,5048,743,
-3131,5212,742,
-3714,5352,799,
-4089,5506,875,
-4242,5662,945,
-4399,5714,987,
-4583,5680,1038,
-4620,5539,1068,
-4631,5345,1111,
-4450,5141,1135,
-4246,4833,1049,
-3879,4475,971,
-3371,4246,914,
-3016,4016,876,
-2399,3860,793,
-2096,3523,639,
-1552,3210,522,
-1039,2973,198,
-668,2615,-192,
-128,2372,-408,
402,2326,-749,
765,2227,-943,
1149,2188,-1170,
1295,2183,-1360,
1248,2101,-1455,
1025,2084,-1567,
795,1861,-1602,
575,1653,-1649,
369,1495,-1723,
211,1295,-1855,
-205,1348,-1919,
-527,1329,-2022,
-610,1318,-2158,
-732,1406,-2168,
-1061,1487,-2100,
-1243,1750,-2000,
-1494,2013,-1882,
-1606,2221,-1792,
-1615,2345,-1734,
-1598,2367,-1762,
-1559,2449,-1765,
-1372,2414,-1764,
-1014,2380,-1874,
-822,2350,-1823,
-481,2456,-1784,
14,2607,-1791,
393,2953,-1755,
946,3436,-1746,
1328,3775,-1741,
1602,4290,-1737,
1816,4773,-1755,
1890,5063,-1737,
2050,5580,-1700,
2380,6011,-1614,
2408,6224,-1532,
2377,6627,-1533,
2283,7082,-1547,
2274,7361,-1649,
2258,7733,-1734,
2313,8211,-1715,
2413,8483,-1647,
2425,8689,-1457,
2334,8779,-1107,
2241,8764,-736,
2238,8798,-498,
2222,8783,-215,
2183,8733,80,
2119,8685,217,
2116,8681,531,
2109,8558,717,
2090,8420,1037,
1998,8107,1340,
1774,7633,1510,
1628,7306,1791,
1555,6738,2053,
1553,6129,2235,
1385,5767,2467,
1320,5230,2524,
1418,4735,2575,
1421,4450,2669,
1471,4192,2685,
1499,4132,2785,
1505,4050,2838,
1435,4092,2936,
1390,4148,2979,
1390,4165,2969,
1256,4256,2958,
1197,4265,2886,
1063,4294,2853,
907,4258,2853,
829,4224,2818,
760,4197,2877,
765,4187,2784,
819,4144,2641,
943,4149,2302,
1053,4142,1725,
1344,4326,1292,
1486,4395,598,
1466,4762,202,
1450,5073,-235,
1475,5389,-639,
1541,5745,-907,
1409,5890,-1389,
1385,6112,-1903,
1485,6255,-2369,
1594,6309,-2985,
1597,6482,-3617,
1615,6688,-3977,
1553,6870,-4530,
1530,7105,-4976,
1515,7252,-5194,
1404,7280,-5329,
1456,7263,-5223,
1411,7285,-4979,
1508,7245,-4733,
1439,7162,-4416,
1365,6897,-4200,
1316,6612,-3951,
1194,6022,-3750,
892,5454,-3591,
556,5168,-3271,
363,4546,-2963,
34,4011,-2718,
-181,3538,-2432,
-325,2827,-2188,
-351,1987,-1856,
-450,1378,-1481,
-531,381,-1081,
-767,-818,-830,
-1028,-1635,-411,
-1303,-2767,47,
-1767,-3883,407,
-2429,-4689,835,
-2892,-5149,1635,
-10341,-5454,8700,
-10112,-6698,6698,
-9420,-8346,7439,
-10148,-9862,8341,
-9858,-10921,8750,
-9000,-11724,9348,
-8264,-12683,9730,
-7862,-13184,9985,
-7712,-12973,10105,
-8032,-12542,9987,
-8103,-12037,9609,
-7927,-10869,9000,
-7894,-9477,8524,
-7860,-8085,7922,
-6948,-5760,11296,
-3381,-2922,8958,
-1704,-1437,5653,
882,317,3183,
2100,1572,2646,
1650,2790,2094,
504,3237,1053,
-167,4185,139,
-1540,4782,-459,
-2632,4938,-1417,
-2764,5098,-2136,
-2569,5200,-2462,
-2447,5138,-2606,
-2520,5121,-2414,
-2601,4986,-2368,
-2468,4929,-2540,
-2684,4968,-2903,
-2987,4942,-3378,
-3115,4684,-4020,
-3247,4528,-4395,
-3111,4488,-4858,
-2611,4497,-5265,
-2182,4402,-5441,
-1568,4295,-5459,
-1226,4069,-5320,
-1031,3651,-5137,
-942,3123,-4905,
-1045,2696,-4365,
-1182,2146,-3762,
-1159,1583,-2965,
-860,1052,-2426,
-408,709,-1495,
-70,91,-467,
433,-503,243,
762,-930,1370,
1134,-1547,2153,
1378,-1951,3145,
1470,-2416,4068,
1223,-2551,4556,
1122,-2760,5134,
1105,-2840,5465,
1179,-2736,5638,
1034,-2684,5859,
1061,-2592,5944,
1207,-2473,5895,
1283,-2454,5853,
1324,-2345,5778,
1276,-2135,5672,
1345,-1988,5355,
1319,-1660,4945,
1249,-1315,4623,
1033,-1033,4140,
928,-569,3505,
701,-137,3067,
541,62,2506,
395,220,2107,
261,278,1679,
222,165,1426,
164,41,1151,
123,-204,1096,
6,-305,970,
-27,-529,900,
-143,-599,767,
-194,-625,642,
-247,-593,457,
-352,-450,203,
-475,-308,-29,
-602,-215,-519,
-754,-69,-942,
-1052,14,-1684,
-1192,201,-2480,
-1363,388,-3050,
-1585,594,-3981,
-1676,833,-4839,
-1814,1080,-5410,
-1901,1250,-6268,
-2125,1449,-7111,
-2222,1656,-7664,
-2438,1754,-8499,
-2638,1813,-9152,
-2724,1873,-9673,
-2741,1809,-9809,
-2495,1543,-9503,
-2037,1313,-8810,
-1671,918,-7868,
-1168,485,-7230,
-856,220,-6289,
-763,-134,-5521,
-638,-498,-4960,
-606,-785,-4089,
-581,-1213,-3156,
-513,-1638,-2608,
-403,-2047,-1780,
-313,-2229,-1133,
-235,-2469,-581,
-143,-2702,-355,
-76,-2826,65,
24,-3013,204,
80,-3124,511,
191,-3324,780,
295,-3475,937,
352,-3559,1211,
457,-3528,1309,
480,-3539,1503,
525,-3394,1553,
439,-3183,1631,
394,-3006,1584,
344,-2736,1520,
251,-2426,1436,
241,-2220,1267,
223,-1949,1147,
249,-1782,1066,
251,-1578,930,
262,-1381,904,
357,-1239,860,
343,-1134,774,
396,-1010,698,
438,-884,716,
483,-789,759,
499,-739,855,
514,-745,873,
488,-782,966,
453,-896,1096,
459,-969,1099,
428,-1175,1113,
374,-1294,1143,
348,-1468,1117,
386,-1706,1077,
398,-1811,981,
422,-1807,684,
308,-1731,362,
174,-1625,-236,
8,-1372,-636,
-154,-1194,-1283,
-358,-813,-1901,
-575,-391,-2284,
-797,-126,-2802,
-980,251,-3309,
-1218,455,-3593,
-1457,585,-3960,
-1577,651,-4286,
-1698,537,-4405,
-1747,475,-4348,
-1632,374,-4074,
-1445,379,-3875,
-1168,402,-3559,
-1084,507,-3368,
-982,655,-3215,
-1045,727,-3058,
-1014,795,-2758,
-1031,758,-2461,
-967,717,-1962,
-906,643,-1404,
-780,513,-993,
-561,444,-441,
-441,329,-46,
-278,225,439,
-138,81,748,
-92,-34,1184,
-36,-222,1551,
18,-363,1813,
130,-581,2239,
289,-839,2510,
508,-998,2924,
634,-1170,3140,
806,-1310,3465,
937,-1409,3658,
1009,-1504,3752,
1090,-1529,3836,
1107,-1661,3946,
1183,-1856,4047,
1248,-1976,4237,
1271,-2307,4408,
1371,-2542,4498,
1354,-2793,4509,
1326,-3019,4361,
1220,-3194,4316,
990,-3163,4186,
858,-3111,3999,
723,-2954,3856,
589,-2805,3646,
459,-2630,3429,
400,-2356,3258,
206,-2149,3038,
50,-1838,2839,
-316,-1549,2490,
-551,-1116,1978,
-974,-685,1623,
-1364,-379,1114,
-1836,177,487,
-2326,703,15,
-2659,1076,-643,
-2848,1567,-1089,
-3118,1952,-1618,
-3353,2140,-1991,
-3544,2434,-2313,
-3762,2631,-2434,
-3963,2799,-2656,
-4194,2882,-2774,
-4326,3019,-2967,
-4500,3088,-3143,
-4680,3069,-3255,
-4787,3011,-3336,
-4813,2761,-3110,
-4633,2527,-2899,
-4341,2263,-2397,
-4088,1898,-1862,
-3918,1571,-1332,
-3737,1211,-1066,
-3673,1011,-616,
-3733,632,-231,
-3719,369,-28,
-3724,191,338,
-3643,-107,606,
-3426,-296,856,
-3129,-498,1136,
-2997,-721,1377,
-2849,-872,1672,
-2641,-1000,1924,
-2547,-1244,2136,
-2443,-1519,2337,
-2412,-1674,2564,
-2325,-1868,2734,
-2226,-2070,2863,
-2182,-2201,3061,
-2207,-2250,3099,
-2191,-2241,3051,
-2089,-2184,3007,
-2058,-2108,2852,
-2035,-2034,2685,
-1931,-1909,2467,
-1966,-1656,2299,
-1928,-1427,1913,
-1877,-1320,1580,
-1934,-1148,1266,
-2049,-896,1111,
-2030,-792,902,
-1966,-540,739,
-1912,-353,637,
-1817,-201,468,
-1827,1,354,
-1763,146,262,
-1822,387,-24,
-1796,623,-226,
-1857,767,-550,
-1888,1041,-728,
-1937,1251,-1139,
-1990,1327,-1523,
-2004,1433,-1909,
-2088,1600,-2079,
-2197,1692,-2378,
-2263,1780,-2660,
-2300,2013,-2882,
-2274,2155,-2986,
-2340,2209,-2956,
-2274,2401,-2798,
-2120,2479,-2694,
-1879,2475,-2579,
-1778,2480,-2329,
-1641,2466,-2162,
-1457,2326,-1933,
-1354,2233,-1838,
-1287,2167,-1722,
-1248,2065,-1499,
-1162,1998,-1400,
-1014,1902,-1144,
-772,1800,-706,
-492,1539,-131,
-45,1211,324,
357,938,1039,
586,500,1480,
805,136,2155,
924,-217,2479,
1122,-449,2928,
1162,-709,3324,
1281,-900,3520,
1497,-974,3749,
1667,-1089,3822,
1792,-1084,3872,
1878,-1078,3891,
1950,-988,3878,
1953,-866,3855,
1965,-805,3717,
2023,-690,3661,
2100,-666,3515,
2188,-596,3370,
2252,-449,3196,
2375,-332,2931,
2403,-39,2633,
2468,296,2427,
2419,478,2020,
2386,791,1811,
2307,1008,1467,
2281,1276,1066,
2181,1510,826,
2082,1636,472,
2050,1819,238,
1989,1924,-32,
1966,2053,-306,
1884,2223,-484,
1879,2255,-739,
1835,2415,-872,
1604,2594,-990,
1659,2753,-1234,
1717,2872,-1367,
1584,2928,-1554,
1540,2946,-1663,
1507,3036,-1711,
1354,3047,-1902,
1371,3005,-2011,
1230,3078,-2083,
1057,3048,-2298,
901,2971,-2495,
769,2956,-2690,
551,2912,-2984,
432,2883,-3321,
228,2862,-3477,
153,2833,-3598,
210,2759,-3429,
316,2565,-3174,
586,2444,-2776,
869,2232,-2393,
1062,2053,-1895,
1230,1911,-1445,
1277,1766,-1166,
1302,1591,-773,
1252,1518,-471,
1274,1321,-275,
1167,1141,-82,
1144,975,177,
1171,808,368,
1227,748,679,
1354,651,905,
1461,615,1221,
1506,614,1406,
1660,608,1656,
1640,532,1826,
1673,530,2041,
1664,525,2157,
1678,614,2160,
1649,649,2136,
1581,763,2046,
1586,799,1980,
1502,825,1870,
1416,855,1853,
1333,886,1746,
1193,965,1714,
1050,952,1575,
1003,940,1497,
909,930,1402,
809,918,1333,
755,869,1305,
791,774,1290,
734,704,1292,
696,596,1218,
613,518,1208,
462,480,1082,
324,365,957,
171,374,789,
7,321,745,
-116,319,571,
-216,342,497,
-223,390,449,
-392,387,421,
-491,418,391,
-570,400,381,
-618,420,394,
-574,456,326,
-415,447,291,
-441,402,331,
-521,352,466,
-522,231,543,
-564,170,755,
-600,66,858,
-832,-42,900,
-969,-138,874,
-1135,-147,746,
-1258,-113,551,
-1317,-112,409,
-1429,-105,268,
-1487,-38,106,
-1663,204,-27,
-1810,320,-299,
-1849,490,-494,
-1908,800,-761,
-1940,901,-1017,
-1927,1119,-1167,
-1889,1138,-1313,
-1921,1120,-1327,
-1999,1087,-1248,
-2053,1068,-1184,
-2151,973,-1087,
-2272,923,-1031,
-2260,871,-964,
-2239,785,-770,
-2066,525,-295,
-1926,272,80,
-1741,47,743,
-1548,-282,1184,
-1369,-466,1740,
-1044,-753,2231,
-871,-1071,2527,
-709,-1269,2943,
-657,-1500,3390,
-574,-1777,3560,
-494,-1838,3770,
-583,-1977,3924,
-609,-2084,3974,
-799,-2148,4084,
-863,-2107,4048,
-890,-2002,4035,
-992,-1909,3917,
-1021,-1749,3808,
-1052,-1643,3591,
-1006,-1613,3448,
-1187,-1497,3306,
-1175,-1458,3065,
-1050,-1416,2919,
-1083,-1469,2670,
-1301,-1432,2582,
-1436,-1473,2513,
-1482,-1527,2438,
-1620,-1528,2326,
-1789,-1505,2286,
-1795,-1523,2129,
-1914,-1440,2110,
-2007,-1363,1938,
-2040,-1300,1828,
-2058,-1211,1661,
-2127,-1105,1536,
-2191,-1072,1327,
-2223,-916,1051,
-2284,-764,804,
-2335,-592,263,
-2399,-428,-381,
-2400,-193,-737,
-2347,1,-1232,
-2357,225,-1689,
-2360,388,-1907,
-2345,523,-2301,
-2416,683,-2643,
-2615,729,-2866,
-2772,807,-3101,
-2805,831,-3226,
-2728,925,-3314,
-2767,956,-3352,
-2715,1069,-3402,
-2636,1153,-3348,
-2606,1258,-3384,
-2618,1321,-3235,
-2581,1368,-3070,
-2404,1347,-2892,
-2141,1286,-2571,
-1895,1130,-2147,
-1724,975,-1656,
-1570,738,-1308,
-1371,648,-816,
-1287,388,-284,
-1160,130,-26,
-984,0,402,
-874,-274,634,
-754,-426,965,
-655,-675,1144,
-612,-808,1385,
-552,-883,1572,
-547,-962,1612,
-514,-948,1630,
-469,-1027,1653,
-403,-1003,1679,
-372,-1047,1658,
-360,-989,1702,
-312,-950,1665,
-344,-975,1663,
-396,-1025,1639,
-407,-1014,1665,
-429,-984,1694,
-436,-872,1644,
-469,-817,1518,
-529,-784,1305,
-573,-600,1178,
-640,-523,915,
-668,-359,622,
-697,-159,483,
-687,-45,222,
-678,167,77,
-638,279,-159,
-635,431,-324,
-574,593,-510,
-553,746,-680,
-481,897,-794,
-434,1012,-928,
-424,1094,-1005,
-320,1216,-1181,
-318,1295,-1289,
-206,1335,-1421,
-105,1354,-1513,
-107,1400,-1586,
7,1490,-1596,
47,1470,-1642,
87,1477,-1583,
95,1444,-1566,
124,1496,-1554,
180,1428,-1566,
274,1449,-1572,
311,1453,-1607,
374,1448,-1625,
390,1468,-1495,
421,1457,-1356,
566,1431,-1049,
731,1333,-507,
858,1165,-178,
1101,1043,387,
1230,753,810,
1361,584,1331,
1414,167,1904,
1345,-109,2209,
1289,-351,2586,
1309,-595,2761,
1423,-728,3071,
1436,-962,3268,
1475,-1040,3338,
1656,-1080,3452,
1769,-1095,3458,
1848,-1111,3401,
1866,-1116,3327,
1861,-1166,3232,
1833,-1236,3117,
1744,-1305,3157,
1728,-1447,3138,
1669,-1521,3260,
1682,-1583,3200,
1689,-1540,3169,
1684,-1456,3036,
1618,-1348,2797,
1567,-1275,2557,
1536,-1092,2351,
1508,-954,2023,
1507,-766,1774,
1455,-601,1540,
1418,-525,1341,
1380,-428,1160,
1371,-382,1016,
1231,-332,831,
1192,-276,653,
1126,-233,561,
1004,-170,376,
884,-121,225,
768,-77,30,
632,-21,-135,
530,28,-312,
378,93,-423,
325,131,-585,
238,186,-652,
220,178,-719,
252,222,-782,
248,300,-991,
158,530,-1152,
23,760,-1549,
-51,1100,-1842,
-232,1356,-2243,
-387,1667,-2719,
-593,1972,-2978,
-747,2126,-3389,
-895,2372,-3690,
-959,2489,-3866,
-948,2581,-3932,
-945,2573,-3932,
-976,2498,-3882,
-935,2482,-3766,
-956,2381,-3640,
-970,2303,-3553,
-1013,2267,-3451,
-1057,2164,-3313,
-1069,2072,-3226,
-1137,1987,-3191,
-1166,1977,-3149,
-1191,1968,-3179,
-1213,1995,-3199,
-1239,2010,-3211,
-1109,2020,-3122,
-899,2019,-2824,
-719,1937,-2550,
-370,1849,-2115,
-93,1765,-1642,
82,1536,-1388,
196,1411,-904,
279,1162,-465,
279,871,-219,
227,660,125,
184,301,293,
191,113,503,
133,-170,647,
112,-384,782,
118,-537,842,
167,-578,944,
234,-569,1020,
276,-570,1115,
290,-578,1157,
406,-546,1222,
400,-640,1285,
411,-765,1370,
405,-844,1454,
428,-942,1507,
393,-1030,1613,
364,-1098,1764,
379,-1169,1793,
291,-1213,1856,
216,-1227,1926,
75,-1224,1925,
37,-1227,1972,
11,-1228,1942,
-78,-1235,1792,
-156,-1246,1616,
-218,-1195,1366,
-239,-1160,1213,
-301,-1080,1100,
-285,-967,881,
-278,-894,720,
-304,-815,642,
-411,-773,551,
-364,-666,488,
-444,-571,397,
-495,-374,258,
-531,-112,153,
-609,-32,-17,
-619,144,-163,
-604,225,-255,
-654,332,-323,
-628,385,-441,
-634,420,-516,
-597,523,-556,
-623,508,-600,
-631,548,-649,
-731,604,-641,
-745,684,-742,
-858,808,-845,
-817,894,-931,
-801,1072,-944,
-655,1182,-838,
-574,1194,-680,
-458,1156,-555,
-386,1103,-358,
-297,1019,-207,
-213,882,-55,
-211,751,162,
-126,658,282,
-31,546,433,
49,407,575,
36,324,712,
144,258,787,
206,197,851,
265,206,912,
333,151,987,
467,151,1033,
545,134,1089,
651,19,1122,
733,-5,1209,
852,-80,1229,
820,-226,1350,
883,-294,1358,
854,-340,1486,
810,-457,1513,
747,-547,1534,
717,-584,1567,
723,-635,1525,
680,-578,1404,
672,-563,1319,
630,-477,1143,
548,-344,1012,
416,-212,760,
355,-69,507,
250,42,289,
125,183,145,
149,304,-139,
99,497,-360,
53,590,-615,
50,727,-848,
-3,831,-1103,
-46,951,-1137,
-10,993,-1248,
-19,1038,-1265,
2,1089,-1272,
48,1017,-1219,
-2,997,-1135,
14,955,-1092,
-21,887,-1026,
-54,911,-961,
-18,907,-1009,
-90,878,-1098,
-152,953,-1217,
-202,1009,-1335,
-228,1019,-1538,
-237,1073,-1658,
-327,1177,-1727,
-266,1193,-1790,
-230,1236,-1861,
-194,1219,-1858,
-122,1172,-1702,
-36,1008,-1531,
61,850,-1334,
90,798,-1131,
78,579,-941,
102,448,-748,
90,184,-585,
-1,27,-349,
47,-218,-164,
129,-358,146,
161,-573,343,
173,-697,634,
213,-818,882,
262,-948,1117,
288,-1035,1348,
327,-1139,1429,
349,-1219,1599,
333,-1320,1708,
313,-1418,1832,
282,-1457,1869,
294,-1521,1894,
212,-1498,1923,
213,-1356,1827,
204,-1232,1790,
223,-1206,1665,
153,-1018,1563,
112,-908,1498,
47,-820,1449,
10,-737,1395,
7,-709,1324,
-5,-653,1275,
-47,-642,1170,
-37,-609,1091,
-139,-614,1049,
-117,-525,989,
